[0m04:44:29.209816 [debug] [MainThread]: Sending event: {'category': 'dbt', 'action': 'invocation', 'label': 'start', 'context': [<snowplow_tracker.self_describing_json.SelfDescribingJson object at 0x10c7d4d30>, <snowplow_tracker.self_describing_json.SelfDescribingJson object at 0x10d5071f0>, <snowplow_tracker.self_describing_json.SelfDescribingJson object at 0x10d571190>]}


============================== 04:44:29.215428 | cf1a6858-fd9f-489d-911b-00708745fb22 ==============================
[0m04:44:29.215428 [info ] [MainThread]: Running with dbt=1.9.0-b2
[0m04:44:29.216129 [debug] [MainThread]: running dbt with arguments {'printer_width': '80', 'indirect_selection': 'eager', 'log_cache_events': 'False', 'write_json': 'True', 'partial_parse': 'True', 'cache_selected_only': 'False', 'profiles_dir': '/Users/charanlobo/.dbt', 'fail_fast': 'False', 'version_check': 'True', 'log_path': 'logs', 'debug': 'False', 'warn_error': 'None', 'use_colors': 'True', 'use_experimental_parser': 'False', 'empty': 'None', 'quiet': 'False', 'no_print': 'None', 'warn_error_options': 'WarnErrorOptions(include=[], exclude=[])', 'static_parser': 'True', 'introspect': 'True', 'invocation_command': 'dbt debug', 'target_path': 'None', 'log_format': 'default', 'send_anonymous_usage_stats': 'True'}
[0m04:44:29.236912 [info ] [MainThread]: dbt version: 1.9.0-b2
[0m04:44:29.237439 [info ] [MainThread]: python version: 3.8.20
[0m04:44:29.237820 [info ] [MainThread]: python path: /Users/charanlobo/anaconda3/envs/new_env/bin/python
[0m04:44:29.238178 [info ] [MainThread]: os info: macOS-10.16-x86_64-i386-64bit
[0m04:44:29.238579 [info ] [MainThread]: Using profiles dir at /Users/charanlobo/.dbt
[0m04:44:29.238939 [info ] [MainThread]: Using profiles.yml file at /Users/charanlobo/.dbt/profiles.yml
[0m04:44:29.239291 [info ] [MainThread]: Using dbt_project.yml file at /Users/charanlobo/dbt_servicenow_project/dbt_project.yml
[0m04:44:29.239668 [info ] [MainThread]: Configuration:
[0m04:44:29.240028 [info ] [MainThread]:   profiles.yml file [[31mERROR not found[0m]
[0m04:44:29.240376 [info ] [MainThread]:   dbt_project.yml file [[31mERROR not found[0m]
[0m04:44:29.240720 [info ] [MainThread]: Required dependencies:
[0m04:44:29.241160 [debug] [MainThread]: Executing "git --help"
[0m04:44:29.306884 [debug] [MainThread]: STDOUT: "b"usage: git [-v | --version] [-h | --help] [-C <path>] [-c <name>=<value>]\n           [--exec-path[=<path>]] [--html-path] [--man-path] [--info-path]\n           [-p | --paginate | -P | --no-pager] [--no-replace-objects] [--bare]\n           [--git-dir=<path>] [--work-tree=<path>] [--namespace=<name>]\n           [--super-prefix=<path>] [--config-env=<name>=<envvar>]\n           <command> [<args>]\n\nThese are common Git commands used in various situations:\n\nstart a working area (see also: git help tutorial)\n   clone     Clone a repository into a new directory\n   init      Create an empty Git repository or reinitialize an existing one\n\nwork on the current change (see also: git help everyday)\n   add       Add file contents to the index\n   mv        Move or rename a file, a directory, or a symlink\n   restore   Restore working tree files\n   rm        Remove files from the working tree and from the index\n\nexamine the history and state (see also: git help revisions)\n   bisect    Use binary search to find the commit that introduced a bug\n   diff      Show changes between commits, commit and working tree, etc\n   grep      Print lines matching a pattern\n   log       Show commit logs\n   show      Show various types of objects\n   status    Show the working tree status\n\ngrow, mark and tweak your common history\n   branch    List, create, or delete branches\n   commit    Record changes to the repository\n   merge     Join two or more development histories together\n   rebase    Reapply commits on top of another base tip\n   reset     Reset current HEAD to the specified state\n   switch    Switch branches\n   tag       Create, list, delete or verify a tag object signed with GPG\n\ncollaborate (see also: git help workflows)\n   fetch     Download objects and refs from another repository\n   pull      Fetch from and integrate with another repository or a local branch\n   push      Update remote refs along with associated objects\n\n'git help -a' and 'git help -g' list available subcommands and some\nconcept guides. See 'git help <command>' or 'git help <concept>'\nto read about a specific subcommand or concept.\nSee 'git help git' for an overview of the system.\n""
[0m04:44:29.307909 [debug] [MainThread]: STDERR: "b''"
[0m04:44:29.308338 [info ] [MainThread]:  - git [[32mOK found[0m]

[0m04:44:29.308751 [info ] [MainThread]: Connection test skipped since no profile was found
[0m04:44:29.309241 [info ] [MainThread]: [31m2 checks failed:[0m
[0m04:44:29.309614 [info ] [MainThread]: dbt looked for a profiles.yml file in /Users/charanlobo/.dbt/profiles.yml, but did
not find one. For more information on configuring your profile, consult the
documentation:

https://docs.getdbt.com/docs/configure-your-profile


[0m04:44:29.309975 [info ] [MainThread]: Project loading failed for the following reason:
 project path </Users/charanlobo/dbt_servicenow_project/dbt_project.yml> not found

[0m04:44:29.313137 [debug] [MainThread]: Resource report: {"command_name": "debug", "command_wall_clock_time": 0.18637607, "process_user_time": 1.519065, "process_kernel_time": 0.288763, "process_mem_max_rss": "89862144", "command_success": false, "process_in_blocks": "0", "process_out_blocks": "0"}
[0m04:44:29.313929 [debug] [MainThread]: Command `dbt debug` failed at 04:44:29.313776 after 0.19 seconds
[0m04:44:29.314540 [debug] [MainThread]: Sending event: {'category': 'dbt', 'action': 'invocation', 'label': 'end', 'context': [<snowplow_tracker.self_describing_json.SelfDescribingJson object at 0x10c7d4d30>, <snowplow_tracker.self_describing_json.SelfDescribingJson object at 0x10d3cc6a0>, <snowplow_tracker.self_describing_json.SelfDescribingJson object at 0x10d5071f0>]}
[0m04:44:29.315135 [debug] [MainThread]: Flushing usage events
[0m04:44:30.753710 [debug] [MainThread]: An error was encountered while trying to flush usage events
[0m04:48:14.814721 [debug] [MainThread]: Sending event: {'category': 'dbt', 'action': 'invocation', 'label': 'start', 'context': [<snowplow_tracker.self_describing_json.SelfDescribingJson object at 0x111368d00>, <snowplow_tracker.self_describing_json.SelfDescribingJson object at 0x1120d3370>, <snowplow_tracker.self_describing_json.SelfDescribingJson object at 0x112104520>]}


============================== 04:48:14.822865 | fde7886c-8701-44f8-a366-62c7b6fcdef2 ==============================
[0m04:48:14.822865 [info ] [MainThread]: Running with dbt=1.9.0-b2
[0m04:48:14.823760 [debug] [MainThread]: running dbt with arguments {'printer_width': '80', 'indirect_selection': 'eager', 'log_cache_events': 'False', 'write_json': 'True', 'partial_parse': 'True', 'cache_selected_only': 'False', 'profiles_dir': '/Users/charanlobo/.dbt', 'version_check': 'True', 'warn_error': 'None', 'log_path': '/Users/charanlobo/dbt_servicenow_project/logs', 'fail_fast': 'False', 'debug': 'False', 'use_colors': 'True', 'use_experimental_parser': 'False', 'empty': 'None', 'quiet': 'False', 'no_print': 'None', 'log_format': 'default', 'introspect': 'True', 'warn_error_options': 'WarnErrorOptions(include=[], exclude=[])', 'invocation_command': 'dbt debug', 'target_path': 'None', 'static_parser': 'True', 'send_anonymous_usage_stats': 'True'}
[0m04:48:14.855315 [info ] [MainThread]: dbt version: 1.9.0-b2
[0m04:48:14.855971 [info ] [MainThread]: python version: 3.8.20
[0m04:48:14.856480 [info ] [MainThread]: python path: /Users/charanlobo/anaconda3/envs/new_env/bin/python
[0m04:48:14.856980 [info ] [MainThread]: os info: macOS-10.16-x86_64-i386-64bit
[0m04:48:14.937460 [info ] [MainThread]: Using profiles dir at /Users/charanlobo/.dbt
[0m04:48:14.938055 [info ] [MainThread]: Using profiles.yml file at /Users/charanlobo/.dbt/profiles.yml
[0m04:48:14.938557 [info ] [MainThread]: Using dbt_project.yml file at /Users/charanlobo/dbt_servicenow_project/dbt_project.yml
[0m04:48:14.939909 [info ] [MainThread]: adapter type: postgres
[0m04:48:14.940493 [info ] [MainThread]: adapter version: 1.8.2
[0m04:48:15.051835 [info ] [MainThread]: Configuration:
[0m04:48:15.052519 [info ] [MainThread]:   profiles.yml file [[32mOK found and valid[0m]
[0m04:48:15.052969 [info ] [MainThread]:   dbt_project.yml file [[32mOK found and valid[0m]
[0m04:48:15.053417 [info ] [MainThread]: Required dependencies:
[0m04:48:15.053990 [debug] [MainThread]: Executing "git --help"
[0m04:48:15.128320 [debug] [MainThread]: STDOUT: "b"usage: git [-v | --version] [-h | --help] [-C <path>] [-c <name>=<value>]\n           [--exec-path[=<path>]] [--html-path] [--man-path] [--info-path]\n           [-p | --paginate | -P | --no-pager] [--no-replace-objects] [--bare]\n           [--git-dir=<path>] [--work-tree=<path>] [--namespace=<name>]\n           [--super-prefix=<path>] [--config-env=<name>=<envvar>]\n           <command> [<args>]\n\nThese are common Git commands used in various situations:\n\nstart a working area (see also: git help tutorial)\n   clone     Clone a repository into a new directory\n   init      Create an empty Git repository or reinitialize an existing one\n\nwork on the current change (see also: git help everyday)\n   add       Add file contents to the index\n   mv        Move or rename a file, a directory, or a symlink\n   restore   Restore working tree files\n   rm        Remove files from the working tree and from the index\n\nexamine the history and state (see also: git help revisions)\n   bisect    Use binary search to find the commit that introduced a bug\n   diff      Show changes between commits, commit and working tree, etc\n   grep      Print lines matching a pattern\n   log       Show commit logs\n   show      Show various types of objects\n   status    Show the working tree status\n\ngrow, mark and tweak your common history\n   branch    List, create, or delete branches\n   commit    Record changes to the repository\n   merge     Join two or more development histories together\n   rebase    Reapply commits on top of another base tip\n   reset     Reset current HEAD to the specified state\n   switch    Switch branches\n   tag       Create, list, delete or verify a tag object signed with GPG\n\ncollaborate (see also: git help workflows)\n   fetch     Download objects and refs from another repository\n   pull      Fetch from and integrate with another repository or a local branch\n   push      Update remote refs along with associated objects\n\n'git help -a' and 'git help -g' list available subcommands and some\nconcept guides. See 'git help <command>' or 'git help <concept>'\nto read about a specific subcommand or concept.\nSee 'git help git' for an overview of the system.\n""
[0m04:48:15.129468 [debug] [MainThread]: STDERR: "b''"
[0m04:48:15.130003 [info ] [MainThread]:  - git [[32mOK found[0m]

[0m04:48:15.130491 [info ] [MainThread]: Connection:
[0m04:48:15.131020 [info ] [MainThread]:   host: localhost
[0m04:48:15.131447 [info ] [MainThread]:   port: 5432
[0m04:48:15.131850 [info ] [MainThread]:   user: postgres
[0m04:48:15.132252 [info ] [MainThread]:   database: db
[0m04:48:15.132653 [info ] [MainThread]:   schema: analytics
[0m04:48:15.133063 [info ] [MainThread]:   connect_timeout: 10
[0m04:48:15.133488 [info ] [MainThread]:   role: None
[0m04:48:15.133903 [info ] [MainThread]:   search_path: None
[0m04:48:15.134311 [info ] [MainThread]:   keepalives_idle: 0
[0m04:48:15.134748 [info ] [MainThread]:   sslmode: None
[0m04:48:15.135179 [info ] [MainThread]:   sslcert: None
[0m04:48:15.135602 [info ] [MainThread]:   sslkey: None
[0m04:48:15.136024 [info ] [MainThread]:   sslrootcert: None
[0m04:48:15.136442 [info ] [MainThread]:   application_name: dbt
[0m04:48:15.136864 [info ] [MainThread]:   retries: 1
[0m04:48:15.137721 [info ] [MainThread]: Registered adapter: postgres=1.8.2
[0m04:48:15.144399 [debug] [MainThread]: Acquiring new postgres connection 'debug'
[0m04:48:15.197003 [debug] [MainThread]: Using postgres connection "debug"
[0m04:48:15.197512 [debug] [MainThread]: On debug: select 1 as id
[0m04:48:15.197880 [debug] [MainThread]: Opening a new connection, currently in state init
[0m04:48:15.243474 [debug] [MainThread]: SQL status: SELECT 1 in 0.045 seconds
[0m04:48:15.245400 [debug] [MainThread]: On debug: Close
[0m04:48:15.246294 [info ] [MainThread]:   Connection test: [[32mOK connection ok[0m]

[0m04:48:15.247073 [info ] [MainThread]: [32mAll checks passed![0m
[0m04:48:15.250552 [debug] [MainThread]: Resource report: {"command_name": "debug", "command_success": true, "command_wall_clock_time": 0.51786685, "process_user_time": 1.672806, "process_kernel_time": 0.309182, "process_mem_max_rss": "101855232", "process_in_blocks": "0", "process_out_blocks": "0"}
[0m04:48:15.251625 [debug] [MainThread]: Command `dbt debug` succeeded at 04:48:15.251431 after 0.52 seconds
[0m04:48:15.252257 [debug] [MainThread]: Connection 'debug' was properly closed.
[0m04:48:15.252890 [debug] [MainThread]: Sending event: {'category': 'dbt', 'action': 'invocation', 'label': 'end', 'context': [<snowplow_tracker.self_describing_json.SelfDescribingJson object at 0x111368d00>, <snowplow_tracker.self_describing_json.SelfDescribingJson object at 0x1120dc040>, <snowplow_tracker.self_describing_json.SelfDescribingJson object at 0x112449460>]}
[0m04:48:15.253639 [debug] [MainThread]: Flushing usage events
[0m04:48:16.273867 [debug] [MainThread]: An error was encountered while trying to flush usage events
[0m04:55:20.479298 [debug] [MainThread]: Sending event: {'category': 'dbt', 'action': 'invocation', 'label': 'start', 'context': [<snowplow_tracker.self_describing_json.SelfDescribingJson object at 0x10b89fd00>, <snowplow_tracker.self_describing_json.SelfDescribingJson object at 0x10c5d2700>, <snowplow_tracker.self_describing_json.SelfDescribingJson object at 0x10c63cfa0>]}


============================== 04:55:20.484742 | a5fc9989-e467-412c-9555-854ddbaae361 ==============================
[0m04:55:20.484742 [info ] [MainThread]: Running with dbt=1.9.0-b2
[0m04:55:20.485412 [debug] [MainThread]: running dbt with arguments {'printer_width': '80', 'indirect_selection': 'eager', 'log_cache_events': 'False', 'write_json': 'True', 'partial_parse': 'True', 'cache_selected_only': 'False', 'warn_error': 'None', 'version_check': 'True', 'fail_fast': 'False', 'log_path': '/Users/charanlobo/dbt_servicenow_project/logs', 'debug': 'False', 'profiles_dir': '/Users/charanlobo/.dbt', 'use_colors': 'True', 'use_experimental_parser': 'False', 'empty': 'False', 'quiet': 'False', 'no_print': 'None', 'log_format': 'default', 'invocation_command': 'dbt run --model check', 'static_parser': 'True', 'warn_error_options': 'WarnErrorOptions(include=[], exclude=[])', 'target_path': 'None', 'introspect': 'True', 'send_anonymous_usage_stats': 'True'}
[0m04:55:20.710241 [debug] [MainThread]: Sending event: {'category': 'dbt', 'action': 'project_id', 'label': 'a5fc9989-e467-412c-9555-854ddbaae361', 'context': [<snowplow_tracker.self_describing_json.SelfDescribingJson object at 0x10a216040>]}
[0m04:55:20.776433 [debug] [MainThread]: Sending event: {'category': 'dbt', 'action': 'adapter_info', 'label': 'a5fc9989-e467-412c-9555-854ddbaae361', 'context': [<snowplow_tracker.self_describing_json.SelfDescribingJson object at 0x10c895b80>]}
[0m04:55:20.777929 [info ] [MainThread]: Registered adapter: postgres=1.8.2
[0m04:55:20.803424 [debug] [MainThread]: checksum: 4cfbbe2a671212f062e88a43cba5322b30b7e3e8e91b953aa4de249eeaade60f, vars: {}, profile: , target: , version: 1.9.0b2
[0m04:55:20.804525 [info ] [MainThread]: Unable to do partial parsing because saved manifest not found. Starting full parse.
[0m04:55:20.805034 [debug] [MainThread]: Sending event: {'category': 'dbt', 'action': 'partial_parser', 'label': 'a5fc9989-e467-412c-9555-854ddbaae361', 'context': [<snowplow_tracker.self_describing_json.SelfDescribingJson object at 0x10cb6c910>]}
[0m04:55:21.899322 [error] [MainThread]: Encountered an error:
Compilation Error
  Model 'model.servicenow_analytics.check' (models/staging/check.sql) depends on a source named 'raw.servicenow_tickets_raw' which was not found
[0m04:55:21.901959 [debug] [MainThread]: Resource report: {"command_name": "run", "command_wall_clock_time": 1.5058914, "process_user_time": 2.761644, "process_kernel_time": 0.344737, "process_mem_max_rss": "101847040", "command_success": false, "process_in_blocks": "0", "process_out_blocks": "0"}
[0m04:55:21.902762 [debug] [MainThread]: Command `dbt run` failed at 04:55:21.902624 after 1.51 seconds
[0m04:55:21.903260 [debug] [MainThread]: Sending event: {'category': 'dbt', 'action': 'invocation', 'label': 'end', 'context': [<snowplow_tracker.self_describing_json.SelfDescribingJson object at 0x10b89fd00>, <snowplow_tracker.self_describing_json.SelfDescribingJson object at 0x10cda69d0>, <snowplow_tracker.self_describing_json.SelfDescribingJson object at 0x10d327640>]}
[0m04:55:21.903711 [debug] [MainThread]: Flushing usage events
[0m04:55:22.918907 [debug] [MainThread]: An error was encountered while trying to flush usage events
[0m04:57:55.016637 [debug] [MainThread]: Sending event: {'category': 'dbt', 'action': 'invocation', 'label': 'start', 'context': [<snowplow_tracker.self_describing_json.SelfDescribingJson object at 0x1071f0d00>, <snowplow_tracker.self_describing_json.SelfDescribingJson object at 0x107f23700>, <snowplow_tracker.self_describing_json.SelfDescribingJson object at 0x107f8dfa0>]}


============================== 04:57:55.023285 | 70ba2121-4860-4313-a285-255bf57f4ece ==============================
[0m04:57:55.023285 [info ] [MainThread]: Running with dbt=1.9.0-b2
[0m04:57:55.024314 [debug] [MainThread]: running dbt with arguments {'printer_width': '80', 'indirect_selection': 'eager', 'write_json': 'True', 'log_cache_events': 'False', 'partial_parse': 'True', 'cache_selected_only': 'False', 'profiles_dir': '/Users/charanlobo/.dbt', 'debug': 'False', 'warn_error': 'None', 'log_path': '/Users/charanlobo/dbt_servicenow_project/logs', 'fail_fast': 'False', 'version_check': 'True', 'use_colors': 'True', 'use_experimental_parser': 'False', 'no_print': 'None', 'quiet': 'False', 'empty': 'False', 'log_format': 'default', 'invocation_command': 'dbt run --model check', 'introspect': 'True', 'static_parser': 'True', 'target_path': 'None', 'warn_error_options': 'WarnErrorOptions(include=[], exclude=[])', 'send_anonymous_usage_stats': 'True'}
[0m04:57:55.289177 [debug] [MainThread]: Sending event: {'category': 'dbt', 'action': 'project_id', 'label': '70ba2121-4860-4313-a285-255bf57f4ece', 'context': [<snowplow_tracker.self_describing_json.SelfDescribingJson object at 0x105b36040>]}
[0m04:57:55.360940 [debug] [MainThread]: Sending event: {'category': 'dbt', 'action': 'adapter_info', 'label': '70ba2121-4860-4313-a285-255bf57f4ece', 'context': [<snowplow_tracker.self_describing_json.SelfDescribingJson object at 0x1081dfb80>]}
[0m04:57:55.362901 [info ] [MainThread]: Registered adapter: postgres=1.8.2
[0m04:57:55.383231 [debug] [MainThread]: checksum: 4cfbbe2a671212f062e88a43cba5322b30b7e3e8e91b953aa4de249eeaade60f, vars: {}, profile: , target: , version: 1.9.0b2
[0m04:57:55.384299 [info ] [MainThread]: Unable to do partial parsing because saved manifest not found. Starting full parse.
[0m04:57:55.384770 [debug] [MainThread]: Sending event: {'category': 'dbt', 'action': 'partial_parser', 'label': '70ba2121-4860-4313-a285-255bf57f4ece', 'context': [<snowplow_tracker.self_describing_json.SelfDescribingJson object at 0x1083b5910>]}
[0m04:57:56.722741 [debug] [MainThread]: Sending event: {'category': 'dbt', 'action': 'load_project', 'label': '70ba2121-4860-4313-a285-255bf57f4ece', 'context': [<snowplow_tracker.self_describing_json.SelfDescribingJson object at 0x108c5c040>]}
[0m04:57:56.838433 [debug] [MainThread]: Sending event: {'category': 'dbt', 'action': 'resource_counts', 'label': '70ba2121-4860-4313-a285-255bf57f4ece', 'context': [<snowplow_tracker.self_describing_json.SelfDescribingJson object at 0x108d1bca0>]}
[0m04:57:56.839044 [info ] [MainThread]: Found 1 model, 1 source, 423 macros
[0m04:57:56.839464 [debug] [MainThread]: Sending event: {'category': 'dbt', 'action': 'runnable_timing', 'label': '70ba2121-4860-4313-a285-255bf57f4ece', 'context': [<snowplow_tracker.self_describing_json.SelfDescribingJson object at 0x108c2c820>]}
[0m04:57:56.840756 [info ] [MainThread]: 
[0m04:57:56.841220 [info ] [MainThread]: Concurrency: 4 threads (target='dev')
[0m04:57:56.841583 [info ] [MainThread]: 
[0m04:57:56.842149 [debug] [MainThread]: Acquiring new postgres connection 'master'
[0m04:57:56.843083 [debug] [ThreadPool]: Acquiring new postgres connection 'list_db'
[0m04:57:56.903687 [debug] [ThreadPool]: Using postgres connection "list_db"
[0m04:57:56.904166 [debug] [ThreadPool]: On list_db: /* {"app": "dbt", "dbt_version": "1.9.0b2", "profile_name": "servicenow_analytics", "target_name": "dev", "connection_name": "list_db"} */

    select distinct nspname from pg_namespace
  
[0m04:57:56.904525 [debug] [ThreadPool]: Opening a new connection, currently in state init
[0m04:57:56.944254 [debug] [ThreadPool]: SQL status: SELECT 4 in 0.040 seconds
[0m04:57:56.945649 [debug] [ThreadPool]: On list_db: Close
[0m04:57:56.946451 [debug] [ThreadPool]: Re-using an available connection from the pool (formerly list_db, now create_db_analytics_analytics)
[0m04:57:56.947021 [debug] [ThreadPool]: Creating schema "database: "db"
schema: "analytics_analytics"
"
[0m04:57:56.952788 [debug] [ThreadPool]: Using postgres connection "create_db_analytics_analytics"
[0m04:57:56.953222 [debug] [ThreadPool]: On create_db_analytics_analytics: BEGIN
[0m04:57:56.953560 [debug] [ThreadPool]: Opening a new connection, currently in state closed
[0m04:57:56.966754 [debug] [ThreadPool]: SQL status: BEGIN in 0.013 seconds
[0m04:57:56.967204 [debug] [ThreadPool]: Using postgres connection "create_db_analytics_analytics"
[0m04:57:56.967571 [debug] [ThreadPool]: On create_db_analytics_analytics: /* {"app": "dbt", "dbt_version": "1.9.0b2", "profile_name": "servicenow_analytics", "target_name": "dev", "connection_name": "create_db_analytics_analytics"} */
create schema if not exists "analytics_analytics"
[0m04:57:56.971252 [debug] [ThreadPool]: SQL status: CREATE SCHEMA in 0.003 seconds
[0m04:57:56.972304 [debug] [ThreadPool]: On create_db_analytics_analytics: COMMIT
[0m04:57:56.972675 [debug] [ThreadPool]: Using postgres connection "create_db_analytics_analytics"
[0m04:57:56.973025 [debug] [ThreadPool]: On create_db_analytics_analytics: COMMIT
[0m04:57:56.974408 [debug] [ThreadPool]: SQL status: COMMIT in 0.001 seconds
[0m04:57:56.974847 [debug] [ThreadPool]: On create_db_analytics_analytics: Close
[0m04:57:56.976098 [debug] [ThreadPool]: Re-using an available connection from the pool (formerly create_db_analytics_analytics, now list_db_analytics_analytics)
[0m04:57:56.982391 [debug] [ThreadPool]: Using postgres connection "list_db_analytics_analytics"
[0m04:57:56.982925 [debug] [ThreadPool]: On list_db_analytics_analytics: BEGIN
[0m04:57:56.983297 [debug] [ThreadPool]: Opening a new connection, currently in state closed
[0m04:57:56.995616 [debug] [ThreadPool]: SQL status: BEGIN in 0.012 seconds
[0m04:57:56.996056 [debug] [ThreadPool]: Using postgres connection "list_db_analytics_analytics"
[0m04:57:56.996442 [debug] [ThreadPool]: On list_db_analytics_analytics: /* {"app": "dbt", "dbt_version": "1.9.0b2", "profile_name": "servicenow_analytics", "target_name": "dev", "connection_name": "list_db_analytics_analytics"} */
select
      'db' as database,
      tablename as name,
      schemaname as schema,
      'table' as type
    from pg_tables
    where schemaname ilike 'analytics_analytics'
    union all
    select
      'db' as database,
      viewname as name,
      schemaname as schema,
      'view' as type
    from pg_views
    where schemaname ilike 'analytics_analytics'
    union all
    select
      'db' as database,
      matviewname as name,
      schemaname as schema,
      'materialized_view' as type
    from pg_matviews
    where schemaname ilike 'analytics_analytics'
  
[0m04:57:57.009908 [debug] [ThreadPool]: SQL status: SELECT 0 in 0.013 seconds
[0m04:57:57.011196 [debug] [ThreadPool]: On list_db_analytics_analytics: ROLLBACK
[0m04:57:57.011756 [debug] [ThreadPool]: On list_db_analytics_analytics: Close
[0m04:57:57.016192 [debug] [MainThread]: Using postgres connection "master"
[0m04:57:57.016636 [debug] [MainThread]: On master: BEGIN
[0m04:57:57.016983 [debug] [MainThread]: Opening a new connection, currently in state init
[0m04:57:57.029263 [debug] [MainThread]: SQL status: BEGIN in 0.012 seconds
[0m04:57:57.029700 [debug] [MainThread]: Using postgres connection "master"
[0m04:57:57.030148 [debug] [MainThread]: On master: /* {"app": "dbt", "dbt_version": "1.9.0b2", "profile_name": "servicenow_analytics", "target_name": "dev", "connection_name": "master"} */
with relation as (
        select
            pg_rewrite.ev_class as class,
            pg_rewrite.oid as id
        from pg_rewrite
    ),
    class as (
        select
            oid as id,
            relname as name,
            relnamespace as schema,
            relkind as kind
        from pg_class
    ),
    dependency as (
        select distinct
            pg_depend.objid as id,
            pg_depend.refobjid as ref
        from pg_depend
    ),
    schema as (
        select
            pg_namespace.oid as id,
            pg_namespace.nspname as name
        from pg_namespace
        where nspname != 'information_schema' and nspname not like 'pg\_%'
    ),
    referenced as (
        select
            relation.id AS id,
            referenced_class.name ,
            referenced_class.schema ,
            referenced_class.kind
        from relation
        join class as referenced_class on relation.class=referenced_class.id
        where referenced_class.kind in ('r', 'v', 'm')
    ),
    relationships as (
        select
            referenced.name as referenced_name,
            referenced.schema as referenced_schema_id,
            dependent_class.name as dependent_name,
            dependent_class.schema as dependent_schema_id,
            referenced.kind as kind
        from referenced
        join dependency on referenced.id=dependency.id
        join class as dependent_class on dependency.ref=dependent_class.id
        where
            (referenced.name != dependent_class.name or
             referenced.schema != dependent_class.schema)
    )

    select
        referenced_schema.name as referenced_schema,
        relationships.referenced_name as referenced_name,
        dependent_schema.name as dependent_schema,
        relationships.dependent_name as dependent_name
    from relationships
    join schema as dependent_schema on relationships.dependent_schema_id=dependent_schema.id
    join schema as referenced_schema on relationships.referenced_schema_id=referenced_schema.id
    group by referenced_schema, referenced_name, dependent_schema, dependent_name
    order by referenced_schema, referenced_name, dependent_schema, dependent_name;
[0m04:57:57.050421 [debug] [MainThread]: SQL status: SELECT 0 in 0.020 seconds
[0m04:57:57.051719 [debug] [MainThread]: Sending event: {'category': 'dbt', 'action': 'runnable_timing', 'label': '70ba2121-4860-4313-a285-255bf57f4ece', 'context': [<snowplow_tracker.self_describing_json.SelfDescribingJson object at 0x108d4b0d0>]}
[0m04:57:57.052263 [debug] [MainThread]: On master: ROLLBACK
[0m04:57:57.052777 [debug] [MainThread]: Using postgres connection "master"
[0m04:57:57.053137 [debug] [MainThread]: On master: BEGIN
[0m04:57:57.053701 [debug] [MainThread]: SQL status: BEGIN in 0.000 seconds
[0m04:57:57.054076 [debug] [MainThread]: On master: COMMIT
[0m04:57:57.054422 [debug] [MainThread]: Using postgres connection "master"
[0m04:57:57.054756 [debug] [MainThread]: On master: COMMIT
[0m04:57:57.055227 [debug] [MainThread]: SQL status: COMMIT in 0.000 seconds
[0m04:57:57.055617 [debug] [MainThread]: On master: Close
[0m04:57:57.058516 [debug] [Thread-1  ]: Began running node model.servicenow_analytics.check
[0m04:57:57.059168 [info ] [Thread-1  ]: 1 of 1 START sql table model analytics_analytics.check ......................... [RUN]
[0m04:57:57.059740 [debug] [Thread-1  ]: Re-using an available connection from the pool (formerly list_db_analytics_analytics, now model.servicenow_analytics.check)
[0m04:57:57.060182 [debug] [Thread-1  ]: Began compiling node model.servicenow_analytics.check
[0m04:57:57.069354 [debug] [Thread-1  ]: Writing injected SQL for node "model.servicenow_analytics.check"
[0m04:57:57.070447 [debug] [Thread-1  ]: Began executing node model.servicenow_analytics.check
[0m04:57:57.119214 [debug] [Thread-1  ]: Writing runtime sql for node "model.servicenow_analytics.check"
[0m04:57:57.120370 [debug] [Thread-1  ]: Using postgres connection "model.servicenow_analytics.check"
[0m04:57:57.120804 [debug] [Thread-1  ]: On model.servicenow_analytics.check: BEGIN
[0m04:57:57.121197 [debug] [Thread-1  ]: Opening a new connection, currently in state closed
[0m04:57:57.135971 [debug] [Thread-1  ]: SQL status: BEGIN in 0.015 seconds
[0m04:57:57.136479 [debug] [Thread-1  ]: Using postgres connection "model.servicenow_analytics.check"
[0m04:57:57.136935 [debug] [Thread-1  ]: On model.servicenow_analytics.check: /* {"app": "dbt", "dbt_version": "1.9.0b2", "profile_name": "servicenow_analytics", "target_name": "dev", "node_id": "model.servicenow_analytics.check"} */

  
    

  create  table "db"."analytics_analytics"."check__dbt_tmp"
  
  
    as
  
  (
    

-- Simple ticket count by category
SELECT
    category,                   -- Change to your actual column name
    COUNT(*) AS ticket_count
FROM 
    "db"."public"."servicenow_tickets_raw"
GROUP BY 
    category
ORDER BY 
    ticket_count DESC
  );
  
[0m04:57:57.139525 [debug] [Thread-1  ]: Postgres adapter: Postgres error: column "category" does not exist
LINE 16:     category,                   -- Change to your actual col...
             ^

[0m04:57:57.140101 [debug] [Thread-1  ]: On model.servicenow_analytics.check: ROLLBACK
[0m04:57:57.141322 [debug] [Thread-1  ]: On model.servicenow_analytics.check: Close
[0m04:57:57.151565 [debug] [Thread-1  ]: Database Error in model check (models/staging/check.sql)
  column "category" does not exist
  LINE 16:     category,                   -- Change to your actual col...
               ^
  compiled code at target/run/servicenow_analytics/models/staging/check.sql
[0m04:57:57.153238 [debug] [Thread-1  ]: Sending event: {'category': 'dbt', 'action': 'run_model', 'label': '70ba2121-4860-4313-a285-255bf57f4ece', 'context': [<snowplow_tracker.self_describing_json.SelfDescribingJson object at 0x107f67760>]}
[0m04:57:57.153994 [error] [Thread-1  ]: 1 of 1 ERROR creating sql table model analytics_analytics.check ................ [[31mERROR[0m in 0.09s]
[0m04:57:57.154698 [debug] [Thread-1  ]: Finished running node model.servicenow_analytics.check
[0m04:57:57.155316 [debug] [Thread-7  ]: Marking all children of 'model.servicenow_analytics.check' to be skipped because of status 'error'.  Reason: Database Error in model check (models/staging/check.sql)
  column "category" does not exist
  LINE 16:     category,                   -- Change to your actual col...
               ^
  compiled code at target/run/servicenow_analytics/models/staging/check.sql.
[0m04:57:57.156710 [debug] [MainThread]: Using postgres connection "master"
[0m04:57:57.157112 [debug] [MainThread]: On master: BEGIN
[0m04:57:57.157454 [debug] [MainThread]: Opening a new connection, currently in state closed
[0m04:57:57.169505 [debug] [MainThread]: SQL status: BEGIN in 0.012 seconds
[0m04:57:57.169951 [debug] [MainThread]: On master: COMMIT
[0m04:57:57.170309 [debug] [MainThread]: Using postgres connection "master"
[0m04:57:57.170650 [debug] [MainThread]: On master: COMMIT
[0m04:57:57.171137 [debug] [MainThread]: SQL status: COMMIT in 0.000 seconds
[0m04:57:57.171534 [debug] [MainThread]: On master: Close
[0m04:57:57.172022 [debug] [MainThread]: Connection 'master' was properly closed.
[0m04:57:57.172362 [debug] [MainThread]: Connection 'model.servicenow_analytics.check' was properly closed.
[0m04:57:57.172721 [info ] [MainThread]: 
[0m04:57:57.173171 [info ] [MainThread]: Finished running 1 table model in 0 hours 0 minutes and 0.33 seconds (0.33s).
[0m04:57:57.174075 [debug] [MainThread]: Command end result
[0m04:57:57.206089 [info ] [MainThread]: 
[0m04:57:57.206652 [info ] [MainThread]: [31mCompleted with 1 error, 0 partial successs, and 0 warnings:[0m
[0m04:57:57.207084 [info ] [MainThread]: 
[0m04:57:57.207640 [error] [MainThread]:   Database Error in model check (models/staging/check.sql)
  column "category" does not exist
  LINE 16:     category,                   -- Change to your actual col...
               ^
  compiled code at target/run/servicenow_analytics/models/staging/check.sql
[0m04:57:57.208189 [info ] [MainThread]: 
[0m04:57:57.208732 [info ] [MainThread]: Done. PASS=0 WARN=0 ERROR=1 SKIP=0 TOTAL=1
[0m04:57:57.237858 [debug] [MainThread]: Resource report: {"command_name": "run", "command_wall_clock_time": 2.303726, "process_user_time": 3.270824, "process_kernel_time": 0.354543, "process_mem_max_rss": "112033792", "command_success": false, "process_in_blocks": "0", "process_out_blocks": "0"}
[0m04:57:57.238684 [debug] [MainThread]: Command `dbt run` failed at 04:57:57.238522 after 2.30 seconds
[0m04:57:57.239451 [debug] [MainThread]: Sending event: {'category': 'dbt', 'action': 'invocation', 'label': 'end', 'context': [<snowplow_tracker.self_describing_json.SelfDescribingJson object at 0x1071f0d00>, <snowplow_tracker.self_describing_json.SelfDescribingJson object at 0x107403580>, <snowplow_tracker.self_describing_json.SelfDescribingJson object at 0x108fdc550>]}
[0m04:57:57.248188 [debug] [MainThread]: Flushing usage events
[0m04:57:58.452936 [debug] [MainThread]: An error was encountered while trying to flush usage events
[0m04:59:34.937749 [debug] [MainThread]: Sending event: {'category': 'dbt', 'action': 'invocation', 'label': 'start', 'context': [<snowplow_tracker.self_describing_json.SelfDescribingJson object at 0x106398d30>, <snowplow_tracker.self_describing_json.SelfDescribingJson object at 0x107106370>, <snowplow_tracker.self_describing_json.SelfDescribingJson object at 0x107134280>]}


============================== 04:59:34.943890 | 1a6b9084-3334-4704-be32-a70bc209b1e5 ==============================
[0m04:59:34.943890 [info ] [MainThread]: Running with dbt=1.9.0-b2
[0m04:59:34.944616 [debug] [MainThread]: running dbt with arguments {'printer_width': '80', 'indirect_selection': 'eager', 'write_json': 'True', 'log_cache_events': 'False', 'partial_parse': 'True', 'cache_selected_only': 'False', 'warn_error': 'None', 'fail_fast': 'False', 'debug': 'False', 'log_path': '/Users/charanlobo/dbt_servicenow_project/logs', 'profiles_dir': '/Users/charanlobo/.dbt', 'version_check': 'True', 'use_colors': 'True', 'use_experimental_parser': 'False', 'empty': 'False', 'quiet': 'False', 'no_print': 'None', 'log_format': 'default', 'invocation_command': 'dbt run --model check', 'introspect': 'True', 'warn_error_options': 'WarnErrorOptions(include=[], exclude=[])', 'target_path': 'None', 'static_parser': 'True', 'send_anonymous_usage_stats': 'True'}
[0m04:59:35.161135 [debug] [MainThread]: Sending event: {'category': 'dbt', 'action': 'project_id', 'label': '1a6b9084-3334-4704-be32-a70bc209b1e5', 'context': [<snowplow_tracker.self_describing_json.SelfDescribingJson object at 0x1065fa160>]}
[0m04:59:35.228092 [debug] [MainThread]: Sending event: {'category': 'dbt', 'action': 'adapter_info', 'label': '1a6b9084-3334-4704-be32-a70bc209b1e5', 'context': [<snowplow_tracker.self_describing_json.SelfDescribingJson object at 0x106fba1f0>]}
[0m04:59:35.229629 [info ] [MainThread]: Registered adapter: postgres=1.8.2
[0m04:59:35.252638 [debug] [MainThread]: checksum: 4cfbbe2a671212f062e88a43cba5322b30b7e3e8e91b953aa4de249eeaade60f, vars: {}, profile: , target: , version: 1.9.0b2
[0m04:59:35.416606 [debug] [MainThread]: Partial parsing enabled: 0 files deleted, 0 files added, 1 files changed.
[0m04:59:35.417341 [debug] [MainThread]: Partial parsing: updated file: servicenow_analytics://models/staging/check.sql
[0m04:59:35.736681 [debug] [MainThread]: Sending event: {'category': 'dbt', 'action': 'load_project', 'label': '1a6b9084-3334-4704-be32-a70bc209b1e5', 'context': [<snowplow_tracker.self_describing_json.SelfDescribingJson object at 0x107e5d940>]}
[0m04:59:35.852689 [debug] [MainThread]: Sending event: {'category': 'dbt', 'action': 'resource_counts', 'label': '1a6b9084-3334-4704-be32-a70bc209b1e5', 'context': [<snowplow_tracker.self_describing_json.SelfDescribingJson object at 0x107f21430>]}
[0m04:59:35.853449 [info ] [MainThread]: Found 1 model, 1 source, 423 macros
[0m04:59:35.853948 [debug] [MainThread]: Sending event: {'category': 'dbt', 'action': 'runnable_timing', 'label': '1a6b9084-3334-4704-be32-a70bc209b1e5', 'context': [<snowplow_tracker.self_describing_json.SelfDescribingJson object at 0x107e585e0>]}
[0m04:59:35.855570 [info ] [MainThread]: 
[0m04:59:35.856157 [info ] [MainThread]: Concurrency: 4 threads (target='dev')
[0m04:59:35.856592 [info ] [MainThread]: 
[0m04:59:35.857279 [debug] [MainThread]: Acquiring new postgres connection 'master'
[0m04:59:35.858462 [debug] [ThreadPool]: Acquiring new postgres connection 'list_db'
[0m04:59:35.915734 [debug] [ThreadPool]: Using postgres connection "list_db"
[0m04:59:35.916239 [debug] [ThreadPool]: On list_db: /* {"app": "dbt", "dbt_version": "1.9.0b2", "profile_name": "servicenow_analytics", "target_name": "dev", "connection_name": "list_db"} */

    select distinct nspname from pg_namespace
  
[0m04:59:35.916623 [debug] [ThreadPool]: Opening a new connection, currently in state init
[0m04:59:35.960601 [debug] [ThreadPool]: SQL status: SELECT 5 in 0.044 seconds
[0m04:59:35.963575 [debug] [ThreadPool]: On list_db: Close
[0m04:59:35.965818 [debug] [ThreadPool]: Re-using an available connection from the pool (formerly list_db, now list_db_analytics_analytics)
[0m04:59:35.977652 [debug] [ThreadPool]: Using postgres connection "list_db_analytics_analytics"
[0m04:59:35.978274 [debug] [ThreadPool]: On list_db_analytics_analytics: BEGIN
[0m04:59:35.978751 [debug] [ThreadPool]: Opening a new connection, currently in state closed
[0m04:59:35.995728 [debug] [ThreadPool]: SQL status: BEGIN in 0.017 seconds
[0m04:59:35.996333 [debug] [ThreadPool]: Using postgres connection "list_db_analytics_analytics"
[0m04:59:35.996796 [debug] [ThreadPool]: On list_db_analytics_analytics: /* {"app": "dbt", "dbt_version": "1.9.0b2", "profile_name": "servicenow_analytics", "target_name": "dev", "connection_name": "list_db_analytics_analytics"} */
select
      'db' as database,
      tablename as name,
      schemaname as schema,
      'table' as type
    from pg_tables
    where schemaname ilike 'analytics_analytics'
    union all
    select
      'db' as database,
      viewname as name,
      schemaname as schema,
      'view' as type
    from pg_views
    where schemaname ilike 'analytics_analytics'
    union all
    select
      'db' as database,
      matviewname as name,
      schemaname as schema,
      'materialized_view' as type
    from pg_matviews
    where schemaname ilike 'analytics_analytics'
  
[0m04:59:36.005003 [debug] [ThreadPool]: SQL status: SELECT 0 in 0.008 seconds
[0m04:59:36.006976 [debug] [ThreadPool]: On list_db_analytics_analytics: ROLLBACK
[0m04:59:36.007831 [debug] [ThreadPool]: On list_db_analytics_analytics: Close
[0m04:59:36.013166 [debug] [MainThread]: Using postgres connection "master"
[0m04:59:36.013678 [debug] [MainThread]: On master: BEGIN
[0m04:59:36.014075 [debug] [MainThread]: Opening a new connection, currently in state init
[0m04:59:36.029219 [debug] [MainThread]: SQL status: BEGIN in 0.015 seconds
[0m04:59:36.029716 [debug] [MainThread]: Using postgres connection "master"
[0m04:59:36.030187 [debug] [MainThread]: On master: /* {"app": "dbt", "dbt_version": "1.9.0b2", "profile_name": "servicenow_analytics", "target_name": "dev", "connection_name": "master"} */
with relation as (
        select
            pg_rewrite.ev_class as class,
            pg_rewrite.oid as id
        from pg_rewrite
    ),
    class as (
        select
            oid as id,
            relname as name,
            relnamespace as schema,
            relkind as kind
        from pg_class
    ),
    dependency as (
        select distinct
            pg_depend.objid as id,
            pg_depend.refobjid as ref
        from pg_depend
    ),
    schema as (
        select
            pg_namespace.oid as id,
            pg_namespace.nspname as name
        from pg_namespace
        where nspname != 'information_schema' and nspname not like 'pg\_%'
    ),
    referenced as (
        select
            relation.id AS id,
            referenced_class.name ,
            referenced_class.schema ,
            referenced_class.kind
        from relation
        join class as referenced_class on relation.class=referenced_class.id
        where referenced_class.kind in ('r', 'v', 'm')
    ),
    relationships as (
        select
            referenced.name as referenced_name,
            referenced.schema as referenced_schema_id,
            dependent_class.name as dependent_name,
            dependent_class.schema as dependent_schema_id,
            referenced.kind as kind
        from referenced
        join dependency on referenced.id=dependency.id
        join class as dependent_class on dependency.ref=dependent_class.id
        where
            (referenced.name != dependent_class.name or
             referenced.schema != dependent_class.schema)
    )

    select
        referenced_schema.name as referenced_schema,
        relationships.referenced_name as referenced_name,
        dependent_schema.name as dependent_schema,
        relationships.dependent_name as dependent_name
    from relationships
    join schema as dependent_schema on relationships.dependent_schema_id=dependent_schema.id
    join schema as referenced_schema on relationships.referenced_schema_id=referenced_schema.id
    group by referenced_schema, referenced_name, dependent_schema, dependent_name
    order by referenced_schema, referenced_name, dependent_schema, dependent_name;
[0m04:59:36.038597 [debug] [MainThread]: SQL status: SELECT 0 in 0.008 seconds
[0m04:59:36.041018 [debug] [MainThread]: Sending event: {'category': 'dbt', 'action': 'runnable_timing', 'label': '1a6b9084-3334-4704-be32-a70bc209b1e5', 'context': [<snowplow_tracker.self_describing_json.SelfDescribingJson object at 0x107f21c70>]}
[0m04:59:36.042074 [debug] [MainThread]: On master: ROLLBACK
[0m04:59:36.043131 [debug] [MainThread]: Using postgres connection "master"
[0m04:59:36.043815 [debug] [MainThread]: On master: BEGIN
[0m04:59:36.044890 [debug] [MainThread]: SQL status: BEGIN in 0.000 seconds
[0m04:59:36.045467 [debug] [MainThread]: On master: COMMIT
[0m04:59:36.045966 [debug] [MainThread]: Using postgres connection "master"
[0m04:59:36.046448 [debug] [MainThread]: On master: COMMIT
[0m04:59:36.047117 [debug] [MainThread]: SQL status: COMMIT in 0.000 seconds
[0m04:59:36.047663 [debug] [MainThread]: On master: Close
[0m04:59:36.051327 [debug] [Thread-1  ]: Began running node model.servicenow_analytics.check
[0m04:59:36.052224 [info ] [Thread-1  ]: 1 of 1 START sql table model analytics_analytics.check ......................... [RUN]
[0m04:59:36.053066 [debug] [Thread-1  ]: Re-using an available connection from the pool (formerly list_db_analytics_analytics, now model.servicenow_analytics.check)
[0m04:59:36.053690 [debug] [Thread-1  ]: Began compiling node model.servicenow_analytics.check
[0m04:59:36.064461 [debug] [Thread-1  ]: Writing injected SQL for node "model.servicenow_analytics.check"
[0m04:59:36.065315 [debug] [Thread-1  ]: Began executing node model.servicenow_analytics.check
[0m04:59:36.113639 [debug] [Thread-1  ]: Writing runtime sql for node "model.servicenow_analytics.check"
[0m04:59:36.114547 [debug] [Thread-1  ]: Using postgres connection "model.servicenow_analytics.check"
[0m04:59:36.114970 [debug] [Thread-1  ]: On model.servicenow_analytics.check: BEGIN
[0m04:59:36.115353 [debug] [Thread-1  ]: Opening a new connection, currently in state closed
[0m04:59:36.129652 [debug] [Thread-1  ]: SQL status: BEGIN in 0.014 seconds
[0m04:59:36.130184 [debug] [Thread-1  ]: Using postgres connection "model.servicenow_analytics.check"
[0m04:59:36.130645 [debug] [Thread-1  ]: On model.servicenow_analytics.check: /* {"app": "dbt", "dbt_version": "1.9.0b2", "profile_name": "servicenow_analytics", "target_name": "dev", "node_id": "model.servicenow_analytics.check"} */

  
    

  create  table "db"."analytics_analytics"."check__dbt_tmp"
  
  
    as
  
  (
    

-- Simple ticket count by category
SELECT
   inc_ category,                   -- Change to your actual column name
    COUNT(*) AS ticket_count
FROM 
    "db"."public"."servicenow_tickets_raw"
GROUP BY 
    category
ORDER BY 
    ticket_count DESC
  );
  
[0m04:59:36.131774 [debug] [Thread-1  ]: Postgres adapter: Postgres error: column "inc_" does not exist
LINE 16:    inc_ category,                   -- Change to your actual...
            ^

[0m04:59:36.132224 [debug] [Thread-1  ]: On model.servicenow_analytics.check: ROLLBACK
[0m04:59:36.132895 [debug] [Thread-1  ]: On model.servicenow_analytics.check: Close
[0m04:59:36.145401 [debug] [Thread-1  ]: Database Error in model check (models/staging/check.sql)
  column "inc_" does not exist
  LINE 16:    inc_ category,                   -- Change to your actual...
              ^
  compiled code at target/run/servicenow_analytics/models/staging/check.sql
[0m04:59:36.147204 [debug] [Thread-1  ]: Sending event: {'category': 'dbt', 'action': 'run_model', 'label': '1a6b9084-3334-4704-be32-a70bc209b1e5', 'context': [<snowplow_tracker.self_describing_json.SelfDescribingJson object at 0x104d94640>]}
[0m04:59:36.147988 [error] [Thread-1  ]: 1 of 1 ERROR creating sql table model analytics_analytics.check ................ [[31mERROR[0m in 0.09s]
[0m04:59:36.148721 [debug] [Thread-1  ]: Finished running node model.servicenow_analytics.check
[0m04:59:36.149371 [debug] [Thread-7  ]: Marking all children of 'model.servicenow_analytics.check' to be skipped because of status 'error'.  Reason: Database Error in model check (models/staging/check.sql)
  column "inc_" does not exist
  LINE 16:    inc_ category,                   -- Change to your actual...
              ^
  compiled code at target/run/servicenow_analytics/models/staging/check.sql.
[0m04:59:36.150711 [debug] [MainThread]: Using postgres connection "master"
[0m04:59:36.151130 [debug] [MainThread]: On master: BEGIN
[0m04:59:36.151482 [debug] [MainThread]: Opening a new connection, currently in state closed
[0m04:59:36.165741 [debug] [MainThread]: SQL status: BEGIN in 0.014 seconds
[0m04:59:36.166232 [debug] [MainThread]: On master: COMMIT
[0m04:59:36.166602 [debug] [MainThread]: Using postgres connection "master"
[0m04:59:36.166957 [debug] [MainThread]: On master: COMMIT
[0m04:59:36.167434 [debug] [MainThread]: SQL status: COMMIT in 0.000 seconds
[0m04:59:36.167820 [debug] [MainThread]: On master: Close
[0m04:59:36.168379 [debug] [MainThread]: Connection 'master' was properly closed.
[0m04:59:36.168733 [debug] [MainThread]: Connection 'model.servicenow_analytics.check' was properly closed.
[0m04:59:36.169113 [info ] [MainThread]: 
[0m04:59:36.169536 [info ] [MainThread]: Finished running 1 table model in 0 hours 0 minutes and 0.31 seconds (0.31s).
[0m04:59:36.170393 [debug] [MainThread]: Command end result
[0m04:59:36.264880 [info ] [MainThread]: 
[0m04:59:36.265526 [info ] [MainThread]: [31mCompleted with 1 error, 0 partial successs, and 0 warnings:[0m
[0m04:59:36.265991 [info ] [MainThread]: 
[0m04:59:36.266521 [error] [MainThread]:   Database Error in model check (models/staging/check.sql)
  column "inc_" does not exist
  LINE 16:    inc_ category,                   -- Change to your actual...
              ^
  compiled code at target/run/servicenow_analytics/models/staging/check.sql
[0m04:59:36.266950 [info ] [MainThread]: 
[0m04:59:36.267407 [info ] [MainThread]: Done. PASS=0 WARN=0 ERROR=1 SKIP=0 TOTAL=1
[0m04:59:36.270321 [debug] [MainThread]: Resource report: {"command_name": "run", "command_wall_clock_time": 1.4132656, "process_user_time": 2.542694, "process_kernel_time": 0.36152, "process_mem_max_rss": "112529408", "command_success": false, "process_in_blocks": "0", "process_out_blocks": "0"}
[0m04:59:36.271204 [debug] [MainThread]: Command `dbt run` failed at 04:59:36.271068 after 1.41 seconds
[0m04:59:36.271740 [debug] [MainThread]: Sending event: {'category': 'dbt', 'action': 'invocation', 'label': 'end', 'context': [<snowplow_tracker.self_describing_json.SelfDescribingJson object at 0x106398d30>, <snowplow_tracker.self_describing_json.SelfDescribingJson object at 0x104ad62b0>, <snowplow_tracker.self_describing_json.SelfDescribingJson object at 0x107f794c0>]}
[0m04:59:36.272265 [debug] [MainThread]: Flushing usage events
[0m04:59:38.050026 [debug] [MainThread]: An error was encountered while trying to flush usage events
[0m05:00:48.992551 [debug] [MainThread]: Sending event: {'category': 'dbt', 'action': 'invocation', 'label': 'start', 'context': [<snowplow_tracker.self_describing_json.SelfDescribingJson object at 0x10d603cd0>, <snowplow_tracker.self_describing_json.SelfDescribingJson object at 0x10e3361c0>, <snowplow_tracker.self_describing_json.SelfDescribingJson object at 0x10e3a0f70>]}


============================== 05:00:48.999515 | 5351ce72-16f0-4432-b0c4-b8c3e0b4eaf1 ==============================
[0m05:00:48.999515 [info ] [MainThread]: Running with dbt=1.9.0-b2
[0m05:00:49.000425 [debug] [MainThread]: running dbt with arguments {'printer_width': '80', 'indirect_selection': 'eager', 'log_cache_events': 'False', 'write_json': 'True', 'partial_parse': 'True', 'cache_selected_only': 'False', 'profiles_dir': '/Users/charanlobo/.dbt', 'debug': 'False', 'version_check': 'True', 'log_path': '/Users/charanlobo/dbt_servicenow_project/logs', 'fail_fast': 'False', 'warn_error': 'None', 'use_colors': 'True', 'use_experimental_parser': 'False', 'no_print': 'None', 'quiet': 'False', 'empty': 'False', 'warn_error_options': 'WarnErrorOptions(include=[], exclude=[])', 'invocation_command': 'dbt run --model check', 'introspect': 'True', 'log_format': 'default', 'target_path': 'None', 'static_parser': 'True', 'send_anonymous_usage_stats': 'True'}
[0m05:00:49.236365 [debug] [MainThread]: Sending event: {'category': 'dbt', 'action': 'project_id', 'label': '5351ce72-16f0-4432-b0c4-b8c3e0b4eaf1', 'context': [<snowplow_tracker.self_describing_json.SelfDescribingJson object at 0x10e617250>]}
[0m05:00:49.304072 [debug] [MainThread]: Sending event: {'category': 'dbt', 'action': 'adapter_info', 'label': '5351ce72-16f0-4432-b0c4-b8c3e0b4eaf1', 'context': [<snowplow_tracker.self_describing_json.SelfDescribingJson object at 0x10e2159a0>]}
[0m05:00:49.305675 [info ] [MainThread]: Registered adapter: postgres=1.8.2
[0m05:00:49.326000 [debug] [MainThread]: checksum: 4cfbbe2a671212f062e88a43cba5322b30b7e3e8e91b953aa4de249eeaade60f, vars: {}, profile: , target: , version: 1.9.0b2
[0m05:00:49.492099 [debug] [MainThread]: Partial parsing enabled: 0 files deleted, 0 files added, 1 files changed.
[0m05:00:49.492825 [debug] [MainThread]: Partial parsing: updated file: servicenow_analytics://models/staging/check.sql
[0m05:00:49.779214 [debug] [MainThread]: Sending event: {'category': 'dbt', 'action': 'load_project', 'label': '5351ce72-16f0-4432-b0c4-b8c3e0b4eaf1', 'context': [<snowplow_tracker.self_describing_json.SelfDescribingJson object at 0x10f0c9940>]}
[0m05:00:49.898691 [debug] [MainThread]: Sending event: {'category': 'dbt', 'action': 'resource_counts', 'label': '5351ce72-16f0-4432-b0c4-b8c3e0b4eaf1', 'context': [<snowplow_tracker.self_describing_json.SelfDescribingJson object at 0x10f1893d0>]}
[0m05:00:49.899319 [info ] [MainThread]: Found 1 model, 1 source, 423 macros
[0m05:00:49.899831 [debug] [MainThread]: Sending event: {'category': 'dbt', 'action': 'runnable_timing', 'label': '5351ce72-16f0-4432-b0c4-b8c3e0b4eaf1', 'context': [<snowplow_tracker.self_describing_json.SelfDescribingJson object at 0x10f0c3b50>]}
[0m05:00:49.901307 [info ] [MainThread]: 
[0m05:00:49.901816 [info ] [MainThread]: Concurrency: 4 threads (target='dev')
[0m05:00:49.902187 [info ] [MainThread]: 
[0m05:00:49.902795 [debug] [MainThread]: Acquiring new postgres connection 'master'
[0m05:00:49.903902 [debug] [ThreadPool]: Acquiring new postgres connection 'list_db'
[0m05:00:49.981414 [debug] [ThreadPool]: Using postgres connection "list_db"
[0m05:00:49.982154 [debug] [ThreadPool]: On list_db: /* {"app": "dbt", "dbt_version": "1.9.0b2", "profile_name": "servicenow_analytics", "target_name": "dev", "connection_name": "list_db"} */

    select distinct nspname from pg_namespace
  
[0m05:00:49.982776 [debug] [ThreadPool]: Opening a new connection, currently in state init
[0m05:00:50.011898 [debug] [ThreadPool]: SQL status: SELECT 5 in 0.029 seconds
[0m05:00:50.013288 [debug] [ThreadPool]: On list_db: Close
[0m05:00:50.014527 [debug] [ThreadPool]: Re-using an available connection from the pool (formerly list_db, now list_db_analytics_analytics)
[0m05:00:50.021615 [debug] [ThreadPool]: Using postgres connection "list_db_analytics_analytics"
[0m05:00:50.022057 [debug] [ThreadPool]: On list_db_analytics_analytics: BEGIN
[0m05:00:50.022414 [debug] [ThreadPool]: Opening a new connection, currently in state closed
[0m05:00:50.035570 [debug] [ThreadPool]: SQL status: BEGIN in 0.013 seconds
[0m05:00:50.036119 [debug] [ThreadPool]: Using postgres connection "list_db_analytics_analytics"
[0m05:00:50.036514 [debug] [ThreadPool]: On list_db_analytics_analytics: /* {"app": "dbt", "dbt_version": "1.9.0b2", "profile_name": "servicenow_analytics", "target_name": "dev", "connection_name": "list_db_analytics_analytics"} */
select
      'db' as database,
      tablename as name,
      schemaname as schema,
      'table' as type
    from pg_tables
    where schemaname ilike 'analytics_analytics'
    union all
    select
      'db' as database,
      viewname as name,
      schemaname as schema,
      'view' as type
    from pg_views
    where schemaname ilike 'analytics_analytics'
    union all
    select
      'db' as database,
      matviewname as name,
      schemaname as schema,
      'materialized_view' as type
    from pg_matviews
    where schemaname ilike 'analytics_analytics'
  
[0m05:00:50.074436 [debug] [ThreadPool]: SQL status: SELECT 0 in 0.037 seconds
[0m05:00:50.075831 [debug] [ThreadPool]: On list_db_analytics_analytics: ROLLBACK
[0m05:00:50.076395 [debug] [ThreadPool]: On list_db_analytics_analytics: Close
[0m05:00:50.080987 [debug] [MainThread]: Using postgres connection "master"
[0m05:00:50.081418 [debug] [MainThread]: On master: BEGIN
[0m05:00:50.081760 [debug] [MainThread]: Opening a new connection, currently in state init
[0m05:00:50.094317 [debug] [MainThread]: SQL status: BEGIN in 0.013 seconds
[0m05:00:50.094747 [debug] [MainThread]: Using postgres connection "master"
[0m05:00:50.095193 [debug] [MainThread]: On master: /* {"app": "dbt", "dbt_version": "1.9.0b2", "profile_name": "servicenow_analytics", "target_name": "dev", "connection_name": "master"} */
with relation as (
        select
            pg_rewrite.ev_class as class,
            pg_rewrite.oid as id
        from pg_rewrite
    ),
    class as (
        select
            oid as id,
            relname as name,
            relnamespace as schema,
            relkind as kind
        from pg_class
    ),
    dependency as (
        select distinct
            pg_depend.objid as id,
            pg_depend.refobjid as ref
        from pg_depend
    ),
    schema as (
        select
            pg_namespace.oid as id,
            pg_namespace.nspname as name
        from pg_namespace
        where nspname != 'information_schema' and nspname not like 'pg\_%'
    ),
    referenced as (
        select
            relation.id AS id,
            referenced_class.name ,
            referenced_class.schema ,
            referenced_class.kind
        from relation
        join class as referenced_class on relation.class=referenced_class.id
        where referenced_class.kind in ('r', 'v', 'm')
    ),
    relationships as (
        select
            referenced.name as referenced_name,
            referenced.schema as referenced_schema_id,
            dependent_class.name as dependent_name,
            dependent_class.schema as dependent_schema_id,
            referenced.kind as kind
        from referenced
        join dependency on referenced.id=dependency.id
        join class as dependent_class on dependency.ref=dependent_class.id
        where
            (referenced.name != dependent_class.name or
             referenced.schema != dependent_class.schema)
    )

    select
        referenced_schema.name as referenced_schema,
        relationships.referenced_name as referenced_name,
        dependent_schema.name as dependent_schema,
        relationships.dependent_name as dependent_name
    from relationships
    join schema as dependent_schema on relationships.dependent_schema_id=dependent_schema.id
    join schema as referenced_schema on relationships.referenced_schema_id=referenced_schema.id
    group by referenced_schema, referenced_name, dependent_schema, dependent_name
    order by referenced_schema, referenced_name, dependent_schema, dependent_name;
[0m05:00:50.101357 [debug] [MainThread]: SQL status: SELECT 0 in 0.006 seconds
[0m05:00:50.102639 [debug] [MainThread]: Sending event: {'category': 'dbt', 'action': 'runnable_timing', 'label': '5351ce72-16f0-4432-b0c4-b8c3e0b4eaf1', 'context': [<snowplow_tracker.self_describing_json.SelfDescribingJson object at 0x10f189c10>]}
[0m05:00:50.103202 [debug] [MainThread]: On master: ROLLBACK
[0m05:00:50.103734 [debug] [MainThread]: Using postgres connection "master"
[0m05:00:50.104097 [debug] [MainThread]: On master: BEGIN
[0m05:00:50.104695 [debug] [MainThread]: SQL status: BEGIN in 0.000 seconds
[0m05:00:50.105130 [debug] [MainThread]: On master: COMMIT
[0m05:00:50.105502 [debug] [MainThread]: Using postgres connection "master"
[0m05:00:50.105849 [debug] [MainThread]: On master: COMMIT
[0m05:00:50.106405 [debug] [MainThread]: SQL status: COMMIT in 0.000 seconds
[0m05:00:50.106828 [debug] [MainThread]: On master: Close
[0m05:00:50.110203 [debug] [Thread-1  ]: Began running node model.servicenow_analytics.check
[0m05:00:50.110908 [info ] [Thread-1  ]: 1 of 1 START sql table model analytics_analytics.check ......................... [RUN]
[0m05:00:50.111540 [debug] [Thread-1  ]: Re-using an available connection from the pool (formerly list_db_analytics_analytics, now model.servicenow_analytics.check)
[0m05:00:50.112014 [debug] [Thread-1  ]: Began compiling node model.servicenow_analytics.check
[0m05:00:50.121422 [debug] [Thread-1  ]: Writing injected SQL for node "model.servicenow_analytics.check"
[0m05:00:50.122269 [debug] [Thread-1  ]: Began executing node model.servicenow_analytics.check
[0m05:00:50.174631 [debug] [Thread-1  ]: Writing runtime sql for node "model.servicenow_analytics.check"
[0m05:00:50.175586 [debug] [Thread-1  ]: Using postgres connection "model.servicenow_analytics.check"
[0m05:00:50.176053 [debug] [Thread-1  ]: On model.servicenow_analytics.check: BEGIN
[0m05:00:50.176571 [debug] [Thread-1  ]: Opening a new connection, currently in state closed
[0m05:00:50.189757 [debug] [Thread-1  ]: SQL status: BEGIN in 0.013 seconds
[0m05:00:50.190278 [debug] [Thread-1  ]: Using postgres connection "model.servicenow_analytics.check"
[0m05:00:50.190716 [debug] [Thread-1  ]: On model.servicenow_analytics.check: /* {"app": "dbt", "dbt_version": "1.9.0b2", "profile_name": "servicenow_analytics", "target_name": "dev", "node_id": "model.servicenow_analytics.check"} */

  
    

  create  table "db"."analytics_analytics"."check__dbt_tmp"
  
  
    as
  
  (
    

-- Simple ticket count by category
SELECT
   inc_category, COUNT(*) AS ticket_count
FROM 
    "db"."public"."servicenow_tickets_raw"
GROUP BY 
    category
ORDER BY 
    ticket_count DESC
  );
  
[0m05:00:50.192201 [debug] [Thread-1  ]: Postgres adapter: Postgres error: column "category" does not exist
LINE 20:     category
             ^

[0m05:00:50.192690 [debug] [Thread-1  ]: On model.servicenow_analytics.check: ROLLBACK
[0m05:00:50.193323 [debug] [Thread-1  ]: On model.servicenow_analytics.check: Close
[0m05:00:50.202748 [debug] [Thread-1  ]: Database Error in model check (models/staging/check.sql)
  column "category" does not exist
  LINE 20:     category
               ^
  compiled code at target/run/servicenow_analytics/models/staging/check.sql
[0m05:00:50.204470 [debug] [Thread-1  ]: Sending event: {'category': 'dbt', 'action': 'run_model', 'label': '5351ce72-16f0-4432-b0c4-b8c3e0b4eaf1', 'context': [<snowplow_tracker.self_describing_json.SelfDescribingJson object at 0x10c0075b0>]}
[0m05:00:50.205308 [error] [Thread-1  ]: 1 of 1 ERROR creating sql table model analytics_analytics.check ................ [[31mERROR[0m in 0.09s]
[0m05:00:50.206175 [debug] [Thread-1  ]: Finished running node model.servicenow_analytics.check
[0m05:00:50.206921 [debug] [Thread-7  ]: Marking all children of 'model.servicenow_analytics.check' to be skipped because of status 'error'.  Reason: Database Error in model check (models/staging/check.sql)
  column "category" does not exist
  LINE 20:     category
               ^
  compiled code at target/run/servicenow_analytics/models/staging/check.sql.
[0m05:00:50.208273 [debug] [MainThread]: Using postgres connection "master"
[0m05:00:50.208686 [debug] [MainThread]: On master: BEGIN
[0m05:00:50.209029 [debug] [MainThread]: Opening a new connection, currently in state closed
[0m05:00:50.222624 [debug] [MainThread]: SQL status: BEGIN in 0.014 seconds
[0m05:00:50.223087 [debug] [MainThread]: On master: COMMIT
[0m05:00:50.223580 [debug] [MainThread]: Using postgres connection "master"
[0m05:00:50.224030 [debug] [MainThread]: On master: COMMIT
[0m05:00:50.224650 [debug] [MainThread]: SQL status: COMMIT in 0.000 seconds
[0m05:00:50.225114 [debug] [MainThread]: On master: Close
[0m05:00:50.225670 [debug] [MainThread]: Connection 'master' was properly closed.
[0m05:00:50.226033 [debug] [MainThread]: Connection 'model.servicenow_analytics.check' was properly closed.
[0m05:00:50.226403 [info ] [MainThread]: 
[0m05:00:50.226943 [info ] [MainThread]: Finished running 1 table model in 0 hours 0 minutes and 0.32 seconds (0.32s).
[0m05:00:50.227904 [debug] [MainThread]: Command end result
[0m05:00:50.311614 [info ] [MainThread]: 
[0m05:00:50.312188 [info ] [MainThread]: [31mCompleted with 1 error, 0 partial successs, and 0 warnings:[0m
[0m05:00:50.312591 [info ] [MainThread]: 
[0m05:00:50.313038 [error] [MainThread]:   Database Error in model check (models/staging/check.sql)
  column "category" does not exist
  LINE 20:     category
               ^
  compiled code at target/run/servicenow_analytics/models/staging/check.sql
[0m05:00:50.313475 [info ] [MainThread]: 
[0m05:00:50.313906 [info ] [MainThread]: Done. PASS=0 WARN=0 ERROR=1 SKIP=0 TOTAL=1
[0m05:00:50.315857 [debug] [MainThread]: Resource report: {"command_name": "run", "command_wall_clock_time": 1.4153152, "process_user_time": 2.461323, "process_kernel_time": 0.353064, "process_mem_max_rss": "112107520", "command_success": false, "process_in_blocks": "0", "process_out_blocks": "0"}
[0m05:00:50.316486 [debug] [MainThread]: Command `dbt run` failed at 05:00:50.316364 after 1.42 seconds
[0m05:00:50.317009 [debug] [MainThread]: Sending event: {'category': 'dbt', 'action': 'invocation', 'label': 'end', 'context': [<snowplow_tracker.self_describing_json.SelfDescribingJson object at 0x10d603cd0>, <snowplow_tracker.self_describing_json.SelfDescribingJson object at 0x10f40eeb0>, <snowplow_tracker.self_describing_json.SelfDescribingJson object at 0x10f40e970>]}
[0m05:00:50.317471 [debug] [MainThread]: Flushing usage events
[0m05:00:52.032183 [debug] [MainThread]: An error was encountered while trying to flush usage events
[0m05:01:39.737158 [debug] [MainThread]: Sending event: {'category': 'dbt', 'action': 'invocation', 'label': 'start', 'context': [<snowplow_tracker.self_describing_json.SelfDescribingJson object at 0x10ac06d00>, <snowplow_tracker.self_describing_json.SelfDescribingJson object at 0x10b939700>, <snowplow_tracker.self_describing_json.SelfDescribingJson object at 0x10b9a3fa0>]}


============================== 05:01:39.743034 | a38332b0-ab42-4e1c-b7a0-e8adf6833b03 ==============================
[0m05:01:39.743034 [info ] [MainThread]: Running with dbt=1.9.0-b2
[0m05:01:39.743863 [debug] [MainThread]: running dbt with arguments {'printer_width': '80', 'indirect_selection': 'eager', 'log_cache_events': 'False', 'write_json': 'True', 'partial_parse': 'True', 'cache_selected_only': 'False', 'profiles_dir': '/Users/charanlobo/.dbt', 'debug': 'False', 'version_check': 'True', 'log_path': '/Users/charanlobo/dbt_servicenow_project/logs', 'warn_error': 'None', 'fail_fast': 'False', 'use_colors': 'True', 'use_experimental_parser': 'False', 'no_print': 'None', 'quiet': 'False', 'empty': 'False', 'warn_error_options': 'WarnErrorOptions(include=[], exclude=[])', 'introspect': 'True', 'invocation_command': 'dbt run --model check', 'static_parser': 'True', 'target_path': 'None', 'log_format': 'default', 'send_anonymous_usage_stats': 'True'}
[0m05:01:39.940519 [debug] [MainThread]: Sending event: {'category': 'dbt', 'action': 'project_id', 'label': 'a38332b0-ab42-4e1c-b7a0-e8adf6833b03', 'context': [<snowplow_tracker.self_describing_json.SelfDescribingJson object at 0x109575040>]}
[0m05:01:40.006374 [debug] [MainThread]: Sending event: {'category': 'dbt', 'action': 'adapter_info', 'label': 'a38332b0-ab42-4e1c-b7a0-e8adf6833b03', 'context': [<snowplow_tracker.self_describing_json.SelfDescribingJson object at 0x10bbfcb80>]}
[0m05:01:40.008309 [info ] [MainThread]: Registered adapter: postgres=1.8.2
[0m05:01:40.028292 [debug] [MainThread]: checksum: 4cfbbe2a671212f062e88a43cba5322b30b7e3e8e91b953aa4de249eeaade60f, vars: {}, profile: , target: , version: 1.9.0b2
[0m05:01:40.206544 [debug] [MainThread]: Partial parsing enabled: 0 files deleted, 0 files added, 1 files changed.
[0m05:01:40.207315 [debug] [MainThread]: Partial parsing: updated file: servicenow_analytics://models/staging/check.sql
[0m05:01:40.499016 [debug] [MainThread]: Sending event: {'category': 'dbt', 'action': 'load_project', 'label': 'a38332b0-ab42-4e1c-b7a0-e8adf6833b03', 'context': [<snowplow_tracker.self_describing_json.SelfDescribingJson object at 0x10c6d2790>]}
[0m05:01:40.609948 [debug] [MainThread]: Sending event: {'category': 'dbt', 'action': 'resource_counts', 'label': 'a38332b0-ab42-4e1c-b7a0-e8adf6833b03', 'context': [<snowplow_tracker.self_describing_json.SelfDescribingJson object at 0x10c7945b0>]}
[0m05:01:40.610569 [info ] [MainThread]: Found 1 model, 1 source, 423 macros
[0m05:01:40.611018 [debug] [MainThread]: Sending event: {'category': 'dbt', 'action': 'runnable_timing', 'label': 'a38332b0-ab42-4e1c-b7a0-e8adf6833b03', 'context': [<snowplow_tracker.self_describing_json.SelfDescribingJson object at 0x10c728820>]}
[0m05:01:40.612451 [info ] [MainThread]: 
[0m05:01:40.612946 [info ] [MainThread]: Concurrency: 4 threads (target='dev')
[0m05:01:40.613324 [info ] [MainThread]: 
[0m05:01:40.614007 [debug] [MainThread]: Acquiring new postgres connection 'master'
[0m05:01:40.615008 [debug] [ThreadPool]: Acquiring new postgres connection 'list_db'
[0m05:01:40.669146 [debug] [ThreadPool]: Using postgres connection "list_db"
[0m05:01:40.669638 [debug] [ThreadPool]: On list_db: /* {"app": "dbt", "dbt_version": "1.9.0b2", "profile_name": "servicenow_analytics", "target_name": "dev", "connection_name": "list_db"} */

    select distinct nspname from pg_namespace
  
[0m05:01:40.670009 [debug] [ThreadPool]: Opening a new connection, currently in state init
[0m05:01:40.706083 [debug] [ThreadPool]: SQL status: SELECT 5 in 0.036 seconds
[0m05:01:40.707527 [debug] [ThreadPool]: On list_db: Close
[0m05:01:40.708756 [debug] [ThreadPool]: Re-using an available connection from the pool (formerly list_db, now list_db_analytics_analytics)
[0m05:01:40.715880 [debug] [ThreadPool]: Using postgres connection "list_db_analytics_analytics"
[0m05:01:40.716352 [debug] [ThreadPool]: On list_db_analytics_analytics: BEGIN
[0m05:01:40.716695 [debug] [ThreadPool]: Opening a new connection, currently in state closed
[0m05:01:40.729192 [debug] [ThreadPool]: SQL status: BEGIN in 0.012 seconds
[0m05:01:40.729673 [debug] [ThreadPool]: Using postgres connection "list_db_analytics_analytics"
[0m05:01:40.730070 [debug] [ThreadPool]: On list_db_analytics_analytics: /* {"app": "dbt", "dbt_version": "1.9.0b2", "profile_name": "servicenow_analytics", "target_name": "dev", "connection_name": "list_db_analytics_analytics"} */
select
      'db' as database,
      tablename as name,
      schemaname as schema,
      'table' as type
    from pg_tables
    where schemaname ilike 'analytics_analytics'
    union all
    select
      'db' as database,
      viewname as name,
      schemaname as schema,
      'view' as type
    from pg_views
    where schemaname ilike 'analytics_analytics'
    union all
    select
      'db' as database,
      matviewname as name,
      schemaname as schema,
      'materialized_view' as type
    from pg_matviews
    where schemaname ilike 'analytics_analytics'
  
[0m05:01:40.734623 [debug] [ThreadPool]: SQL status: SELECT 0 in 0.004 seconds
[0m05:01:40.736083 [debug] [ThreadPool]: On list_db_analytics_analytics: ROLLBACK
[0m05:01:40.736829 [debug] [ThreadPool]: On list_db_analytics_analytics: Close
[0m05:01:40.741745 [debug] [MainThread]: Using postgres connection "master"
[0m05:01:40.742212 [debug] [MainThread]: On master: BEGIN
[0m05:01:40.742550 [debug] [MainThread]: Opening a new connection, currently in state init
[0m05:01:40.755034 [debug] [MainThread]: SQL status: BEGIN in 0.012 seconds
[0m05:01:40.755520 [debug] [MainThread]: Using postgres connection "master"
[0m05:01:40.755967 [debug] [MainThread]: On master: /* {"app": "dbt", "dbt_version": "1.9.0b2", "profile_name": "servicenow_analytics", "target_name": "dev", "connection_name": "master"} */
with relation as (
        select
            pg_rewrite.ev_class as class,
            pg_rewrite.oid as id
        from pg_rewrite
    ),
    class as (
        select
            oid as id,
            relname as name,
            relnamespace as schema,
            relkind as kind
        from pg_class
    ),
    dependency as (
        select distinct
            pg_depend.objid as id,
            pg_depend.refobjid as ref
        from pg_depend
    ),
    schema as (
        select
            pg_namespace.oid as id,
            pg_namespace.nspname as name
        from pg_namespace
        where nspname != 'information_schema' and nspname not like 'pg\_%'
    ),
    referenced as (
        select
            relation.id AS id,
            referenced_class.name ,
            referenced_class.schema ,
            referenced_class.kind
        from relation
        join class as referenced_class on relation.class=referenced_class.id
        where referenced_class.kind in ('r', 'v', 'm')
    ),
    relationships as (
        select
            referenced.name as referenced_name,
            referenced.schema as referenced_schema_id,
            dependent_class.name as dependent_name,
            dependent_class.schema as dependent_schema_id,
            referenced.kind as kind
        from referenced
        join dependency on referenced.id=dependency.id
        join class as dependent_class on dependency.ref=dependent_class.id
        where
            (referenced.name != dependent_class.name or
             referenced.schema != dependent_class.schema)
    )

    select
        referenced_schema.name as referenced_schema,
        relationships.referenced_name as referenced_name,
        dependent_schema.name as dependent_schema,
        relationships.dependent_name as dependent_name
    from relationships
    join schema as dependent_schema on relationships.dependent_schema_id=dependent_schema.id
    join schema as referenced_schema on relationships.referenced_schema_id=referenced_schema.id
    group by referenced_schema, referenced_name, dependent_schema, dependent_name
    order by referenced_schema, referenced_name, dependent_schema, dependent_name;
[0m05:01:40.760399 [debug] [MainThread]: SQL status: SELECT 0 in 0.004 seconds
[0m05:01:40.761678 [debug] [MainThread]: Sending event: {'category': 'dbt', 'action': 'runnable_timing', 'label': 'a38332b0-ab42-4e1c-b7a0-e8adf6833b03', 'context': [<snowplow_tracker.self_describing_json.SelfDescribingJson object at 0x10c794df0>]}
[0m05:01:40.762226 [debug] [MainThread]: On master: ROLLBACK
[0m05:01:40.762774 [debug] [MainThread]: Using postgres connection "master"
[0m05:01:40.763153 [debug] [MainThread]: On master: BEGIN
[0m05:01:40.763727 [debug] [MainThread]: SQL status: BEGIN in 0.000 seconds
[0m05:01:40.764107 [debug] [MainThread]: On master: COMMIT
[0m05:01:40.764460 [debug] [MainThread]: Using postgres connection "master"
[0m05:01:40.764803 [debug] [MainThread]: On master: COMMIT
[0m05:01:40.765319 [debug] [MainThread]: SQL status: COMMIT in 0.000 seconds
[0m05:01:40.765739 [debug] [MainThread]: On master: Close
[0m05:01:40.768700 [debug] [Thread-1  ]: Began running node model.servicenow_analytics.check
[0m05:01:40.769389 [info ] [Thread-1  ]: 1 of 1 START sql table model analytics_analytics.check ......................... [RUN]
[0m05:01:40.770010 [debug] [Thread-1  ]: Re-using an available connection from the pool (formerly list_db_analytics_analytics, now model.servicenow_analytics.check)
[0m05:01:40.770488 [debug] [Thread-1  ]: Began compiling node model.servicenow_analytics.check
[0m05:01:40.779744 [debug] [Thread-1  ]: Writing injected SQL for node "model.servicenow_analytics.check"
[0m05:01:40.780540 [debug] [Thread-1  ]: Began executing node model.servicenow_analytics.check
[0m05:01:40.827286 [debug] [Thread-1  ]: Writing runtime sql for node "model.servicenow_analytics.check"
[0m05:01:40.828309 [debug] [Thread-1  ]: Using postgres connection "model.servicenow_analytics.check"
[0m05:01:40.828767 [debug] [Thread-1  ]: On model.servicenow_analytics.check: BEGIN
[0m05:01:40.829165 [debug] [Thread-1  ]: Opening a new connection, currently in state closed
[0m05:01:40.841913 [debug] [Thread-1  ]: SQL status: BEGIN in 0.013 seconds
[0m05:01:40.842466 [debug] [Thread-1  ]: Using postgres connection "model.servicenow_analytics.check"
[0m05:01:40.843014 [debug] [Thread-1  ]: On model.servicenow_analytics.check: /* {"app": "dbt", "dbt_version": "1.9.0b2", "profile_name": "servicenow_analytics", "target_name": "dev", "node_id": "model.servicenow_analytics.check"} */

  
    

  create  table "db"."analytics_analytics"."check__dbt_tmp"
  
  
    as
  
  (
    

-- Simple ticket count by category
SELECT
   inc_category, COUNT(*) AS ticket_count
FROM 
    "db"."public"."servicenow_tickets_raw"
GROUP BY 
    inc_category
ORDER BY 
    ticket_count DESC
  );
  
[0m05:01:40.855992 [debug] [Thread-1  ]: SQL status: SELECT 9 in 0.012 seconds
[0m05:01:40.863453 [debug] [Thread-1  ]: Using postgres connection "model.servicenow_analytics.check"
[0m05:01:40.864005 [debug] [Thread-1  ]: On model.servicenow_analytics.check: /* {"app": "dbt", "dbt_version": "1.9.0b2", "profile_name": "servicenow_analytics", "target_name": "dev", "node_id": "model.servicenow_analytics.check"} */
alter table "db"."analytics_analytics"."check__dbt_tmp" rename to "check"
[0m05:01:40.866325 [debug] [Thread-1  ]: SQL status: ALTER TABLE in 0.002 seconds
[0m05:01:40.885880 [debug] [Thread-1  ]: On model.servicenow_analytics.check: COMMIT
[0m05:01:40.886420 [debug] [Thread-1  ]: Using postgres connection "model.servicenow_analytics.check"
[0m05:01:40.886836 [debug] [Thread-1  ]: On model.servicenow_analytics.check: COMMIT
[0m05:01:40.887751 [debug] [Thread-1  ]: SQL status: COMMIT in 0.000 seconds
[0m05:01:40.895761 [debug] [Thread-1  ]: Applying DROP to: "db"."analytics_analytics"."check__dbt_backup"
[0m05:01:40.900507 [debug] [Thread-1  ]: Using postgres connection "model.servicenow_analytics.check"
[0m05:01:40.901003 [debug] [Thread-1  ]: On model.servicenow_analytics.check: /* {"app": "dbt", "dbt_version": "1.9.0b2", "profile_name": "servicenow_analytics", "target_name": "dev", "node_id": "model.servicenow_analytics.check"} */
drop table if exists "db"."analytics_analytics"."check__dbt_backup" cascade
[0m05:01:40.902263 [debug] [Thread-1  ]: SQL status: DROP TABLE in 0.001 seconds
[0m05:01:40.905242 [debug] [Thread-1  ]: On model.servicenow_analytics.check: Close
[0m05:01:40.907129 [debug] [Thread-1  ]: Sending event: {'category': 'dbt', 'action': 'run_model', 'label': 'a38332b0-ab42-4e1c-b7a0-e8adf6833b03', 'context': [<snowplow_tracker.self_describing_json.SelfDescribingJson object at 0x10955ff40>]}
[0m05:01:40.908117 [info ] [Thread-1  ]: 1 of 1 OK created sql table model analytics_analytics.check .................... [[32mSELECT 9[0m in 0.14s]
[0m05:01:40.908893 [debug] [Thread-1  ]: Finished running node model.servicenow_analytics.check
[0m05:01:40.910272 [debug] [MainThread]: Using postgres connection "master"
[0m05:01:40.910677 [debug] [MainThread]: On master: BEGIN
[0m05:01:40.911018 [debug] [MainThread]: Opening a new connection, currently in state closed
[0m05:01:40.923562 [debug] [MainThread]: SQL status: BEGIN in 0.012 seconds
[0m05:01:40.924056 [debug] [MainThread]: On master: COMMIT
[0m05:01:40.924416 [debug] [MainThread]: Using postgres connection "master"
[0m05:01:40.924759 [debug] [MainThread]: On master: COMMIT
[0m05:01:40.925252 [debug] [MainThread]: SQL status: COMMIT in 0.000 seconds
[0m05:01:40.925631 [debug] [MainThread]: On master: Close
[0m05:01:40.926147 [debug] [MainThread]: Connection 'master' was properly closed.
[0m05:01:40.926497 [debug] [MainThread]: Connection 'model.servicenow_analytics.check' was properly closed.
[0m05:01:40.926867 [info ] [MainThread]: 
[0m05:01:40.927270 [info ] [MainThread]: Finished running 1 table model in 0 hours 0 minutes and 0.31 seconds (0.31s).
[0m05:01:40.928102 [debug] [MainThread]: Command end result
[0m05:01:41.009360 [info ] [MainThread]: 
[0m05:01:41.009927 [info ] [MainThread]: [32mCompleted successfully[0m
[0m05:01:41.010308 [info ] [MainThread]: 
[0m05:01:41.010702 [info ] [MainThread]: Done. PASS=1 WARN=0 ERROR=0 SKIP=0 TOTAL=1
[0m05:01:41.012950 [debug] [MainThread]: Resource report: {"command_name": "run", "command_success": true, "command_wall_clock_time": 1.3573629, "process_user_time": 2.452953, "process_kernel_time": 0.322779, "process_mem_max_rss": "112381952", "process_in_blocks": "0", "process_out_blocks": "0"}
[0m05:01:41.013593 [debug] [MainThread]: Command `dbt run` succeeded at 05:01:41.013469 after 1.36 seconds
[0m05:01:41.014048 [debug] [MainThread]: Sending event: {'category': 'dbt', 'action': 'invocation', 'label': 'end', 'context': [<snowplow_tracker.self_describing_json.SelfDescribingJson object at 0x10ac06d00>, <snowplow_tracker.self_describing_json.SelfDescribingJson object at 0x10ae18400>, <snowplow_tracker.self_describing_json.SelfDescribingJson object at 0x10c0e0a30>]}
[0m05:01:41.014499 [debug] [MainThread]: Flushing usage events
[0m05:01:43.237799 [debug] [MainThread]: An error was encountered while trying to flush usage events
[0m17:14:22.222149 [debug] [MainThread]: Sending event: {'category': 'dbt', 'action': 'invocation', 'label': 'start', 'context': [<snowplow_tracker.self_describing_json.SelfDescribingJson object at 0x112f7d7c0>, <snowplow_tracker.self_describing_json.SelfDescribingJson object at 0x113cb6130>, <snowplow_tracker.self_describing_json.SelfDescribingJson object at 0x113d143d0>]}


============================== 17:14:22.228642 | d4a41433-af51-4709-a4fe-a28f7971046d ==============================
[0m17:14:22.228642 [info ] [MainThread]: Running with dbt=1.9.0-b2
[0m17:14:22.229677 [debug] [MainThread]: running dbt with arguments {'printer_width': '80', 'indirect_selection': 'eager', 'write_json': 'True', 'log_cache_events': 'False', 'partial_parse': 'True', 'cache_selected_only': 'False', 'profiles_dir': '/Users/charanlobo/.dbt', 'version_check': 'True', 'debug': 'False', 'log_path': '/Users/charanlobo/dbt_servicenow_project/logs', 'warn_error': 'None', 'fail_fast': 'False', 'use_colors': 'True', 'use_experimental_parser': 'False', 'empty': 'False', 'quiet': 'False', 'no_print': 'None', 'log_format': 'default', 'static_parser': 'True', 'invocation_command': 'dbt run --model check', 'introspect': 'True', 'target_path': 'None', 'warn_error_options': 'WarnErrorOptions(include=[], exclude=[])', 'send_anonymous_usage_stats': 'True'}
[0m17:14:22.494650 [debug] [MainThread]: Sending event: {'category': 'dbt', 'action': 'project_id', 'label': 'd4a41433-af51-4709-a4fe-a28f7971046d', 'context': [<snowplow_tracker.self_describing_json.SelfDescribingJson object at 0x1118dff40>]}
[0m17:14:22.565771 [debug] [MainThread]: Sending event: {'category': 'dbt', 'action': 'adapter_info', 'label': 'd4a41433-af51-4709-a4fe-a28f7971046d', 'context': [<snowplow_tracker.self_describing_json.SelfDescribingJson object at 0x1136bf8b0>]}
[0m17:14:22.567391 [info ] [MainThread]: Registered adapter: postgres=1.8.2
[0m17:14:22.592890 [debug] [MainThread]: checksum: 4cfbbe2a671212f062e88a43cba5322b30b7e3e8e91b953aa4de249eeaade60f, vars: {}, profile: , target: , version: 1.9.0b2
[0m17:14:22.797661 [debug] [MainThread]: Partial parsing enabled: 0 files deleted, 0 files added, 0 files changed.
[0m17:14:22.798171 [debug] [MainThread]: Partial parsing enabled, no changes found, skipping parsing
[0m17:14:22.844453 [debug] [MainThread]: Sending event: {'category': 'dbt', 'action': 'load_project', 'label': 'd4a41433-af51-4709-a4fe-a28f7971046d', 'context': [<snowplow_tracker.self_describing_json.SelfDescribingJson object at 0x1143e9df0>]}
[0m17:14:22.969767 [debug] [MainThread]: Sending event: {'category': 'dbt', 'action': 'resource_counts', 'label': 'd4a41433-af51-4709-a4fe-a28f7971046d', 'context': [<snowplow_tracker.self_describing_json.SelfDescribingJson object at 0x1144a4550>]}
[0m17:14:22.970398 [info ] [MainThread]: Found 1 model, 1 source, 423 macros
[0m17:14:22.970792 [debug] [MainThread]: Sending event: {'category': 'dbt', 'action': 'runnable_timing', 'label': 'd4a41433-af51-4709-a4fe-a28f7971046d', 'context': [<snowplow_tracker.self_describing_json.SelfDescribingJson object at 0x1143fb520>]}
[0m17:14:22.972221 [info ] [MainThread]: 
[0m17:14:22.972689 [info ] [MainThread]: Concurrency: 4 threads (target='dev')
[0m17:14:22.973033 [info ] [MainThread]: 
[0m17:14:22.973615 [debug] [MainThread]: Acquiring new postgres connection 'master'
[0m17:14:22.974736 [debug] [ThreadPool]: Acquiring new postgres connection 'list_db'
[0m17:14:23.044157 [debug] [ThreadPool]: Using postgres connection "list_db"
[0m17:14:23.044702 [debug] [ThreadPool]: On list_db: /* {"app": "dbt", "dbt_version": "1.9.0b2", "profile_name": "servicenow_analytics", "target_name": "dev", "connection_name": "list_db"} */

    select distinct nspname from pg_namespace
  
[0m17:14:23.045137 [debug] [ThreadPool]: Opening a new connection, currently in state init
[0m17:14:23.097446 [debug] [ThreadPool]: SQL status: SELECT 5 in 0.052 seconds
[0m17:14:23.098929 [debug] [ThreadPool]: On list_db: Close
[0m17:14:23.100249 [debug] [ThreadPool]: Re-using an available connection from the pool (formerly list_db, now list_db_analytics_analytics)
[0m17:14:23.107854 [debug] [ThreadPool]: Using postgres connection "list_db_analytics_analytics"
[0m17:14:23.108326 [debug] [ThreadPool]: On list_db_analytics_analytics: BEGIN
[0m17:14:23.108697 [debug] [ThreadPool]: Opening a new connection, currently in state closed
[0m17:14:23.122207 [debug] [ThreadPool]: SQL status: BEGIN in 0.013 seconds
[0m17:14:23.122876 [debug] [ThreadPool]: Using postgres connection "list_db_analytics_analytics"
[0m17:14:23.125112 [debug] [ThreadPool]: On list_db_analytics_analytics: /* {"app": "dbt", "dbt_version": "1.9.0b2", "profile_name": "servicenow_analytics", "target_name": "dev", "connection_name": "list_db_analytics_analytics"} */
select
      'db' as database,
      tablename as name,
      schemaname as schema,
      'table' as type
    from pg_tables
    where schemaname ilike 'analytics_analytics'
    union all
    select
      'db' as database,
      viewname as name,
      schemaname as schema,
      'view' as type
    from pg_views
    where schemaname ilike 'analytics_analytics'
    union all
    select
      'db' as database,
      matviewname as name,
      schemaname as schema,
      'materialized_view' as type
    from pg_matviews
    where schemaname ilike 'analytics_analytics'
  
[0m17:14:23.135635 [debug] [ThreadPool]: SQL status: SELECT 0 in 0.010 seconds
[0m17:14:23.137128 [debug] [ThreadPool]: On list_db_analytics_analytics: ROLLBACK
[0m17:14:23.137845 [debug] [ThreadPool]: On list_db_analytics_analytics: Close
[0m17:14:23.143594 [debug] [MainThread]: Using postgres connection "master"
[0m17:14:23.144111 [debug] [MainThread]: On master: BEGIN
[0m17:14:23.144476 [debug] [MainThread]: Opening a new connection, currently in state init
[0m17:14:23.159138 [debug] [MainThread]: SQL status: BEGIN in 0.015 seconds
[0m17:14:23.159645 [debug] [MainThread]: Using postgres connection "master"
[0m17:14:23.160173 [debug] [MainThread]: On master: /* {"app": "dbt", "dbt_version": "1.9.0b2", "profile_name": "servicenow_analytics", "target_name": "dev", "connection_name": "master"} */
with relation as (
        select
            pg_rewrite.ev_class as class,
            pg_rewrite.oid as id
        from pg_rewrite
    ),
    class as (
        select
            oid as id,
            relname as name,
            relnamespace as schema,
            relkind as kind
        from pg_class
    ),
    dependency as (
        select distinct
            pg_depend.objid as id,
            pg_depend.refobjid as ref
        from pg_depend
    ),
    schema as (
        select
            pg_namespace.oid as id,
            pg_namespace.nspname as name
        from pg_namespace
        where nspname != 'information_schema' and nspname not like 'pg\_%'
    ),
    referenced as (
        select
            relation.id AS id,
            referenced_class.name ,
            referenced_class.schema ,
            referenced_class.kind
        from relation
        join class as referenced_class on relation.class=referenced_class.id
        where referenced_class.kind in ('r', 'v', 'm')
    ),
    relationships as (
        select
            referenced.name as referenced_name,
            referenced.schema as referenced_schema_id,
            dependent_class.name as dependent_name,
            dependent_class.schema as dependent_schema_id,
            referenced.kind as kind
        from referenced
        join dependency on referenced.id=dependency.id
        join class as dependent_class on dependency.ref=dependent_class.id
        where
            (referenced.name != dependent_class.name or
             referenced.schema != dependent_class.schema)
    )

    select
        referenced_schema.name as referenced_schema,
        relationships.referenced_name as referenced_name,
        dependent_schema.name as dependent_schema,
        relationships.dependent_name as dependent_name
    from relationships
    join schema as dependent_schema on relationships.dependent_schema_id=dependent_schema.id
    join schema as referenced_schema on relationships.referenced_schema_id=referenced_schema.id
    group by referenced_schema, referenced_name, dependent_schema, dependent_name
    order by referenced_schema, referenced_name, dependent_schema, dependent_name;
[0m17:14:23.170790 [debug] [MainThread]: SQL status: SELECT 0 in 0.010 seconds
[0m17:14:23.172693 [debug] [MainThread]: Sending event: {'category': 'dbt', 'action': 'runnable_timing', 'label': 'd4a41433-af51-4709-a4fe-a28f7971046d', 'context': [<snowplow_tracker.self_describing_json.SelfDescribingJson object at 0x1144a4d90>]}
[0m17:14:23.173387 [debug] [MainThread]: On master: ROLLBACK
[0m17:14:23.174105 [debug] [MainThread]: Using postgres connection "master"
[0m17:14:23.174557 [debug] [MainThread]: On master: BEGIN
[0m17:14:23.175376 [debug] [MainThread]: SQL status: BEGIN in 0.000 seconds
[0m17:14:23.176588 [debug] [MainThread]: On master: COMMIT
[0m17:14:23.197389 [debug] [MainThread]: Using postgres connection "master"
[0m17:14:23.204600 [debug] [MainThread]: On master: COMMIT
[0m17:14:23.205919 [debug] [MainThread]: SQL status: COMMIT in 0.000 seconds
[0m17:14:23.206770 [debug] [MainThread]: On master: Close
[0m17:14:23.212524 [debug] [Thread-1  ]: Began running node model.servicenow_analytics.check
[0m17:14:23.213738 [info ] [Thread-1  ]: 1 of 1 START sql table model analytics_analytics.check ......................... [RUN]
[0m17:14:23.214722 [debug] [Thread-1  ]: Re-using an available connection from the pool (formerly list_db_analytics_analytics, now model.servicenow_analytics.check)
[0m17:14:23.215493 [debug] [Thread-1  ]: Began compiling node model.servicenow_analytics.check
[0m17:14:23.228291 [debug] [Thread-1  ]: Writing injected SQL for node "model.servicenow_analytics.check"
[0m17:14:23.229566 [debug] [Thread-1  ]: Began executing node model.servicenow_analytics.check
[0m17:14:23.278941 [debug] [Thread-1  ]: Writing runtime sql for node "model.servicenow_analytics.check"
[0m17:14:23.280281 [debug] [Thread-1  ]: Using postgres connection "model.servicenow_analytics.check"
[0m17:14:23.280767 [debug] [Thread-1  ]: On model.servicenow_analytics.check: BEGIN
[0m17:14:23.281140 [debug] [Thread-1  ]: Opening a new connection, currently in state closed
[0m17:14:23.293914 [debug] [Thread-1  ]: SQL status: BEGIN in 0.013 seconds
[0m17:14:23.294424 [debug] [Thread-1  ]: Using postgres connection "model.servicenow_analytics.check"
[0m17:14:23.294830 [debug] [Thread-1  ]: On model.servicenow_analytics.check: /* {"app": "dbt", "dbt_version": "1.9.0b2", "profile_name": "servicenow_analytics", "target_name": "dev", "node_id": "model.servicenow_analytics.check"} */

  
    

  create  table "db"."analytics_analytics"."check__dbt_tmp"
  
  
    as
  
  (
    

-- Simple ticket count by category
SELECT
   inc_category, COUNT(*) AS ticket_count
FROM 
    "db"."public"."servicenow_tickets_raw"
GROUP BY 
    inc_category
ORDER BY 
    ticket_count DESC
  );
  
[0m17:14:23.302735 [debug] [Thread-1  ]: SQL status: SELECT 9 in 0.007 seconds
[0m17:14:23.311303 [debug] [Thread-1  ]: Using postgres connection "model.servicenow_analytics.check"
[0m17:14:23.311841 [debug] [Thread-1  ]: On model.servicenow_analytics.check: /* {"app": "dbt", "dbt_version": "1.9.0b2", "profile_name": "servicenow_analytics", "target_name": "dev", "node_id": "model.servicenow_analytics.check"} */
alter table "db"."analytics_analytics"."check__dbt_tmp" rename to "check"
[0m17:14:23.314527 [debug] [Thread-1  ]: SQL status: ALTER TABLE in 0.002 seconds
[0m17:14:23.338170 [debug] [Thread-1  ]: On model.servicenow_analytics.check: COMMIT
[0m17:14:23.338710 [debug] [Thread-1  ]: Using postgres connection "model.servicenow_analytics.check"
[0m17:14:23.339110 [debug] [Thread-1  ]: On model.servicenow_analytics.check: COMMIT
[0m17:14:23.340201 [debug] [Thread-1  ]: SQL status: COMMIT in 0.001 seconds
[0m17:14:23.348216 [debug] [Thread-1  ]: Applying DROP to: "db"."analytics_analytics"."check__dbt_backup"
[0m17:14:23.353541 [debug] [Thread-1  ]: Using postgres connection "model.servicenow_analytics.check"
[0m17:14:23.354044 [debug] [Thread-1  ]: On model.servicenow_analytics.check: /* {"app": "dbt", "dbt_version": "1.9.0b2", "profile_name": "servicenow_analytics", "target_name": "dev", "node_id": "model.servicenow_analytics.check"} */
drop table if exists "db"."analytics_analytics"."check__dbt_backup" cascade
[0m17:14:23.355241 [debug] [Thread-1  ]: SQL status: DROP TABLE in 0.001 seconds
[0m17:14:23.358581 [debug] [Thread-1  ]: On model.servicenow_analytics.check: Close
[0m17:14:23.360693 [debug] [Thread-1  ]: Sending event: {'category': 'dbt', 'action': 'run_model', 'label': 'd4a41433-af51-4709-a4fe-a28f7971046d', 'context': [<snowplow_tracker.self_describing_json.SelfDescribingJson object at 0x114cad820>]}
[0m17:14:23.361633 [info ] [Thread-1  ]: 1 of 1 OK created sql table model analytics_analytics.check .................... [[32mSELECT 9[0m in 0.15s]
[0m17:14:23.362505 [debug] [Thread-1  ]: Finished running node model.servicenow_analytics.check
[0m17:14:23.364106 [debug] [MainThread]: Using postgres connection "master"
[0m17:14:23.364477 [debug] [MainThread]: On master: BEGIN
[0m17:14:23.364782 [debug] [MainThread]: Opening a new connection, currently in state closed
[0m17:14:23.377251 [debug] [MainThread]: SQL status: BEGIN in 0.012 seconds
[0m17:14:23.377722 [debug] [MainThread]: On master: COMMIT
[0m17:14:23.378050 [debug] [MainThread]: Using postgres connection "master"
[0m17:14:23.378360 [debug] [MainThread]: On master: COMMIT
[0m17:14:23.378795 [debug] [MainThread]: SQL status: COMMIT in 0.000 seconds
[0m17:14:23.379136 [debug] [MainThread]: On master: Close
[0m17:14:23.379923 [debug] [MainThread]: Connection 'master' was properly closed.
[0m17:14:23.380319 [debug] [MainThread]: Connection 'model.servicenow_analytics.check' was properly closed.
[0m17:14:23.380670 [info ] [MainThread]: 
[0m17:14:23.381058 [info ] [MainThread]: Finished running 1 table model in 0 hours 0 minutes and 0.41 seconds (0.41s).
[0m17:14:23.382015 [debug] [MainThread]: Command end result
[0m17:14:23.413477 [info ] [MainThread]: 
[0m17:14:23.414116 [info ] [MainThread]: [32mCompleted successfully[0m
[0m17:14:23.414450 [info ] [MainThread]: 
[0m17:14:23.414810 [info ] [MainThread]: Done. PASS=1 WARN=0 ERROR=0 SKIP=0 TOTAL=1
[0m17:14:23.417181 [debug] [MainThread]: Resource report: {"command_name": "run", "command_success": true, "command_wall_clock_time": 1.2834648, "process_user_time": 2.400572, "process_kernel_time": 0.472984, "process_mem_max_rss": "108769280", "process_in_blocks": "0", "process_out_blocks": "0"}
[0m17:14:23.417981 [debug] [MainThread]: Command `dbt run` succeeded at 17:14:23.417799 after 1.28 seconds
[0m17:14:23.418472 [debug] [MainThread]: Sending event: {'category': 'dbt', 'action': 'invocation', 'label': 'end', 'context': [<snowplow_tracker.self_describing_json.SelfDescribingJson object at 0x112f7d7c0>, <snowplow_tracker.self_describing_json.SelfDescribingJson object at 0x113f149d0>, <snowplow_tracker.self_describing_json.SelfDescribingJson object at 0x114417460>]}
[0m17:14:23.418900 [debug] [MainThread]: Flushing usage events
[0m17:14:24.321098 [debug] [MainThread]: An error was encountered while trying to flush usage events
[0m18:00:03.345093 [debug] [MainThread]: Sending event: {'category': 'dbt', 'action': 'invocation', 'label': 'start', 'context': [<snowplow_tracker.self_describing_json.SelfDescribingJson object at 0x10c0d8820>, <snowplow_tracker.self_describing_json.SelfDescribingJson object at 0x10cdffbe0>, <snowplow_tracker.self_describing_json.SelfDescribingJson object at 0x10ce66520>]}


============================== 18:00:03.353090 | f0a4f4b9-2f8b-4a81-925b-d6414d1b9066 ==============================
[0m18:00:03.353090 [info ] [MainThread]: Running with dbt=1.9.0-b2
[0m18:00:03.354055 [debug] [MainThread]: running dbt with arguments {'printer_width': '80', 'indirect_selection': 'eager', 'log_cache_events': 'False', 'write_json': 'True', 'partial_parse': 'True', 'cache_selected_only': 'False', 'warn_error': 'None', 'fail_fast': 'False', 'version_check': 'True', 'log_path': '/Users/charanlobo/dbt_servicenow_project/logs', 'profiles_dir': '/Users/charanlobo/.dbt', 'debug': 'False', 'use_colors': 'True', 'use_experimental_parser': 'False', 'no_print': 'None', 'quiet': 'False', 'empty': 'False', 'warn_error_options': 'WarnErrorOptions(include=[], exclude=[])', 'static_parser': 'True', 'introspect': 'True', 'log_format': 'default', 'target_path': 'None', 'invocation_command': 'dbt run', 'send_anonymous_usage_stats': 'True'}
[0m18:00:03.641005 [debug] [MainThread]: Sending event: {'category': 'dbt', 'action': 'project_id', 'label': 'f0a4f4b9-2f8b-4a81-925b-d6414d1b9066', 'context': [<snowplow_tracker.self_describing_json.SelfDescribingJson object at 0x10ce48b20>]}
[0m18:00:03.711574 [debug] [MainThread]: Sending event: {'category': 'dbt', 'action': 'adapter_info', 'label': 'f0a4f4b9-2f8b-4a81-925b-d6414d1b9066', 'context': [<snowplow_tracker.self_describing_json.SelfDescribingJson object at 0x10d1c7e80>]}
[0m18:00:03.713835 [info ] [MainThread]: Registered adapter: postgres=1.8.2
[0m18:00:03.736716 [debug] [MainThread]: checksum: 4cfbbe2a671212f062e88a43cba5322b30b7e3e8e91b953aa4de249eeaade60f, vars: {}, profile: , target: , version: 1.9.0b2
[0m18:00:03.934217 [debug] [MainThread]: Partial parsing enabled: 0 files deleted, 5 files added, 1 files changed.
[0m18:00:03.934988 [debug] [MainThread]: Partial parsing: added file: servicenow_analytics://models/staging/servicenow_tickets_cleaned.sql
[0m18:00:03.935685 [debug] [MainThread]: Partial parsing: added file: servicenow_analytics://models/staging/servicenow_tickets_avg_resolution_time.sql
[0m18:00:03.936205 [debug] [MainThread]: Partial parsing: added file: servicenow_analytics://models/staging/servicenow_tickets_closure_rate.sql
[0m18:00:03.936637 [debug] [MainThread]: Partial parsing: added file: servicenow_analytics://models/staging/servicenow_tickets_date_extracted.sql
[0m18:00:03.937064 [debug] [MainThread]: Partial parsing: added file: servicenow_analytics://models/staging/servicenow_monthly_ticket_summary.sql
[0m18:00:03.937764 [debug] [MainThread]: Partial parsing: updated file: servicenow_analytics://models/sources.yml
[0m18:00:04.439207 [error] [MainThread]: Encountered an error:
Compilation Error
  Model 'model.servicenow_analytics.check' (models/staging/check.sql) depends on a source named 'raw.servicenow_tickets_raw' which was not found
[0m18:00:04.443437 [debug] [MainThread]: Resource report: {"command_name": "run", "command_wall_clock_time": 1.1927036, "process_user_time": 2.436229, "process_kernel_time": 0.422845, "process_mem_max_rss": "105373696", "command_success": false, "process_in_blocks": "0", "process_out_blocks": "0"}
[0m18:00:04.444387 [debug] [MainThread]: Command `dbt run` failed at 18:00:04.444227 after 1.19 seconds
[0m18:00:04.444904 [debug] [MainThread]: Sending event: {'category': 'dbt', 'action': 'invocation', 'label': 'end', 'context': [<snowplow_tracker.self_describing_json.SelfDescribingJson object at 0x10c0d8820>, <snowplow_tracker.self_describing_json.SelfDescribingJson object at 0x10b50d4f0>, <snowplow_tracker.self_describing_json.SelfDescribingJson object at 0x10dc0d820>]}
[0m18:00:04.445413 [debug] [MainThread]: Flushing usage events
[0m18:00:05.765215 [debug] [MainThread]: An error was encountered while trying to flush usage events
[0m18:00:18.641460 [debug] [MainThread]: Sending event: {'category': 'dbt', 'action': 'invocation', 'label': 'start', 'context': [<snowplow_tracker.self_describing_json.SelfDescribingJson object at 0x10ceb8820>, <snowplow_tracker.self_describing_json.SelfDescribingJson object at 0x10dbddbe0>, <snowplow_tracker.self_describing_json.SelfDescribingJson object at 0x10dc4c520>]}


============================== 18:00:18.648821 | 222549fc-feaf-4fa6-b03e-89b8f909707d ==============================
[0m18:00:18.648821 [info ] [MainThread]: Running with dbt=1.9.0-b2
[0m18:00:18.649880 [debug] [MainThread]: running dbt with arguments {'printer_width': '80', 'indirect_selection': 'eager', 'log_cache_events': 'False', 'write_json': 'True', 'partial_parse': 'True', 'cache_selected_only': 'False', 'warn_error': 'None', 'version_check': 'True', 'debug': 'False', 'log_path': '/Users/charanlobo/dbt_servicenow_project/logs', 'fail_fast': 'False', 'profiles_dir': '/Users/charanlobo/.dbt', 'use_colors': 'True', 'use_experimental_parser': 'False', 'empty': 'False', 'quiet': 'False', 'no_print': 'None', 'log_format': 'default', 'introspect': 'True', 'warn_error_options': 'WarnErrorOptions(include=[], exclude=[])', 'static_parser': 'True', 'target_path': 'None', 'invocation_command': 'dbt run', 'send_anonymous_usage_stats': 'True'}
[0m18:00:19.003826 [debug] [MainThread]: Sending event: {'category': 'dbt', 'action': 'project_id', 'label': '222549fc-feaf-4fa6-b03e-89b8f909707d', 'context': [<snowplow_tracker.self_describing_json.SelfDescribingJson object at 0x10d10cb20>]}
[0m18:00:19.072547 [debug] [MainThread]: Sending event: {'category': 'dbt', 'action': 'adapter_info', 'label': '222549fc-feaf-4fa6-b03e-89b8f909707d', 'context': [<snowplow_tracker.self_describing_json.SelfDescribingJson object at 0x10dc62580>]}
[0m18:00:19.074589 [info ] [MainThread]: Registered adapter: postgres=1.8.2
[0m18:00:19.097439 [debug] [MainThread]: checksum: 4cfbbe2a671212f062e88a43cba5322b30b7e3e8e91b953aa4de249eeaade60f, vars: {}, profile: , target: , version: 1.9.0b2
[0m18:00:19.274016 [debug] [MainThread]: Partial parsing enabled: 0 files deleted, 5 files added, 1 files changed.
[0m18:00:19.274665 [debug] [MainThread]: Partial parsing: added file: servicenow_analytics://models/staging/servicenow_tickets_cleaned.sql
[0m18:00:19.275161 [debug] [MainThread]: Partial parsing: added file: servicenow_analytics://models/staging/servicenow_tickets_closure_rate.sql
[0m18:00:19.275780 [debug] [MainThread]: Partial parsing: added file: servicenow_analytics://models/staging/servicenow_monthly_ticket_summary.sql
[0m18:00:19.276243 [debug] [MainThread]: Partial parsing: added file: servicenow_analytics://models/staging/servicenow_tickets_avg_resolution_time.sql
[0m18:00:19.276655 [debug] [MainThread]: Partial parsing: added file: servicenow_analytics://models/staging/servicenow_tickets_date_extracted.sql
[0m18:00:19.277448 [debug] [MainThread]: Partial parsing: updated file: servicenow_analytics://models/sources.yml
[0m18:00:19.685593 [error] [MainThread]: Encountered an error:
Compilation Error
  Model 'model.servicenow_analytics.check' (models/staging/check.sql) depends on a source named 'raw.servicenow_tickets_raw' which was not found
[0m18:00:19.688755 [debug] [MainThread]: Resource report: {"command_name": "run", "command_wall_clock_time": 1.1354167, "process_user_time": 2.414605, "process_kernel_time": 0.374849, "process_mem_max_rss": "105267200", "command_success": false, "process_in_blocks": "0", "process_out_blocks": "0"}
[0m18:00:19.689535 [debug] [MainThread]: Command `dbt run` failed at 18:00:19.689405 after 1.14 seconds
[0m18:00:19.690001 [debug] [MainThread]: Sending event: {'category': 'dbt', 'action': 'invocation', 'label': 'end', 'context': [<snowplow_tracker.self_describing_json.SelfDescribingJson object at 0x10ceb8820>, <snowplow_tracker.self_describing_json.SelfDescribingJson object at 0x10c2ed4f0>, <snowplow_tracker.self_describing_json.SelfDescribingJson object at 0x10e3e7b80>]}
[0m18:00:19.690483 [debug] [MainThread]: Flushing usage events
[0m18:00:20.751693 [debug] [MainThread]: An error was encountered while trying to flush usage events
[0m18:05:59.239755 [debug] [MainThread]: Sending event: {'category': 'dbt', 'action': 'invocation', 'label': 'start', 'context': [<snowplow_tracker.self_describing_json.SelfDescribingJson object at 0x10a546880>, <snowplow_tracker.self_describing_json.SelfDescribingJson object at 0x10b27d3a0>, <snowplow_tracker.self_describing_json.SelfDescribingJson object at 0x10b2e0160>]}


============================== 18:05:59.248538 | 91e92fec-3c9f-4f1b-b015-ff6148a56d10 ==============================
[0m18:05:59.248538 [info ] [MainThread]: Running with dbt=1.9.0-b2
[0m18:05:59.249498 [debug] [MainThread]: running dbt with arguments {'printer_width': '80', 'indirect_selection': 'eager', 'log_cache_events': 'False', 'write_json': 'True', 'partial_parse': 'True', 'cache_selected_only': 'False', 'profiles_dir': '/Users/charanlobo/dbt_servicenow_project', 'fail_fast': 'False', 'debug': 'False', 'log_path': '/Users/charanlobo/dbt_servicenow_project/logs', 'warn_error': 'None', 'version_check': 'True', 'use_colors': 'True', 'use_experimental_parser': 'False', 'no_print': 'None', 'quiet': 'False', 'empty': 'False', 'log_format': 'default', 'static_parser': 'True', 'warn_error_options': 'WarnErrorOptions(include=[], exclude=[])', 'invocation_command': 'dbt run --select staging+ --full-refresh', 'target_path': 'None', 'introspect': 'True', 'send_anonymous_usage_stats': 'True'}
[0m18:05:59.254122 [error] [MainThread]: Encountered an error:
Runtime Error
  Could not find profile named 'servicenow_analytics'
[0m18:05:59.257196 [debug] [MainThread]: Resource report: {"command_name": "run", "command_wall_clock_time": 0.11721871, "process_user_time": 1.634054, "process_kernel_time": 0.310918, "process_mem_max_rss": "89546752", "command_success": false, "process_in_blocks": "0", "process_out_blocks": "0"}
[0m18:05:59.258084 [debug] [MainThread]: Command `dbt run` failed at 18:05:59.257925 after 0.12 seconds
[0m18:05:59.258702 [debug] [MainThread]: Sending event: {'category': 'dbt', 'action': 'invocation', 'label': 'end', 'context': [<snowplow_tracker.self_describing_json.SelfDescribingJson object at 0x10a546880>, <snowplow_tracker.self_describing_json.SelfDescribingJson object at 0x10b2e0d90>, <snowplow_tracker.self_describing_json.SelfDescribingJson object at 0x10b329790>]}
[0m18:05:59.259211 [debug] [MainThread]: Flushing usage events
[0m18:06:01.793410 [debug] [MainThread]: An error was encountered while trying to flush usage events
[0m18:10:10.079427 [debug] [MainThread]: Sending event: {'category': 'dbt', 'action': 'invocation', 'label': 'start', 'context': [<snowplow_tracker.self_describing_json.SelfDescribingJson object at 0x10bf537f0>, <snowplow_tracker.self_describing_json.SelfDescribingJson object at 0x10cca8bb0>, <snowplow_tracker.self_describing_json.SelfDescribingJson object at 0x10cce90d0>]}


============================== 18:10:10.085815 | 5ef9c192-b363-4e14-8165-ad1da7d6860b ==============================
[0m18:10:10.085815 [info ] [MainThread]: Running with dbt=1.9.0-b2
[0m18:10:10.086744 [debug] [MainThread]: running dbt with arguments {'printer_width': '80', 'indirect_selection': 'eager', 'log_cache_events': 'False', 'write_json': 'True', 'partial_parse': 'True', 'cache_selected_only': 'False', 'warn_error': 'None', 'fail_fast': 'False', 'version_check': 'True', 'log_path': '/Users/charanlobo/dbt_servicenow_project/logs', 'debug': 'False', 'profiles_dir': '/Users/charanlobo/.dbt', 'use_colors': 'True', 'use_experimental_parser': 'False', 'no_print': 'None', 'quiet': 'False', 'empty': 'False', 'log_format': 'default', 'invocation_command': 'dbt run --model check', 'static_parser': 'True', 'introspect': 'True', 'target_path': 'None', 'warn_error_options': 'WarnErrorOptions(include=[], exclude=[])', 'send_anonymous_usage_stats': 'True'}
[0m18:10:10.382614 [debug] [MainThread]: Sending event: {'category': 'dbt', 'action': 'project_id', 'label': '5ef9c192-b363-4e14-8165-ad1da7d6860b', 'context': [<snowplow_tracker.self_describing_json.SelfDescribingJson object at 0x10a8b4d60>]}
[0m18:10:10.451191 [debug] [MainThread]: Sending event: {'category': 'dbt', 'action': 'adapter_info', 'label': '5ef9c192-b363-4e14-8165-ad1da7d6860b', 'context': [<snowplow_tracker.self_describing_json.SelfDescribingJson object at 0x10ccd14f0>]}
[0m18:10:10.453299 [info ] [MainThread]: Registered adapter: postgres=1.8.2
[0m18:10:10.474865 [debug] [MainThread]: checksum: 4cfbbe2a671212f062e88a43cba5322b30b7e3e8e91b953aa4de249eeaade60f, vars: {}, profile: , target: , version: 1.9.0b2
[0m18:10:10.703884 [debug] [MainThread]: Partial parsing enabled: 0 files deleted, 5 files added, 1 files changed.
[0m18:10:10.704885 [debug] [MainThread]: Partial parsing: added file: servicenow_analytics://models/staging/servicenow_tickets_cleaned.sql
[0m18:10:10.705616 [debug] [MainThread]: Partial parsing: added file: servicenow_analytics://models/staging/servicenow_monthly_ticket_summary.sql
[0m18:10:10.706123 [debug] [MainThread]: Partial parsing: added file: servicenow_analytics://models/staging/servicenow_tickets_closure_rate.sql
[0m18:10:10.706560 [debug] [MainThread]: Partial parsing: added file: servicenow_analytics://models/staging/servicenow_tickets_date_extracted.sql
[0m18:10:10.706986 [debug] [MainThread]: Partial parsing: added file: servicenow_analytics://models/staging/servicenow_tickets_avg_resolution_time.sql
[0m18:10:10.707698 [debug] [MainThread]: Partial parsing: updated file: servicenow_analytics://models/sources.yml
[0m18:10:11.108442 [error] [MainThread]: Encountered an error:
Compilation Error
  Model 'model.servicenow_analytics.check' (models/staging/check.sql) depends on a source named 'raw.servicenow_tickets_raw' which was not found
[0m18:10:11.111449 [debug] [MainThread]: Resource report: {"command_name": "run", "command_wall_clock_time": 1.1215292, "process_user_time": 2.380464, "process_kernel_time": 0.379909, "process_mem_max_rss": "105185280", "command_success": false, "process_in_blocks": "0", "process_out_blocks": "0"}
[0m18:10:11.112241 [debug] [MainThread]: Command `dbt run` failed at 18:10:11.112105 after 1.12 seconds
[0m18:10:11.112752 [debug] [MainThread]: Sending event: {'category': 'dbt', 'action': 'invocation', 'label': 'end', 'context': [<snowplow_tracker.self_describing_json.SelfDescribingJson object at 0x10bf537f0>, <snowplow_tracker.self_describing_json.SelfDescribingJson object at 0x10d195a30>, <snowplow_tracker.self_describing_json.SelfDescribingJson object at 0x10d4855e0>]}
[0m18:10:11.113262 [debug] [MainThread]: Flushing usage events
[0m18:10:12.015576 [debug] [MainThread]: An error was encountered while trying to flush usage events
[0m18:18:58.621354 [debug] [MainThread]: Sending event: {'category': 'dbt', 'action': 'invocation', 'label': 'start', 'context': [<snowplow_tracker.self_describing_json.SelfDescribingJson object at 0x10fe9bd90>, <snowplow_tracker.self_describing_json.SelfDescribingJson object at 0x110c07e50>, <snowplow_tracker.self_describing_json.SelfDescribingJson object at 0x110c38910>]}


============================== 18:18:58.628575 | 234d8441-7041-443b-8eb3-1e3b1a0ca2ee ==============================
[0m18:18:58.628575 [info ] [MainThread]: Running with dbt=1.9.0-b2
[0m18:18:58.629580 [debug] [MainThread]: running dbt with arguments {'printer_width': '80', 'indirect_selection': 'eager', 'write_json': 'True', 'log_cache_events': 'False', 'partial_parse': 'True', 'cache_selected_only': 'False', 'warn_error': 'None', 'fail_fast': 'False', 'profiles_dir': '/Users/charanlobo/.dbt', 'log_path': '/Users/charanlobo/dbt_servicenow_project/logs', 'debug': 'False', 'version_check': 'True', 'use_colors': 'True', 'use_experimental_parser': 'False', 'empty': 'False', 'quiet': 'False', 'no_print': 'None', 'warn_error_options': 'WarnErrorOptions(include=[], exclude=[])', 'introspect': 'True', 'log_format': 'default', 'invocation_command': 'dbt run', 'target_path': 'None', 'static_parser': 'True', 'send_anonymous_usage_stats': 'True'}
[0m18:18:58.870387 [debug] [MainThread]: Sending event: {'category': 'dbt', 'action': 'project_id', 'label': '234d8441-7041-443b-8eb3-1e3b1a0ca2ee', 'context': [<snowplow_tracker.self_describing_json.SelfDescribingJson object at 0x110e2f6a0>]}
[0m18:18:58.938249 [debug] [MainThread]: Sending event: {'category': 'dbt', 'action': 'adapter_info', 'label': '234d8441-7041-443b-8eb3-1e3b1a0ca2ee', 'context': [<snowplow_tracker.self_describing_json.SelfDescribingJson object at 0x1105fc910>]}
[0m18:18:58.939893 [info ] [MainThread]: Registered adapter: postgres=1.8.2
[0m18:18:58.960380 [debug] [MainThread]: checksum: 4cfbbe2a671212f062e88a43cba5322b30b7e3e8e91b953aa4de249eeaade60f, vars: {}, profile: , target: , version: 1.9.0b2
[0m18:18:59.169831 [debug] [MainThread]: Partial parsing enabled: 0 files deleted, 5 files added, 1 files changed.
[0m18:18:59.170721 [debug] [MainThread]: Partial parsing: added file: servicenow_analytics://models/staging/servicenow_monthly_ticket_summary.sql
[0m18:18:59.171319 [debug] [MainThread]: Partial parsing: added file: servicenow_analytics://models/staging/servicenow_tickets_avg_resolution_time.sql
[0m18:18:59.171944 [debug] [MainThread]: Partial parsing: added file: servicenow_analytics://models/staging/servicenow_tickets_cleaned.sql
[0m18:18:59.172567 [debug] [MainThread]: Partial parsing: added file: servicenow_analytics://models/staging/servicenow_tickets_date_extracted.sql
[0m18:18:59.173171 [debug] [MainThread]: Partial parsing: added file: servicenow_analytics://models/staging/servicenow_tickets_closure_rate.sql
[0m18:18:59.174062 [debug] [MainThread]: Partial parsing: updated file: servicenow_analytics://models/sources.yml
[0m18:18:59.572355 [error] [MainThread]: Encountered an error:
Compilation Error
  Model 'model.servicenow_analytics.check' (models/staging/check.sql) depends on a source named 'raw.servicenow_tickets_raw' which was not found
[0m18:18:59.575049 [debug] [MainThread]: Resource report: {"command_name": "run", "command_wall_clock_time": 1.0395718, "process_user_time": 2.251801, "process_kernel_time": 0.327598, "process_mem_max_rss": "105209856", "command_success": false, "process_in_blocks": "0", "process_out_blocks": "0"}
[0m18:18:59.575788 [debug] [MainThread]: Command `dbt run` failed at 18:18:59.575655 after 1.04 seconds
[0m18:18:59.576305 [debug] [MainThread]: Sending event: {'category': 'dbt', 'action': 'invocation', 'label': 'end', 'context': [<snowplow_tracker.self_describing_json.SelfDescribingJson object at 0x10fe9bd90>, <snowplow_tracker.self_describing_json.SelfDescribingJson object at 0x10f8dd610>, <snowplow_tracker.self_describing_json.SelfDescribingJson object at 0x111a931c0>]}
[0m18:18:59.576851 [debug] [MainThread]: Flushing usage events
[0m18:19:01.195359 [debug] [MainThread]: An error was encountered while trying to flush usage events
[0m18:29:49.745927 [debug] [MainThread]: Sending event: {'category': 'dbt', 'action': 'invocation', 'label': 'start', 'context': [<snowplow_tracker.self_describing_json.SelfDescribingJson object at 0x10a60edf0>, <snowplow_tracker.self_describing_json.SelfDescribingJson object at 0x10b341310>, <snowplow_tracker.self_describing_json.SelfDescribingJson object at 0x10b3ab940>]}


============================== 18:29:49.752366 | b85f91aa-de53-4e42-93d9-9e4b9698c42b ==============================
[0m18:29:49.752366 [info ] [MainThread]: Running with dbt=1.9.0-b2
[0m18:29:49.753136 [debug] [MainThread]: running dbt with arguments {'printer_width': '80', 'indirect_selection': 'eager', 'log_cache_events': 'False', 'write_json': 'True', 'partial_parse': 'True', 'cache_selected_only': 'False', 'profiles_dir': '/Users/charanlobo/.dbt', 'debug': 'False', 'fail_fast': 'False', 'log_path': '/Users/charanlobo/dbt_servicenow_project/logs', 'warn_error': 'None', 'version_check': 'True', 'use_colors': 'True', 'use_experimental_parser': 'False', 'no_print': 'None', 'quiet': 'False', 'empty': 'False', 'warn_error_options': 'WarnErrorOptions(include=[], exclude=[])', 'static_parser': 'True', 'log_format': 'default', 'introspect': 'True', 'target_path': 'None', 'invocation_command': 'dbt run', 'send_anonymous_usage_stats': 'True'}
[0m18:29:49.995347 [debug] [MainThread]: Sending event: {'category': 'dbt', 'action': 'project_id', 'label': 'b85f91aa-de53-4e42-93d9-9e4b9698c42b', 'context': [<snowplow_tracker.self_describing_json.SelfDescribingJson object at 0x10b598190>]}
[0m18:29:50.075013 [debug] [MainThread]: Sending event: {'category': 'dbt', 'action': 'adapter_info', 'label': 'b85f91aa-de53-4e42-93d9-9e4b9698c42b', 'context': [<snowplow_tracker.self_describing_json.SelfDescribingJson object at 0x10b3b3d60>]}
[0m18:29:50.076813 [info ] [MainThread]: Registered adapter: postgres=1.8.2
[0m18:29:50.099208 [debug] [MainThread]: checksum: 4cfbbe2a671212f062e88a43cba5322b30b7e3e8e91b953aa4de249eeaade60f, vars: {}, profile: , target: , version: 1.9.0b2
[0m18:29:50.287097 [debug] [MainThread]: Partial parsing enabled: 0 files deleted, 5 files added, 2 files changed.
[0m18:29:50.287750 [debug] [MainThread]: Partial parsing: added file: servicenow_analytics://models/staging/servicenow_tickets_closure_rate.sql
[0m18:29:50.288199 [debug] [MainThread]: Partial parsing: added file: servicenow_analytics://models/staging/servicenow_tickets_cleaned.sql
[0m18:29:50.288632 [debug] [MainThread]: Partial parsing: added file: servicenow_analytics://models/staging/servicenow_tickets_date_extracted.sql
[0m18:29:50.289028 [debug] [MainThread]: Partial parsing: added file: servicenow_analytics://models/staging/servicenow_tickets_avg_resolution_time.sql
[0m18:29:50.289442 [debug] [MainThread]: Partial parsing: added file: servicenow_analytics://models/staging/servicenow_monthly_ticket_summary.sql
[0m18:29:50.290175 [debug] [MainThread]: Partial parsing: updated file: servicenow_analytics://models/sources.yml
[0m18:29:50.290620 [debug] [MainThread]: Partial parsing: updated file: servicenow_analytics://models/staging/check.sql
[0m18:29:50.679645 [error] [MainThread]: Encountered an error:
Compilation Error
  Model 'model.servicenow_analytics.servicenow_tickets_cleaned' (models/staging/servicenow_tickets_cleaned.sql) depends on a node named 'servicenow_tickets_raw' which was not found
[0m18:29:50.682288 [debug] [MainThread]: Resource report: {"command_name": "run", "command_wall_clock_time": 1.0307958, "process_user_time": 2.314616, "process_kernel_time": 0.332288, "process_mem_max_rss": "105635840", "command_success": false, "process_in_blocks": "0", "process_out_blocks": "0"}
[0m18:29:50.683010 [debug] [MainThread]: Command `dbt run` failed at 18:29:50.682877 after 1.03 seconds
[0m18:29:50.683530 [debug] [MainThread]: Sending event: {'category': 'dbt', 'action': 'invocation', 'label': 'end', 'context': [<snowplow_tracker.self_describing_json.SelfDescribingJson object at 0x10a60edf0>, <snowplow_tracker.self_describing_json.SelfDescribingJson object at 0x10c1bac10>, <snowplow_tracker.self_describing_json.SelfDescribingJson object at 0x10c148df0>]}
[0m18:29:50.684067 [debug] [MainThread]: Flushing usage events
[0m18:29:51.685767 [debug] [MainThread]: An error was encountered while trying to flush usage events
[0m18:33:06.400373 [debug] [MainThread]: Sending event: {'category': 'dbt', 'action': 'invocation', 'label': 'start', 'context': [<snowplow_tracker.self_describing_json.SelfDescribingJson object at 0x104fcedf0>, <snowplow_tracker.self_describing_json.SelfDescribingJson object at 0x105d01310>, <snowplow_tracker.self_describing_json.SelfDescribingJson object at 0x105d6b940>]}


============================== 18:33:06.406285 | a6560270-8463-4eef-9683-2cf0c854752b ==============================
[0m18:33:06.406285 [info ] [MainThread]: Running with dbt=1.9.0-b2
[0m18:33:06.407144 [debug] [MainThread]: running dbt with arguments {'printer_width': '80', 'indirect_selection': 'eager', 'write_json': 'True', 'log_cache_events': 'False', 'partial_parse': 'True', 'cache_selected_only': 'False', 'warn_error': 'None', 'debug': 'False', 'fail_fast': 'False', 'log_path': '/Users/charanlobo/dbt_servicenow_project/logs', 'version_check': 'True', 'profiles_dir': '/Users/charanlobo/.dbt', 'use_colors': 'True', 'use_experimental_parser': 'False', 'no_print': 'None', 'quiet': 'False', 'empty': 'False', 'log_format': 'default', 'static_parser': 'True', 'warn_error_options': 'WarnErrorOptions(include=[], exclude=[])', 'introspect': 'True', 'target_path': 'None', 'invocation_command': 'dbt run', 'send_anonymous_usage_stats': 'True'}
[0m18:33:06.637227 [debug] [MainThread]: Sending event: {'category': 'dbt', 'action': 'project_id', 'label': 'a6560270-8463-4eef-9683-2cf0c854752b', 'context': [<snowplow_tracker.self_describing_json.SelfDescribingJson object at 0x105f581c0>]}
[0m18:33:06.706521 [debug] [MainThread]: Sending event: {'category': 'dbt', 'action': 'adapter_info', 'label': 'a6560270-8463-4eef-9683-2cf0c854752b', 'context': [<snowplow_tracker.self_describing_json.SelfDescribingJson object at 0x105d70d90>]}
[0m18:33:06.708087 [info ] [MainThread]: Registered adapter: postgres=1.8.2
[0m18:33:06.732054 [debug] [MainThread]: checksum: 4cfbbe2a671212f062e88a43cba5322b30b7e3e8e91b953aa4de249eeaade60f, vars: {}, profile: , target: , version: 1.9.0b2
[0m18:33:06.944923 [debug] [MainThread]: Partial parsing enabled: 0 files deleted, 5 files added, 2 files changed.
[0m18:33:06.945790 [debug] [MainThread]: Partial parsing: added file: servicenow_analytics://models/staging/servicenow_tickets_closure_rate.sql
[0m18:33:06.946367 [debug] [MainThread]: Partial parsing: added file: servicenow_analytics://models/staging/servicenow_tickets_cleaned.sql
[0m18:33:06.946964 [debug] [MainThread]: Partial parsing: added file: servicenow_analytics://models/staging/servicenow_monthly_ticket_summary.sql
[0m18:33:06.947531 [debug] [MainThread]: Partial parsing: added file: servicenow_analytics://models/staging/servicenow_tickets_date_extracted.sql
[0m18:33:06.948130 [debug] [MainThread]: Partial parsing: added file: servicenow_analytics://models/staging/servicenow_tickets_avg_resolution_time.sql
[0m18:33:06.948975 [debug] [MainThread]: Partial parsing: updated file: servicenow_analytics://models/sources.yml
[0m18:33:06.949549 [debug] [MainThread]: Partial parsing: updated file: servicenow_analytics://models/staging/check.sql
[0m18:33:07.441907 [debug] [MainThread]: Sending event: {'category': 'dbt', 'action': 'load_project', 'label': 'a6560270-8463-4eef-9683-2cf0c854752b', 'context': [<snowplow_tracker.self_describing_json.SelfDescribingJson object at 0x106c47e80>]}
[0m18:33:07.581061 [debug] [MainThread]: Sending event: {'category': 'dbt', 'action': 'resource_counts', 'label': 'a6560270-8463-4eef-9683-2cf0c854752b', 'context': [<snowplow_tracker.self_describing_json.SelfDescribingJson object at 0x106cdb490>]}
[0m18:33:07.581727 [info ] [MainThread]: Found 6 models, 1 source, 423 macros
[0m18:33:07.582197 [debug] [MainThread]: Sending event: {'category': 'dbt', 'action': 'runnable_timing', 'label': 'a6560270-8463-4eef-9683-2cf0c854752b', 'context': [<snowplow_tracker.self_describing_json.SelfDescribingJson object at 0x106c3fa00>]}
[0m18:33:07.583977 [info ] [MainThread]: 
[0m18:33:07.584435 [info ] [MainThread]: Concurrency: 4 threads (target='dev')
[0m18:33:07.584815 [info ] [MainThread]: 
[0m18:33:07.585427 [debug] [MainThread]: Acquiring new postgres connection 'master'
[0m18:33:07.590606 [debug] [ThreadPool]: Acquiring new postgres connection 'list_db'
[0m18:33:07.591402 [debug] [ThreadPool]: Acquiring new postgres connection 'list_db'
[0m18:33:07.716947 [debug] [ThreadPool]: Using postgres connection "list_db"
[0m18:33:07.717552 [debug] [ThreadPool]: Using postgres connection "list_db"
[0m18:33:07.717954 [debug] [ThreadPool]: On list_db: /* {"app": "dbt", "dbt_version": "1.9.0b2", "profile_name": "servicenow_analytics", "target_name": "dev", "connection_name": "list_db"} */

    select distinct nspname from pg_namespace
  
[0m18:33:07.718367 [debug] [ThreadPool]: On list_db: /* {"app": "dbt", "dbt_version": "1.9.0b2", "profile_name": "servicenow_analytics", "target_name": "dev", "connection_name": "list_db"} */

    select distinct nspname from pg_namespace
  
[0m18:33:07.718775 [debug] [ThreadPool]: Opening a new connection, currently in state init
[0m18:33:07.719167 [debug] [ThreadPool]: Opening a new connection, currently in state init
[0m18:33:07.764468 [debug] [ThreadPool]: SQL status: SELECT 5 in 0.046 seconds
[0m18:33:07.764964 [debug] [ThreadPool]: SQL status: SELECT 5 in 0.046 seconds
[0m18:33:07.766359 [debug] [ThreadPool]: On list_db: Close
[0m18:33:07.767536 [debug] [ThreadPool]: On list_db: Close
[0m18:33:07.768583 [debug] [ThreadPool]: Re-using an available connection from the pool (formerly list_db, now create_db_analytics)
[0m18:33:07.769195 [debug] [ThreadPool]: Creating schema "database: "db"
schema: "analytics"
"
[0m18:33:07.775400 [debug] [ThreadPool]: Using postgres connection "create_db_analytics"
[0m18:33:07.775913 [debug] [ThreadPool]: On create_db_analytics: BEGIN
[0m18:33:07.776294 [debug] [ThreadPool]: Opening a new connection, currently in state closed
[0m18:33:07.788906 [debug] [ThreadPool]: SQL status: BEGIN in 0.013 seconds
[0m18:33:07.789396 [debug] [ThreadPool]: Using postgres connection "create_db_analytics"
[0m18:33:07.789762 [debug] [ThreadPool]: On create_db_analytics: /* {"app": "dbt", "dbt_version": "1.9.0b2", "profile_name": "servicenow_analytics", "target_name": "dev", "connection_name": "create_db_analytics"} */
create schema if not exists "analytics"
[0m18:33:07.795779 [debug] [ThreadPool]: SQL status: CREATE SCHEMA in 0.006 seconds
[0m18:33:07.797667 [debug] [ThreadPool]: On create_db_analytics: COMMIT
[0m18:33:07.798366 [debug] [ThreadPool]: Using postgres connection "create_db_analytics"
[0m18:33:07.799022 [debug] [ThreadPool]: On create_db_analytics: COMMIT
[0m18:33:07.801288 [debug] [ThreadPool]: SQL status: COMMIT in 0.002 seconds
[0m18:33:07.801942 [debug] [ThreadPool]: On create_db_analytics: Close
[0m18:33:07.804397 [debug] [ThreadPool]: Re-using an available connection from the pool (formerly create_db_analytics, now list_db_analytics_analytics)
[0m18:33:07.805360 [debug] [ThreadPool]: Re-using an available connection from the pool (formerly list_db, now list_db_analytics)
[0m18:33:07.814088 [debug] [ThreadPool]: Using postgres connection "list_db_analytics_analytics"
[0m18:33:07.816847 [debug] [ThreadPool]: Using postgres connection "list_db_analytics"
[0m18:33:07.817370 [debug] [ThreadPool]: On list_db_analytics_analytics: BEGIN
[0m18:33:07.817786 [debug] [ThreadPool]: On list_db_analytics: BEGIN
[0m18:33:07.818176 [debug] [ThreadPool]: Opening a new connection, currently in state closed
[0m18:33:07.818550 [debug] [ThreadPool]: Opening a new connection, currently in state closed
[0m18:33:07.832992 [debug] [ThreadPool]: SQL status: BEGIN in 0.015 seconds
[0m18:33:07.833493 [debug] [ThreadPool]: Using postgres connection "list_db_analytics_analytics"
[0m18:33:07.833909 [debug] [ThreadPool]: On list_db_analytics_analytics: /* {"app": "dbt", "dbt_version": "1.9.0b2", "profile_name": "servicenow_analytics", "target_name": "dev", "connection_name": "list_db_analytics_analytics"} */
select
      'db' as database,
      tablename as name,
      schemaname as schema,
      'table' as type
    from pg_tables
    where schemaname ilike 'analytics_analytics'
    union all
    select
      'db' as database,
      viewname as name,
      schemaname as schema,
      'view' as type
    from pg_views
    where schemaname ilike 'analytics_analytics'
    union all
    select
      'db' as database,
      matviewname as name,
      schemaname as schema,
      'materialized_view' as type
    from pg_matviews
    where schemaname ilike 'analytics_analytics'
  
[0m18:33:07.834886 [debug] [ThreadPool]: SQL status: BEGIN in 0.016 seconds
[0m18:33:07.835289 [debug] [ThreadPool]: Using postgres connection "list_db_analytics"
[0m18:33:07.835692 [debug] [ThreadPool]: On list_db_analytics: /* {"app": "dbt", "dbt_version": "1.9.0b2", "profile_name": "servicenow_analytics", "target_name": "dev", "connection_name": "list_db_analytics"} */
select
      'db' as database,
      tablename as name,
      schemaname as schema,
      'table' as type
    from pg_tables
    where schemaname ilike 'analytics'
    union all
    select
      'db' as database,
      viewname as name,
      schemaname as schema,
      'view' as type
    from pg_views
    where schemaname ilike 'analytics'
    union all
    select
      'db' as database,
      matviewname as name,
      schemaname as schema,
      'materialized_view' as type
    from pg_matviews
    where schemaname ilike 'analytics'
  
[0m18:33:07.847481 [debug] [ThreadPool]: SQL status: SELECT 0 in 0.011 seconds
[0m18:33:07.848038 [debug] [ThreadPool]: SQL status: SELECT 0 in 0.014 seconds
[0m18:33:07.849325 [debug] [ThreadPool]: On list_db_analytics: ROLLBACK
[0m18:33:07.850501 [debug] [ThreadPool]: On list_db_analytics_analytics: ROLLBACK
[0m18:33:07.851108 [debug] [ThreadPool]: On list_db_analytics: Close
[0m18:33:07.851581 [debug] [ThreadPool]: On list_db_analytics_analytics: Close
[0m18:33:07.857505 [debug] [MainThread]: Using postgres connection "master"
[0m18:33:07.858005 [debug] [MainThread]: On master: BEGIN
[0m18:33:07.858376 [debug] [MainThread]: Opening a new connection, currently in state init
[0m18:33:07.871685 [debug] [MainThread]: SQL status: BEGIN in 0.013 seconds
[0m18:33:07.872302 [debug] [MainThread]: Using postgres connection "master"
[0m18:33:07.872800 [debug] [MainThread]: On master: /* {"app": "dbt", "dbt_version": "1.9.0b2", "profile_name": "servicenow_analytics", "target_name": "dev", "connection_name": "master"} */
with relation as (
        select
            pg_rewrite.ev_class as class,
            pg_rewrite.oid as id
        from pg_rewrite
    ),
    class as (
        select
            oid as id,
            relname as name,
            relnamespace as schema,
            relkind as kind
        from pg_class
    ),
    dependency as (
        select distinct
            pg_depend.objid as id,
            pg_depend.refobjid as ref
        from pg_depend
    ),
    schema as (
        select
            pg_namespace.oid as id,
            pg_namespace.nspname as name
        from pg_namespace
        where nspname != 'information_schema' and nspname not like 'pg\_%'
    ),
    referenced as (
        select
            relation.id AS id,
            referenced_class.name ,
            referenced_class.schema ,
            referenced_class.kind
        from relation
        join class as referenced_class on relation.class=referenced_class.id
        where referenced_class.kind in ('r', 'v', 'm')
    ),
    relationships as (
        select
            referenced.name as referenced_name,
            referenced.schema as referenced_schema_id,
            dependent_class.name as dependent_name,
            dependent_class.schema as dependent_schema_id,
            referenced.kind as kind
        from referenced
        join dependency on referenced.id=dependency.id
        join class as dependent_class on dependency.ref=dependent_class.id
        where
            (referenced.name != dependent_class.name or
             referenced.schema != dependent_class.schema)
    )

    select
        referenced_schema.name as referenced_schema,
        relationships.referenced_name as referenced_name,
        dependent_schema.name as dependent_schema,
        relationships.dependent_name as dependent_name
    from relationships
    join schema as dependent_schema on relationships.dependent_schema_id=dependent_schema.id
    join schema as referenced_schema on relationships.referenced_schema_id=referenced_schema.id
    group by referenced_schema, referenced_name, dependent_schema, dependent_name
    order by referenced_schema, referenced_name, dependent_schema, dependent_name;
[0m18:33:07.887417 [debug] [MainThread]: SQL status: SELECT 0 in 0.014 seconds
[0m18:33:07.889741 [debug] [MainThread]: Sending event: {'category': 'dbt', 'action': 'runnable_timing', 'label': 'a6560270-8463-4eef-9683-2cf0c854752b', 'context': [<snowplow_tracker.self_describing_json.SelfDescribingJson object at 0x106d2ff70>]}
[0m18:33:07.890838 [debug] [MainThread]: On master: ROLLBACK
[0m18:33:07.891988 [debug] [MainThread]: Using postgres connection "master"
[0m18:33:07.892682 [debug] [MainThread]: On master: BEGIN
[0m18:33:07.893789 [debug] [MainThread]: SQL status: BEGIN in 0.000 seconds
[0m18:33:07.894486 [debug] [MainThread]: On master: COMMIT
[0m18:33:07.895234 [debug] [MainThread]: Using postgres connection "master"
[0m18:33:07.895901 [debug] [MainThread]: On master: COMMIT
[0m18:33:07.896794 [debug] [MainThread]: SQL status: COMMIT in 0.000 seconds
[0m18:33:07.897517 [debug] [MainThread]: On master: Close
[0m18:33:07.901225 [debug] [Thread-1  ]: Began running node model.servicenow_analytics.check
[0m18:33:07.901951 [debug] [Thread-2  ]: Began running node model.servicenow_analytics.servicenow_tickets_cleaned
[0m18:33:07.902726 [info ] [Thread-1  ]: 1 of 6 START sql table model analytics_analytics.check ......................... [RUN]
[0m18:33:07.903565 [info ] [Thread-2  ]: 2 of 6 START sql table model analytics.servicenow_tickets_cleaned .............. [RUN]
[0m18:33:07.904422 [debug] [Thread-1  ]: Re-using an available connection from the pool (formerly list_db_analytics_analytics, now model.servicenow_analytics.check)
[0m18:33:07.905178 [debug] [Thread-2  ]: Re-using an available connection from the pool (formerly list_db_analytics, now model.servicenow_analytics.servicenow_tickets_cleaned)
[0m18:33:07.905826 [debug] [Thread-1  ]: Began compiling node model.servicenow_analytics.check
[0m18:33:07.906432 [debug] [Thread-2  ]: Began compiling node model.servicenow_analytics.servicenow_tickets_cleaned
[0m18:33:07.921356 [debug] [Thread-2  ]: Writing injected SQL for node "model.servicenow_analytics.servicenow_tickets_cleaned"
[0m18:33:07.923575 [debug] [Thread-1  ]: Writing injected SQL for node "model.servicenow_analytics.check"
[0m18:33:07.925013 [debug] [Thread-2  ]: Began executing node model.servicenow_analytics.servicenow_tickets_cleaned
[0m18:33:07.949805 [debug] [Thread-1  ]: Began executing node model.servicenow_analytics.check
[0m18:33:07.990106 [debug] [Thread-1  ]: Writing runtime sql for node "model.servicenow_analytics.check"
[0m18:33:07.987783 [debug] [Thread-2  ]: Writing runtime sql for node "model.servicenow_analytics.servicenow_tickets_cleaned"
[0m18:33:07.991645 [debug] [Thread-2  ]: Using postgres connection "model.servicenow_analytics.servicenow_tickets_cleaned"
[0m18:33:07.992167 [debug] [Thread-2  ]: On model.servicenow_analytics.servicenow_tickets_cleaned: BEGIN
[0m18:33:07.992567 [debug] [Thread-2  ]: Opening a new connection, currently in state closed
[0m18:33:07.993234 [debug] [Thread-1  ]: Using postgres connection "model.servicenow_analytics.check"
[0m18:33:07.993788 [debug] [Thread-1  ]: On model.servicenow_analytics.check: BEGIN
[0m18:33:07.994242 [debug] [Thread-1  ]: Opening a new connection, currently in state closed
[0m18:33:08.006491 [debug] [Thread-2  ]: SQL status: BEGIN in 0.014 seconds
[0m18:33:08.007041 [debug] [Thread-2  ]: Using postgres connection "model.servicenow_analytics.servicenow_tickets_cleaned"
[0m18:33:08.007507 [debug] [Thread-2  ]: On model.servicenow_analytics.servicenow_tickets_cleaned: /* {"app": "dbt", "dbt_version": "1.9.0b2", "profile_name": "servicenow_analytics", "target_name": "dev", "node_id": "model.servicenow_analytics.servicenow_tickets_cleaned"} */

  
    

  create  table "db"."analytics"."servicenow_tickets_cleaned__dbt_tmp"
  
  
    as
  
  (
    WITH cleaned AS (
    SELECT DISTINCT
        inc_number AS ticket_id,
        inc_category AS category,
        inc_priority AS priority,
        TO_TIMESTAMP(inc_sys_created_on, 'MM/DD/YY HH24:MI') AS created_date,
        TO_TIMESTAMP(inc_resolved_at, 'MM/DD/YY HH24:MI') AS resolved_date,
        inc_assignment_group AS assigned_group,
        inc_state AS status,
        inc_assigned_to AS technician,
        inc_close_code AS close_code,
        inc_close_notes AS close_notes
    FROM "your_database_name"."public"."servicenow_tickets_raw"  -- Change ref to source
    WHERE inc_sys_created_on IS NOT NULL
        AND inc_resolved_at IS NOT NULL
        AND inc_number IS NOT NULL
)

SELECT * FROM cleaned;
  );
  
[0m18:33:08.008389 [debug] [Thread-1  ]: SQL status: BEGIN in 0.014 seconds
[0m18:33:08.008849 [debug] [Thread-1  ]: Using postgres connection "model.servicenow_analytics.check"
[0m18:33:08.009294 [debug] [Thread-1  ]: On model.servicenow_analytics.check: /* {"app": "dbt", "dbt_version": "1.9.0b2", "profile_name": "servicenow_analytics", "target_name": "dev", "node_id": "model.servicenow_analytics.check"} */

  
    

  create  table "db"."analytics_analytics"."check__dbt_tmp"
  
  
    as
  
  (
    

-- Simple ticket count by category
SELECT
   inc_category, COUNT(*) AS ticket_count
FROM 
    "your_database_name"."public"."servicenow_tickets_raw"
GROUP BY 
    inc_category
ORDER BY 
    ticket_count DESC
  );
  
[0m18:33:08.009853 [debug] [Thread-2  ]: Postgres adapter: Postgres error: syntax error at or near ";"
LINE 30: SELECT * FROM cleaned;
                              ^

[0m18:33:08.010334 [debug] [Thread-2  ]: On model.servicenow_analytics.servicenow_tickets_cleaned: ROLLBACK
[0m18:33:08.010826 [debug] [Thread-1  ]: Postgres adapter: Postgres error: cross-database references are not implemented: "your_database_name.public.servicenow_tickets_raw"
LINE 18:     "your_database_name"."public"."servicenow_tickets_raw"
             ^

[0m18:33:08.011278 [debug] [Thread-1  ]: On model.servicenow_analytics.check: ROLLBACK
[0m18:33:08.011863 [debug] [Thread-2  ]: On model.servicenow_analytics.servicenow_tickets_cleaned: Close
[0m18:33:08.012469 [debug] [Thread-1  ]: On model.servicenow_analytics.check: Close
[0m18:33:08.023020 [debug] [Thread-1  ]: Database Error in model check (models/staging/check.sql)
  cross-database references are not implemented: "your_database_name.public.servicenow_tickets_raw"
  LINE 18:     "your_database_name"."public"."servicenow_tickets_raw"
               ^
  compiled code at target/run/servicenow_analytics/models/staging/check.sql
[0m18:33:08.023866 [debug] [Thread-2  ]: Database Error in model servicenow_tickets_cleaned (models/staging/servicenow_tickets_cleaned.sql)
  syntax error at or near ";"
  LINE 30: SELECT * FROM cleaned;
                                ^
  compiled code at target/run/servicenow_analytics/models/staging/servicenow_tickets_cleaned.sql
[0m18:33:08.025608 [debug] [Thread-1  ]: Sending event: {'category': 'dbt', 'action': 'run_model', 'label': 'a6560270-8463-4eef-9683-2cf0c854752b', 'context': [<snowplow_tracker.self_describing_json.SelfDescribingJson object at 0x106fb2be0>]}
[0m18:33:08.026137 [debug] [Thread-2  ]: Sending event: {'category': 'dbt', 'action': 'run_model', 'label': 'a6560270-8463-4eef-9683-2cf0c854752b', 'context': [<snowplow_tracker.self_describing_json.SelfDescribingJson object at 0x106f949a0>]}
[0m18:33:08.026956 [error] [Thread-1  ]: 1 of 6 ERROR creating sql table model analytics_analytics.check ................ [[31mERROR[0m in 0.12s]
[0m18:33:08.027736 [error] [Thread-2  ]: 2 of 6 ERROR creating sql table model analytics.servicenow_tickets_cleaned ..... [[31mERROR[0m in 0.12s]
[0m18:33:08.028475 [debug] [Thread-1  ]: Finished running node model.servicenow_analytics.check
[0m18:33:08.029113 [debug] [Thread-2  ]: Finished running node model.servicenow_analytics.servicenow_tickets_cleaned
[0m18:33:08.029758 [debug] [Thread-7  ]: Marking all children of 'model.servicenow_analytics.check' to be skipped because of status 'error'.  Reason: Database Error in model check (models/staging/check.sql)
  cross-database references are not implemented: "your_database_name.public.servicenow_tickets_raw"
  LINE 18:     "your_database_name"."public"."servicenow_tickets_raw"
               ^
  compiled code at target/run/servicenow_analytics/models/staging/check.sql.
[0m18:33:08.030466 [debug] [Thread-7  ]: Marking all children of 'model.servicenow_analytics.servicenow_tickets_cleaned' to be skipped because of status 'error'.  Reason: Database Error in model servicenow_tickets_cleaned (models/staging/servicenow_tickets_cleaned.sql)
  syntax error at or near ";"
  LINE 30: SELECT * FROM cleaned;
                                ^
  compiled code at target/run/servicenow_analytics/models/staging/servicenow_tickets_cleaned.sql.
[0m18:33:08.031324 [debug] [Thread-4  ]: Began running node model.servicenow_analytics.servicenow_monthly_ticket_summary
[0m18:33:08.031814 [debug] [Thread-3  ]: Began running node model.servicenow_analytics.servicenow_tickets_avg_resolution_time
[0m18:33:08.032259 [debug] [Thread-1  ]: Began running node model.servicenow_analytics.servicenow_tickets_closure_rate
[0m18:33:08.032664 [debug] [Thread-2  ]: Began running node model.servicenow_analytics.servicenow_tickets_date_extracted
[0m18:33:08.033105 [info ] [Thread-4  ]: 3 of 6 SKIP relation analytics.servicenow_monthly_ticket_summary ............... [[33mSKIP[0m]
[0m18:33:08.033641 [info ] [Thread-3  ]: 4 of 6 SKIP relation analytics.servicenow_tickets_avg_resolution_time .......... [[33mSKIP[0m]
[0m18:33:08.034181 [info ] [Thread-1  ]: 5 of 6 SKIP relation analytics.servicenow_tickets_closure_rate ................. [[33mSKIP[0m]
[0m18:33:08.034712 [info ] [Thread-2  ]: 6 of 6 SKIP relation analytics.servicenow_tickets_date_extracted ............... [[33mSKIP[0m]
[0m18:33:08.035299 [debug] [Thread-4  ]: Finished running node model.servicenow_analytics.servicenow_monthly_ticket_summary
[0m18:33:08.035781 [debug] [Thread-3  ]: Finished running node model.servicenow_analytics.servicenow_tickets_avg_resolution_time
[0m18:33:08.036240 [debug] [Thread-1  ]: Finished running node model.servicenow_analytics.servicenow_tickets_closure_rate
[0m18:33:08.036692 [debug] [Thread-2  ]: Finished running node model.servicenow_analytics.servicenow_tickets_date_extracted
[0m18:33:08.038674 [debug] [MainThread]: Using postgres connection "master"
[0m18:33:08.039140 [debug] [MainThread]: On master: BEGIN
[0m18:33:08.039500 [debug] [MainThread]: Opening a new connection, currently in state closed
[0m18:33:08.051373 [debug] [MainThread]: SQL status: BEGIN in 0.012 seconds
[0m18:33:08.051877 [debug] [MainThread]: On master: COMMIT
[0m18:33:08.052262 [debug] [MainThread]: Using postgres connection "master"
[0m18:33:08.052624 [debug] [MainThread]: On master: COMMIT
[0m18:33:08.053172 [debug] [MainThread]: SQL status: COMMIT in 0.000 seconds
[0m18:33:08.053596 [debug] [MainThread]: On master: Close
[0m18:33:08.054212 [debug] [MainThread]: Connection 'master' was properly closed.
[0m18:33:08.054747 [debug] [MainThread]: Connection 'model.servicenow_analytics.check' was properly closed.
[0m18:33:08.055154 [debug] [MainThread]: Connection 'model.servicenow_analytics.servicenow_tickets_cleaned' was properly closed.
[0m18:33:08.055642 [info ] [MainThread]: 
[0m18:33:08.056109 [info ] [MainThread]: Finished running 6 table models in 0 hours 0 minutes and 0.47 seconds (0.47s).
[0m18:33:08.057198 [debug] [MainThread]: Command end result
[0m18:33:08.091385 [info ] [MainThread]: 
[0m18:33:08.092004 [info ] [MainThread]: [31mCompleted with 2 errors, 0 partial successs, and 0 warnings:[0m
[0m18:33:08.092624 [info ] [MainThread]: 
[0m18:33:08.093155 [error] [MainThread]:   Database Error in model check (models/staging/check.sql)
  cross-database references are not implemented: "your_database_name.public.servicenow_tickets_raw"
  LINE 18:     "your_database_name"."public"."servicenow_tickets_raw"
               ^
  compiled code at target/run/servicenow_analytics/models/staging/check.sql
[0m18:33:08.093588 [info ] [MainThread]: 
[0m18:33:08.094068 [error] [MainThread]:   Database Error in model servicenow_tickets_cleaned (models/staging/servicenow_tickets_cleaned.sql)
  syntax error at or near ";"
  LINE 30: SELECT * FROM cleaned;
                                ^
  compiled code at target/run/servicenow_analytics/models/staging/servicenow_tickets_cleaned.sql
[0m18:33:08.094473 [info ] [MainThread]: 
[0m18:33:08.094898 [info ] [MainThread]: Done. PASS=0 WARN=0 ERROR=2 SKIP=4 TOTAL=6
[0m18:33:08.097038 [debug] [MainThread]: Resource report: {"command_name": "run", "command_wall_clock_time": 1.7866532, "process_user_time": 2.809273, "process_kernel_time": 0.365834, "process_mem_max_rss": "114618368", "command_success": false, "process_in_blocks": "0", "process_out_blocks": "0"}
[0m18:33:08.097714 [debug] [MainThread]: Command `dbt run` failed at 18:33:08.097589 after 1.79 seconds
[0m18:33:08.098214 [debug] [MainThread]: Sending event: {'category': 'dbt', 'action': 'invocation', 'label': 'end', 'context': [<snowplow_tracker.self_describing_json.SelfDescribingJson object at 0x104fcedf0>, <snowplow_tracker.self_describing_json.SelfDescribingJson object at 0x1051b90a0>, <snowplow_tracker.self_describing_json.SelfDescribingJson object at 0x106d80220>]}
[0m18:33:08.098695 [debug] [MainThread]: Flushing usage events
[0m18:33:08.968361 [debug] [MainThread]: An error was encountered while trying to flush usage events
[0m18:36:31.335499 [debug] [MainThread]: Sending event: {'category': 'dbt', 'action': 'invocation', 'label': 'start', 'context': [<snowplow_tracker.self_describing_json.SelfDescribingJson object at 0x10dbc4e20>, <snowplow_tracker.self_describing_json.SelfDescribingJson object at 0x10e90f9a0>, <snowplow_tracker.self_describing_json.SelfDescribingJson object at 0x10e94e250>]}


============================== 18:36:31.341831 | ac4b3b7e-2bd2-4367-97c7-5bf57bf8d8b5 ==============================
[0m18:36:31.341831 [info ] [MainThread]: Running with dbt=1.9.0-b2
[0m18:36:31.342644 [debug] [MainThread]: running dbt with arguments {'printer_width': '80', 'indirect_selection': 'eager', 'write_json': 'True', 'log_cache_events': 'False', 'partial_parse': 'True', 'cache_selected_only': 'False', 'warn_error': 'None', 'fail_fast': 'False', 'profiles_dir': '/Users/charanlobo/.dbt', 'log_path': '/Users/charanlobo/dbt_servicenow_project/logs', 'debug': 'False', 'version_check': 'True', 'use_colors': 'True', 'use_experimental_parser': 'False', 'no_print': 'None', 'quiet': 'False', 'empty': 'False', 'log_format': 'default', 'introspect': 'True', 'warn_error_options': 'WarnErrorOptions(include=[], exclude=[])', 'invocation_command': 'dbt run --select servicenow_tickets_cleaned servicenow_tickets_date_extracted servicenow_tickets_avg_resolution_time servicenow_tickets_closure_rate servicenow_monthly_ticket_summary', 'target_path': 'None', 'static_parser': 'True', 'send_anonymous_usage_stats': 'True'}
[0m18:36:31.569046 [debug] [MainThread]: Sending event: {'category': 'dbt', 'action': 'project_id', 'label': 'ac4b3b7e-2bd2-4367-97c7-5bf57bf8d8b5', 'context': [<snowplow_tracker.self_describing_json.SelfDescribingJson object at 0x10e93c4f0>]}
[0m18:36:31.636863 [debug] [MainThread]: Sending event: {'category': 'dbt', 'action': 'adapter_info', 'label': 'ac4b3b7e-2bd2-4367-97c7-5bf57bf8d8b5', 'context': [<snowplow_tracker.self_describing_json.SelfDescribingJson object at 0x10e32da00>]}
[0m18:36:31.638366 [info ] [MainThread]: Registered adapter: postgres=1.8.2
[0m18:36:31.658884 [debug] [MainThread]: checksum: 4cfbbe2a671212f062e88a43cba5322b30b7e3e8e91b953aa4de249eeaade60f, vars: {}, profile: , target: , version: 1.9.0b2
[0m18:36:31.849576 [debug] [MainThread]: Partial parsing enabled: 0 files deleted, 0 files added, 0 files changed.
[0m18:36:31.850071 [debug] [MainThread]: Partial parsing enabled, no changes found, skipping parsing
[0m18:36:31.895383 [debug] [MainThread]: Sending event: {'category': 'dbt', 'action': 'load_project', 'label': 'ac4b3b7e-2bd2-4367-97c7-5bf57bf8d8b5', 'context': [<snowplow_tracker.self_describing_json.SelfDescribingJson object at 0x10f0aeeb0>]}
[0m18:36:32.021344 [debug] [MainThread]: Sending event: {'category': 'dbt', 'action': 'resource_counts', 'label': 'ac4b3b7e-2bd2-4367-97c7-5bf57bf8d8b5', 'context': [<snowplow_tracker.self_describing_json.SelfDescribingJson object at 0x10f02d3a0>]}
[0m18:36:32.022016 [info ] [MainThread]: Found 6 models, 1 source, 423 macros
[0m18:36:32.022464 [debug] [MainThread]: Sending event: {'category': 'dbt', 'action': 'runnable_timing', 'label': 'ac4b3b7e-2bd2-4367-97c7-5bf57bf8d8b5', 'context': [<snowplow_tracker.self_describing_json.SelfDescribingJson object at 0x10eefb850>]}
[0m18:36:32.024230 [info ] [MainThread]: 
[0m18:36:32.024766 [info ] [MainThread]: Concurrency: 4 threads (target='dev')
[0m18:36:32.025145 [info ] [MainThread]: 
[0m18:36:32.025756 [debug] [MainThread]: Acquiring new postgres connection 'master'
[0m18:36:32.030666 [debug] [ThreadPool]: Acquiring new postgres connection 'list_db'
[0m18:36:32.086513 [debug] [ThreadPool]: Using postgres connection "list_db"
[0m18:36:32.087026 [debug] [ThreadPool]: On list_db: /* {"app": "dbt", "dbt_version": "1.9.0b2", "profile_name": "servicenow_analytics", "target_name": "dev", "connection_name": "list_db"} */

    select distinct nspname from pg_namespace
  
[0m18:36:32.087454 [debug] [ThreadPool]: Opening a new connection, currently in state init
[0m18:36:32.116248 [debug] [ThreadPool]: SQL status: SELECT 6 in 0.029 seconds
[0m18:36:32.117734 [debug] [ThreadPool]: On list_db: Close
[0m18:36:32.119378 [debug] [ThreadPool]: Re-using an available connection from the pool (formerly list_db, now list_db_analytics)
[0m18:36:32.120174 [debug] [ThreadPool]: Acquiring new postgres connection 'list_db_analytics_analytics'
[0m18:36:32.129128 [debug] [ThreadPool]: Using postgres connection "list_db_analytics_analytics"
[0m18:36:32.129601 [debug] [ThreadPool]: On list_db_analytics_analytics: BEGIN
[0m18:36:32.129964 [debug] [ThreadPool]: Opening a new connection, currently in state init
[0m18:36:32.130648 [debug] [ThreadPool]: Using postgres connection "list_db_analytics"
[0m18:36:32.131087 [debug] [ThreadPool]: On list_db_analytics: BEGIN
[0m18:36:32.131504 [debug] [ThreadPool]: Opening a new connection, currently in state closed
[0m18:36:32.143348 [debug] [ThreadPool]: SQL status: BEGIN in 0.013 seconds
[0m18:36:32.143868 [debug] [ThreadPool]: Using postgres connection "list_db_analytics_analytics"
[0m18:36:32.144409 [debug] [ThreadPool]: On list_db_analytics_analytics: /* {"app": "dbt", "dbt_version": "1.9.0b2", "profile_name": "servicenow_analytics", "target_name": "dev", "connection_name": "list_db_analytics_analytics"} */
select
      'db' as database,
      tablename as name,
      schemaname as schema,
      'table' as type
    from pg_tables
    where schemaname ilike 'analytics_analytics'
    union all
    select
      'db' as database,
      viewname as name,
      schemaname as schema,
      'view' as type
    from pg_views
    where schemaname ilike 'analytics_analytics'
    union all
    select
      'db' as database,
      matviewname as name,
      schemaname as schema,
      'materialized_view' as type
    from pg_matviews
    where schemaname ilike 'analytics_analytics'
  
[0m18:36:32.144928 [debug] [ThreadPool]: SQL status: BEGIN in 0.013 seconds
[0m18:36:32.145311 [debug] [ThreadPool]: Using postgres connection "list_db_analytics"
[0m18:36:32.145696 [debug] [ThreadPool]: On list_db_analytics: /* {"app": "dbt", "dbt_version": "1.9.0b2", "profile_name": "servicenow_analytics", "target_name": "dev", "connection_name": "list_db_analytics"} */
select
      'db' as database,
      tablename as name,
      schemaname as schema,
      'table' as type
    from pg_tables
    where schemaname ilike 'analytics'
    union all
    select
      'db' as database,
      viewname as name,
      schemaname as schema,
      'view' as type
    from pg_views
    where schemaname ilike 'analytics'
    union all
    select
      'db' as database,
      matviewname as name,
      schemaname as schema,
      'materialized_view' as type
    from pg_matviews
    where schemaname ilike 'analytics'
  
[0m18:36:32.149892 [debug] [ThreadPool]: SQL status: SELECT 0 in 0.004 seconds
[0m18:36:32.150391 [debug] [ThreadPool]: SQL status: SELECT 0 in 0.006 seconds
[0m18:36:32.151719 [debug] [ThreadPool]: On list_db_analytics: ROLLBACK
[0m18:36:32.152816 [debug] [ThreadPool]: On list_db_analytics_analytics: ROLLBACK
[0m18:36:32.153512 [debug] [ThreadPool]: On list_db_analytics_analytics: Close
[0m18:36:32.153996 [debug] [ThreadPool]: On list_db_analytics: Close
[0m18:36:32.160331 [debug] [MainThread]: Using postgres connection "master"
[0m18:36:32.160914 [debug] [MainThread]: On master: BEGIN
[0m18:36:32.161396 [debug] [MainThread]: Opening a new connection, currently in state init
[0m18:36:32.176676 [debug] [MainThread]: SQL status: BEGIN in 0.015 seconds
[0m18:36:32.177439 [debug] [MainThread]: Using postgres connection "master"
[0m18:36:32.178225 [debug] [MainThread]: On master: /* {"app": "dbt", "dbt_version": "1.9.0b2", "profile_name": "servicenow_analytics", "target_name": "dev", "connection_name": "master"} */
with relation as (
        select
            pg_rewrite.ev_class as class,
            pg_rewrite.oid as id
        from pg_rewrite
    ),
    class as (
        select
            oid as id,
            relname as name,
            relnamespace as schema,
            relkind as kind
        from pg_class
    ),
    dependency as (
        select distinct
            pg_depend.objid as id,
            pg_depend.refobjid as ref
        from pg_depend
    ),
    schema as (
        select
            pg_namespace.oid as id,
            pg_namespace.nspname as name
        from pg_namespace
        where nspname != 'information_schema' and nspname not like 'pg\_%'
    ),
    referenced as (
        select
            relation.id AS id,
            referenced_class.name ,
            referenced_class.schema ,
            referenced_class.kind
        from relation
        join class as referenced_class on relation.class=referenced_class.id
        where referenced_class.kind in ('r', 'v', 'm')
    ),
    relationships as (
        select
            referenced.name as referenced_name,
            referenced.schema as referenced_schema_id,
            dependent_class.name as dependent_name,
            dependent_class.schema as dependent_schema_id,
            referenced.kind as kind
        from referenced
        join dependency on referenced.id=dependency.id
        join class as dependent_class on dependency.ref=dependent_class.id
        where
            (referenced.name != dependent_class.name or
             referenced.schema != dependent_class.schema)
    )

    select
        referenced_schema.name as referenced_schema,
        relationships.referenced_name as referenced_name,
        dependent_schema.name as dependent_schema,
        relationships.dependent_name as dependent_name
    from relationships
    join schema as dependent_schema on relationships.dependent_schema_id=dependent_schema.id
    join schema as referenced_schema on relationships.referenced_schema_id=referenced_schema.id
    group by referenced_schema, referenced_name, dependent_schema, dependent_name
    order by referenced_schema, referenced_name, dependent_schema, dependent_name;
[0m18:36:32.189951 [debug] [MainThread]: SQL status: SELECT 0 in 0.010 seconds
[0m18:36:32.191718 [debug] [MainThread]: Sending event: {'category': 'dbt', 'action': 'runnable_timing', 'label': 'ac4b3b7e-2bd2-4367-97c7-5bf57bf8d8b5', 'context': [<snowplow_tracker.self_describing_json.SelfDescribingJson object at 0x10f90c4c0>]}
[0m18:36:32.192644 [debug] [MainThread]: On master: ROLLBACK
[0m18:36:32.193425 [debug] [MainThread]: Using postgres connection "master"
[0m18:36:32.193933 [debug] [MainThread]: On master: BEGIN
[0m18:36:32.194654 [debug] [MainThread]: SQL status: BEGIN in 0.000 seconds
[0m18:36:32.195165 [debug] [MainThread]: On master: COMMIT
[0m18:36:32.195595 [debug] [MainThread]: Using postgres connection "master"
[0m18:36:32.196001 [debug] [MainThread]: On master: COMMIT
[0m18:36:32.196697 [debug] [MainThread]: SQL status: COMMIT in 0.000 seconds
[0m18:36:32.197237 [debug] [MainThread]: On master: Close
[0m18:36:32.200966 [debug] [Thread-1  ]: Began running node model.servicenow_analytics.servicenow_tickets_cleaned
[0m18:36:32.201812 [info ] [Thread-1  ]: 1 of 5 START sql table model analytics.servicenow_tickets_cleaned .............. [RUN]
[0m18:36:32.202674 [debug] [Thread-1  ]: Re-using an available connection from the pool (formerly list_db_analytics, now model.servicenow_analytics.servicenow_tickets_cleaned)
[0m18:36:32.204153 [debug] [Thread-1  ]: Began compiling node model.servicenow_analytics.servicenow_tickets_cleaned
[0m18:36:32.214959 [debug] [Thread-1  ]: Writing injected SQL for node "model.servicenow_analytics.servicenow_tickets_cleaned"
[0m18:36:32.216052 [debug] [Thread-1  ]: Began executing node model.servicenow_analytics.servicenow_tickets_cleaned
[0m18:36:32.268094 [debug] [Thread-1  ]: Writing runtime sql for node "model.servicenow_analytics.servicenow_tickets_cleaned"
[0m18:36:32.269089 [debug] [Thread-1  ]: Using postgres connection "model.servicenow_analytics.servicenow_tickets_cleaned"
[0m18:36:32.269543 [debug] [Thread-1  ]: On model.servicenow_analytics.servicenow_tickets_cleaned: BEGIN
[0m18:36:32.269949 [debug] [Thread-1  ]: Opening a new connection, currently in state closed
[0m18:36:32.282932 [debug] [Thread-1  ]: SQL status: BEGIN in 0.013 seconds
[0m18:36:32.283468 [debug] [Thread-1  ]: Using postgres connection "model.servicenow_analytics.servicenow_tickets_cleaned"
[0m18:36:32.283934 [debug] [Thread-1  ]: On model.servicenow_analytics.servicenow_tickets_cleaned: /* {"app": "dbt", "dbt_version": "1.9.0b2", "profile_name": "servicenow_analytics", "target_name": "dev", "node_id": "model.servicenow_analytics.servicenow_tickets_cleaned"} */

  
    

  create  table "db"."analytics"."servicenow_tickets_cleaned__dbt_tmp"
  
  
    as
  
  (
    WITH cleaned AS (
    SELECT DISTINCT
        inc_number AS ticket_id,
        inc_category AS category,
        inc_priority AS priority,
        TO_TIMESTAMP(inc_sys_created_on, 'MM/DD/YY HH24:MI') AS created_date,
        TO_TIMESTAMP(inc_resolved_at, 'MM/DD/YY HH24:MI') AS resolved_date,
        inc_assignment_group AS assigned_group,
        inc_state AS status,
        inc_assigned_to AS technician,
        inc_close_code AS close_code,
        inc_close_notes AS close_notes
    FROM "your_database_name"."public"."servicenow_tickets_raw"  -- Change ref to source
    WHERE inc_sys_created_on IS NOT NULL
        AND inc_resolved_at IS NOT NULL
        AND inc_number IS NOT NULL
)

SELECT * FROM cleaned;
  );
  
[0m18:36:32.284790 [debug] [Thread-1  ]: Postgres adapter: Postgres error: syntax error at or near ";"
LINE 30: SELECT * FROM cleaned;
                              ^

[0m18:36:32.285243 [debug] [Thread-1  ]: On model.servicenow_analytics.servicenow_tickets_cleaned: ROLLBACK
[0m18:36:32.285894 [debug] [Thread-1  ]: On model.servicenow_analytics.servicenow_tickets_cleaned: Close
[0m18:36:32.296994 [debug] [Thread-1  ]: Database Error in model servicenow_tickets_cleaned (models/staging/servicenow_tickets_cleaned.sql)
  syntax error at or near ";"
  LINE 30: SELECT * FROM cleaned;
                                ^
  compiled code at target/run/servicenow_analytics/models/staging/servicenow_tickets_cleaned.sql
[0m18:36:32.298794 [debug] [Thread-1  ]: Sending event: {'category': 'dbt', 'action': 'run_model', 'label': 'ac4b3b7e-2bd2-4367-97c7-5bf57bf8d8b5', 'context': [<snowplow_tracker.self_describing_json.SelfDescribingJson object at 0x10f9d98b0>]}
[0m18:36:32.299748 [error] [Thread-1  ]: 1 of 5 ERROR creating sql table model analytics.servicenow_tickets_cleaned ..... [[31mERROR[0m in 0.10s]
[0m18:36:32.300806 [debug] [Thread-1  ]: Finished running node model.servicenow_analytics.servicenow_tickets_cleaned
[0m18:36:32.301843 [debug] [Thread-7  ]: Marking all children of 'model.servicenow_analytics.servicenow_tickets_cleaned' to be skipped because of status 'error'.  Reason: Database Error in model servicenow_tickets_cleaned (models/staging/servicenow_tickets_cleaned.sql)
  syntax error at or near ";"
  LINE 30: SELECT * FROM cleaned;
                                ^
  compiled code at target/run/servicenow_analytics/models/staging/servicenow_tickets_cleaned.sql.
[0m18:36:32.302926 [debug] [Thread-3  ]: Began running node model.servicenow_analytics.servicenow_monthly_ticket_summary
[0m18:36:32.303458 [info ] [Thread-3  ]: 2 of 5 SKIP relation analytics.servicenow_monthly_ticket_summary ............... [[33mSKIP[0m]
[0m18:36:32.304166 [debug] [Thread-3  ]: Finished running node model.servicenow_analytics.servicenow_monthly_ticket_summary
[0m18:36:32.304709 [debug] [Thread-4  ]: Began running node model.servicenow_analytics.servicenow_tickets_avg_resolution_time
[0m18:36:32.305193 [debug] [Thread-3  ]: Began running node model.servicenow_analytics.servicenow_tickets_closure_rate
[0m18:36:32.305678 [debug] [Thread-2  ]: Began running node model.servicenow_analytics.servicenow_tickets_date_extracted
[0m18:36:32.306237 [info ] [Thread-4  ]: 3 of 5 SKIP relation analytics.servicenow_tickets_avg_resolution_time .......... [[33mSKIP[0m]
[0m18:36:32.306787 [info ] [Thread-3  ]: 4 of 5 SKIP relation analytics.servicenow_tickets_closure_rate ................. [[33mSKIP[0m]
[0m18:36:32.307314 [info ] [Thread-2  ]: 5 of 5 SKIP relation analytics.servicenow_tickets_date_extracted ............... [[33mSKIP[0m]
[0m18:36:32.307921 [debug] [Thread-4  ]: Finished running node model.servicenow_analytics.servicenow_tickets_avg_resolution_time
[0m18:36:32.308473 [debug] [Thread-3  ]: Finished running node model.servicenow_analytics.servicenow_tickets_closure_rate
[0m18:36:32.308991 [debug] [Thread-2  ]: Finished running node model.servicenow_analytics.servicenow_tickets_date_extracted
[0m18:36:32.310461 [debug] [MainThread]: Using postgres connection "master"
[0m18:36:32.310883 [debug] [MainThread]: On master: BEGIN
[0m18:36:32.311235 [debug] [MainThread]: Opening a new connection, currently in state closed
[0m18:36:32.322673 [debug] [MainThread]: SQL status: BEGIN in 0.011 seconds
[0m18:36:32.323160 [debug] [MainThread]: On master: COMMIT
[0m18:36:32.323525 [debug] [MainThread]: Using postgres connection "master"
[0m18:36:32.323875 [debug] [MainThread]: On master: COMMIT
[0m18:36:32.324408 [debug] [MainThread]: SQL status: COMMIT in 0.000 seconds
[0m18:36:32.324865 [debug] [MainThread]: On master: Close
[0m18:36:32.325507 [debug] [MainThread]: Connection 'master' was properly closed.
[0m18:36:32.325931 [debug] [MainThread]: Connection 'model.servicenow_analytics.servicenow_tickets_cleaned' was properly closed.
[0m18:36:32.326305 [debug] [MainThread]: Connection 'list_db_analytics_analytics' was properly closed.
[0m18:36:32.326784 [info ] [MainThread]: 
[0m18:36:32.327295 [info ] [MainThread]: Finished running 5 table models in 0 hours 0 minutes and 0.30 seconds (0.30s).
[0m18:36:32.328481 [debug] [MainThread]: Command end result
[0m18:36:32.363847 [info ] [MainThread]: 
[0m18:36:32.364510 [info ] [MainThread]: [31mCompleted with 1 error, 0 partial successs, and 0 warnings:[0m
[0m18:36:32.364987 [info ] [MainThread]: 
[0m18:36:32.365866 [error] [MainThread]:   Database Error in model servicenow_tickets_cleaned (models/staging/servicenow_tickets_cleaned.sql)
  syntax error at or near ";"
  LINE 30: SELECT * FROM cleaned;
                                ^
  compiled code at target/run/servicenow_analytics/models/staging/servicenow_tickets_cleaned.sql
[0m18:36:32.366770 [info ] [MainThread]: 
[0m18:36:32.367433 [info ] [MainThread]: Done. PASS=0 WARN=0 ERROR=1 SKIP=4 TOTAL=5
[0m18:36:32.372581 [debug] [MainThread]: Resource report: {"command_name": "run", "command_wall_clock_time": 1.1181339, "process_user_time": 2.309411, "process_kernel_time": 0.368701, "process_mem_max_rss": "109195264", "command_success": false, "process_in_blocks": "0", "process_out_blocks": "0"}
[0m18:36:32.373346 [debug] [MainThread]: Command `dbt run` failed at 18:36:32.373202 after 1.12 seconds
[0m18:36:32.373950 [debug] [MainThread]: Sending event: {'category': 'dbt', 'action': 'invocation', 'label': 'end', 'context': [<snowplow_tracker.self_describing_json.SelfDescribingJson object at 0x10dbc4e20>, <snowplow_tracker.self_describing_json.SelfDescribingJson object at 0x10e32da00>, <snowplow_tracker.self_describing_json.SelfDescribingJson object at 0x10f02dcd0>]}
[0m18:36:32.374715 [debug] [MainThread]: Flushing usage events
[0m18:36:33.306814 [debug] [MainThread]: An error was encountered while trying to flush usage events
[0m18:38:57.624686 [debug] [MainThread]: Sending event: {'category': 'dbt', 'action': 'invocation', 'label': 'start', 'context': [<snowplow_tracker.self_describing_json.SelfDescribingJson object at 0x10de76e20>, <snowplow_tracker.self_describing_json.SelfDescribingJson object at 0x10ebc19a0>, <snowplow_tracker.self_describing_json.SelfDescribingJson object at 0x10ec02250>]}


============================== 18:38:57.630364 | 19b99de3-81f1-41c3-8903-72f83c3043f2 ==============================
[0m18:38:57.630364 [info ] [MainThread]: Running with dbt=1.9.0-b2
[0m18:38:57.631069 [debug] [MainThread]: running dbt with arguments {'printer_width': '80', 'indirect_selection': 'eager', 'write_json': 'True', 'log_cache_events': 'False', 'partial_parse': 'True', 'cache_selected_only': 'False', 'profiles_dir': '/Users/charanlobo/.dbt', 'debug': 'False', 'fail_fast': 'False', 'log_path': '/Users/charanlobo/dbt_servicenow_project/logs', 'warn_error': 'None', 'version_check': 'True', 'use_colors': 'True', 'use_experimental_parser': 'False', 'no_print': 'None', 'quiet': 'False', 'empty': 'False', 'warn_error_options': 'WarnErrorOptions(include=[], exclude=[])', 'invocation_command': 'dbt run --select servicenow_tickets_cleaned servicenow_tickets_date_extracted servicenow_tickets_avg_resolution_time servicenow_tickets_closure_rate servicenow_monthly_ticket_summary', 'static_parser': 'True', 'log_format': 'default', 'target_path': 'None', 'introspect': 'True', 'send_anonymous_usage_stats': 'True'}
[0m18:38:57.854125 [debug] [MainThread]: Sending event: {'category': 'dbt', 'action': 'project_id', 'label': '19b99de3-81f1-41c3-8903-72f83c3043f2', 'context': [<snowplow_tracker.self_describing_json.SelfDescribingJson object at 0x10c7d7760>]}
[0m18:38:57.921384 [debug] [MainThread]: Sending event: {'category': 'dbt', 'action': 'adapter_info', 'label': '19b99de3-81f1-41c3-8903-72f83c3043f2', 'context': [<snowplow_tracker.self_describing_json.SelfDescribingJson object at 0x10e5685b0>]}
[0m18:38:57.922814 [info ] [MainThread]: Registered adapter: postgres=1.8.2
[0m18:38:57.943770 [debug] [MainThread]: checksum: 4cfbbe2a671212f062e88a43cba5322b30b7e3e8e91b953aa4de249eeaade60f, vars: {}, profile: , target: , version: 1.9.0b2
[0m18:38:58.121990 [debug] [MainThread]: Partial parsing enabled: 0 files deleted, 0 files added, 1 files changed.
[0m18:38:58.122767 [debug] [MainThread]: Partial parsing: updated file: servicenow_analytics://models/staging/servicenow_tickets_cleaned.sql
[0m18:38:58.527115 [debug] [MainThread]: Sending event: {'category': 'dbt', 'action': 'load_project', 'label': '19b99de3-81f1-41c3-8903-72f83c3043f2', 'context': [<snowplow_tracker.self_describing_json.SelfDescribingJson object at 0x10f96ac70>]}
[0m18:38:58.647960 [debug] [MainThread]: Sending event: {'category': 'dbt', 'action': 'resource_counts', 'label': '19b99de3-81f1-41c3-8903-72f83c3043f2', 'context': [<snowplow_tracker.self_describing_json.SelfDescribingJson object at 0x10fa872e0>]}
[0m18:38:58.648603 [info ] [MainThread]: Found 6 models, 1 source, 423 macros
[0m18:38:58.649040 [debug] [MainThread]: Sending event: {'category': 'dbt', 'action': 'runnable_timing', 'label': '19b99de3-81f1-41c3-8903-72f83c3043f2', 'context': [<snowplow_tracker.self_describing_json.SelfDescribingJson object at 0x10f190df0>]}
[0m18:38:58.650724 [info ] [MainThread]: 
[0m18:38:58.651212 [info ] [MainThread]: Concurrency: 4 threads (target='dev')
[0m18:38:58.651607 [info ] [MainThread]: 
[0m18:38:58.652223 [debug] [MainThread]: Acquiring new postgres connection 'master'
[0m18:38:58.657361 [debug] [ThreadPool]: Acquiring new postgres connection 'list_db'
[0m18:38:58.712855 [debug] [ThreadPool]: Using postgres connection "list_db"
[0m18:38:58.713368 [debug] [ThreadPool]: On list_db: /* {"app": "dbt", "dbt_version": "1.9.0b2", "profile_name": "servicenow_analytics", "target_name": "dev", "connection_name": "list_db"} */

    select distinct nspname from pg_namespace
  
[0m18:38:58.713748 [debug] [ThreadPool]: Opening a new connection, currently in state init
[0m18:38:58.747025 [debug] [ThreadPool]: SQL status: SELECT 6 in 0.033 seconds
[0m18:38:58.748456 [debug] [ThreadPool]: On list_db: Close
[0m18:38:58.750102 [debug] [ThreadPool]: Re-using an available connection from the pool (formerly list_db, now list_db_analytics_analytics)
[0m18:38:58.750934 [debug] [ThreadPool]: Acquiring new postgres connection 'list_db_analytics'
[0m18:38:58.812544 [debug] [ThreadPool]: Using postgres connection "list_db_analytics_analytics"
[0m18:38:58.815335 [debug] [ThreadPool]: Using postgres connection "list_db_analytics"
[0m18:38:58.815855 [debug] [ThreadPool]: On list_db_analytics_analytics: BEGIN
[0m18:38:58.816313 [debug] [ThreadPool]: On list_db_analytics: BEGIN
[0m18:38:58.816751 [debug] [ThreadPool]: Opening a new connection, currently in state closed
[0m18:38:58.817175 [debug] [ThreadPool]: Opening a new connection, currently in state init
[0m18:38:58.831084 [debug] [ThreadPool]: SQL status: BEGIN in 0.014 seconds
[0m18:38:58.831653 [debug] [ThreadPool]: Using postgres connection "list_db_analytics_analytics"
[0m18:38:58.832096 [debug] [ThreadPool]: On list_db_analytics_analytics: /* {"app": "dbt", "dbt_version": "1.9.0b2", "profile_name": "servicenow_analytics", "target_name": "dev", "connection_name": "list_db_analytics_analytics"} */
select
      'db' as database,
      tablename as name,
      schemaname as schema,
      'table' as type
    from pg_tables
    where schemaname ilike 'analytics_analytics'
    union all
    select
      'db' as database,
      viewname as name,
      schemaname as schema,
      'view' as type
    from pg_views
    where schemaname ilike 'analytics_analytics'
    union all
    select
      'db' as database,
      matviewname as name,
      schemaname as schema,
      'materialized_view' as type
    from pg_matviews
    where schemaname ilike 'analytics_analytics'
  
[0m18:38:58.832625 [debug] [ThreadPool]: SQL status: BEGIN in 0.015 seconds
[0m18:38:58.833114 [debug] [ThreadPool]: Using postgres connection "list_db_analytics"
[0m18:38:58.833711 [debug] [ThreadPool]: On list_db_analytics: /* {"app": "dbt", "dbt_version": "1.9.0b2", "profile_name": "servicenow_analytics", "target_name": "dev", "connection_name": "list_db_analytics"} */
select
      'db' as database,
      tablename as name,
      schemaname as schema,
      'table' as type
    from pg_tables
    where schemaname ilike 'analytics'
    union all
    select
      'db' as database,
      viewname as name,
      schemaname as schema,
      'view' as type
    from pg_views
    where schemaname ilike 'analytics'
    union all
    select
      'db' as database,
      matviewname as name,
      schemaname as schema,
      'materialized_view' as type
    from pg_matviews
    where schemaname ilike 'analytics'
  
[0m18:38:58.839232 [debug] [ThreadPool]: SQL status: SELECT 0 in 0.005 seconds
[0m18:38:58.839754 [debug] [ThreadPool]: SQL status: SELECT 0 in 0.007 seconds
[0m18:38:58.841047 [debug] [ThreadPool]: On list_db_analytics: ROLLBACK
[0m18:38:58.842166 [debug] [ThreadPool]: On list_db_analytics_analytics: ROLLBACK
[0m18:38:58.842740 [debug] [ThreadPool]: On list_db_analytics: Close
[0m18:38:58.843131 [debug] [ThreadPool]: On list_db_analytics_analytics: Close
[0m18:38:58.848305 [debug] [MainThread]: Using postgres connection "master"
[0m18:38:58.848780 [debug] [MainThread]: On master: BEGIN
[0m18:38:58.849149 [debug] [MainThread]: Opening a new connection, currently in state init
[0m18:38:58.861138 [debug] [MainThread]: SQL status: BEGIN in 0.012 seconds
[0m18:38:58.861617 [debug] [MainThread]: Using postgres connection "master"
[0m18:38:58.862086 [debug] [MainThread]: On master: /* {"app": "dbt", "dbt_version": "1.9.0b2", "profile_name": "servicenow_analytics", "target_name": "dev", "connection_name": "master"} */
with relation as (
        select
            pg_rewrite.ev_class as class,
            pg_rewrite.oid as id
        from pg_rewrite
    ),
    class as (
        select
            oid as id,
            relname as name,
            relnamespace as schema,
            relkind as kind
        from pg_class
    ),
    dependency as (
        select distinct
            pg_depend.objid as id,
            pg_depend.refobjid as ref
        from pg_depend
    ),
    schema as (
        select
            pg_namespace.oid as id,
            pg_namespace.nspname as name
        from pg_namespace
        where nspname != 'information_schema' and nspname not like 'pg\_%'
    ),
    referenced as (
        select
            relation.id AS id,
            referenced_class.name ,
            referenced_class.schema ,
            referenced_class.kind
        from relation
        join class as referenced_class on relation.class=referenced_class.id
        where referenced_class.kind in ('r', 'v', 'm')
    ),
    relationships as (
        select
            referenced.name as referenced_name,
            referenced.schema as referenced_schema_id,
            dependent_class.name as dependent_name,
            dependent_class.schema as dependent_schema_id,
            referenced.kind as kind
        from referenced
        join dependency on referenced.id=dependency.id
        join class as dependent_class on dependency.ref=dependent_class.id
        where
            (referenced.name != dependent_class.name or
             referenced.schema != dependent_class.schema)
    )

    select
        referenced_schema.name as referenced_schema,
        relationships.referenced_name as referenced_name,
        dependent_schema.name as dependent_schema,
        relationships.dependent_name as dependent_name
    from relationships
    join schema as dependent_schema on relationships.dependent_schema_id=dependent_schema.id
    join schema as referenced_schema on relationships.referenced_schema_id=referenced_schema.id
    group by referenced_schema, referenced_name, dependent_schema, dependent_name
    order by referenced_schema, referenced_name, dependent_schema, dependent_name;
[0m18:38:58.867802 [debug] [MainThread]: SQL status: SELECT 0 in 0.005 seconds
[0m18:38:58.869311 [debug] [MainThread]: Sending event: {'category': 'dbt', 'action': 'runnable_timing', 'label': '19b99de3-81f1-41c3-8903-72f83c3043f2', 'context': [<snowplow_tracker.self_describing_json.SelfDescribingJson object at 0x10ae6afd0>]}
[0m18:38:58.870048 [debug] [MainThread]: On master: ROLLBACK
[0m18:38:58.870690 [debug] [MainThread]: Using postgres connection "master"
[0m18:38:58.871109 [debug] [MainThread]: On master: BEGIN
[0m18:38:58.871754 [debug] [MainThread]: SQL status: BEGIN in 0.000 seconds
[0m18:38:58.872184 [debug] [MainThread]: On master: COMMIT
[0m18:38:58.872576 [debug] [MainThread]: Using postgres connection "master"
[0m18:38:58.872941 [debug] [MainThread]: On master: COMMIT
[0m18:38:58.873516 [debug] [MainThread]: SQL status: COMMIT in 0.000 seconds
[0m18:38:58.874000 [debug] [MainThread]: On master: Close
[0m18:38:58.877104 [debug] [Thread-1  ]: Began running node model.servicenow_analytics.servicenow_tickets_cleaned
[0m18:38:58.877875 [info ] [Thread-1  ]: 1 of 5 START sql table model analytics.servicenow_tickets_cleaned .............. [RUN]
[0m18:38:58.878551 [debug] [Thread-1  ]: Re-using an available connection from the pool (formerly list_db_analytics_analytics, now model.servicenow_analytics.servicenow_tickets_cleaned)
[0m18:38:58.879056 [debug] [Thread-1  ]: Began compiling node model.servicenow_analytics.servicenow_tickets_cleaned
[0m18:38:58.888926 [debug] [Thread-1  ]: Writing injected SQL for node "model.servicenow_analytics.servicenow_tickets_cleaned"
[0m18:38:58.889983 [debug] [Thread-1  ]: Began executing node model.servicenow_analytics.servicenow_tickets_cleaned
[0m18:38:58.940375 [debug] [Thread-1  ]: Writing runtime sql for node "model.servicenow_analytics.servicenow_tickets_cleaned"
[0m18:38:58.941445 [debug] [Thread-1  ]: Using postgres connection "model.servicenow_analytics.servicenow_tickets_cleaned"
[0m18:38:58.941955 [debug] [Thread-1  ]: On model.servicenow_analytics.servicenow_tickets_cleaned: BEGIN
[0m18:38:58.942375 [debug] [Thread-1  ]: Opening a new connection, currently in state closed
[0m18:38:58.959787 [debug] [Thread-1  ]: SQL status: BEGIN in 0.017 seconds
[0m18:38:58.960523 [debug] [Thread-1  ]: Using postgres connection "model.servicenow_analytics.servicenow_tickets_cleaned"
[0m18:38:58.961045 [debug] [Thread-1  ]: On model.servicenow_analytics.servicenow_tickets_cleaned: /* {"app": "dbt", "dbt_version": "1.9.0b2", "profile_name": "servicenow_analytics", "target_name": "dev", "node_id": "model.servicenow_analytics.servicenow_tickets_cleaned"} */

  
    

  create  table "db"."analytics"."servicenow_tickets_cleaned__dbt_tmp"
  
  
    as
  
  (
    WITH cleaned AS (
    SELECT DISTINCT
        inc_number AS ticket_id,
        inc_category AS category,
        inc_priority AS priority,
        TO_TIMESTAMP(inc_sys_created_on, 'MM/DD/YY HH24:MI') AS created_date,
        TO_TIMESTAMP(inc_resolved_at, 'MM/DD/YY HH24:MI') AS resolved_date,
        inc_assignment_group AS assigned_group,
        inc_state AS status,
        inc_assigned_to AS technician,
        inc_close_code AS close_code,
        inc_close_notes AS close_notes
    FROM "your_database_name"."public"."servicenow_tickets_raw"  -- Change ref to source
    WHERE inc_sys_created_on IS NOT NULL
        AND inc_resolved_at IS NOT NULL
        AND inc_number IS NOT NULL
)

SELECT * FROM cleaned
  );
  
[0m18:38:58.962093 [debug] [Thread-1  ]: Postgres adapter: Postgres error: cross-database references are not implemented: "your_database_name.public.servicenow_tickets_raw"
LINE 24:     FROM "your_database_name"."public"."servicenow_tickets_r...
                  ^

[0m18:38:58.962692 [debug] [Thread-1  ]: On model.servicenow_analytics.servicenow_tickets_cleaned: ROLLBACK
[0m18:38:58.963604 [debug] [Thread-1  ]: On model.servicenow_analytics.servicenow_tickets_cleaned: Close
[0m18:38:58.974158 [debug] [Thread-1  ]: Database Error in model servicenow_tickets_cleaned (models/staging/servicenow_tickets_cleaned.sql)
  cross-database references are not implemented: "your_database_name.public.servicenow_tickets_raw"
  LINE 24:     FROM "your_database_name"."public"."servicenow_tickets_r...
                    ^
  compiled code at target/run/servicenow_analytics/models/staging/servicenow_tickets_cleaned.sql
[0m18:38:58.976060 [debug] [Thread-1  ]: Sending event: {'category': 'dbt', 'action': 'run_model', 'label': '19b99de3-81f1-41c3-8903-72f83c3043f2', 'context': [<snowplow_tracker.self_describing_json.SelfDescribingJson object at 0x10f9533d0>]}
[0m18:38:58.976931 [error] [Thread-1  ]: 1 of 5 ERROR creating sql table model analytics.servicenow_tickets_cleaned ..... [[31mERROR[0m in 0.10s]
[0m18:38:58.977666 [debug] [Thread-1  ]: Finished running node model.servicenow_analytics.servicenow_tickets_cleaned
[0m18:38:58.978311 [debug] [Thread-7  ]: Marking all children of 'model.servicenow_analytics.servicenow_tickets_cleaned' to be skipped because of status 'error'.  Reason: Database Error in model servicenow_tickets_cleaned (models/staging/servicenow_tickets_cleaned.sql)
  cross-database references are not implemented: "your_database_name.public.servicenow_tickets_raw"
  LINE 24:     FROM "your_database_name"."public"."servicenow_tickets_r...
                    ^
  compiled code at target/run/servicenow_analytics/models/staging/servicenow_tickets_cleaned.sql.
[0m18:38:58.979207 [debug] [Thread-3  ]: Began running node model.servicenow_analytics.servicenow_monthly_ticket_summary
[0m18:38:58.979705 [info ] [Thread-3  ]: 2 of 5 SKIP relation analytics.servicenow_monthly_ticket_summary ............... [[33mSKIP[0m]
[0m18:38:58.980336 [debug] [Thread-4  ]: Began running node model.servicenow_analytics.servicenow_tickets_avg_resolution_time
[0m18:38:58.980790 [debug] [Thread-3  ]: Finished running node model.servicenow_analytics.servicenow_monthly_ticket_summary
[0m18:38:58.981197 [debug] [Thread-2  ]: Began running node model.servicenow_analytics.servicenow_tickets_closure_rate
[0m18:38:58.981649 [debug] [Thread-1  ]: Began running node model.servicenow_analytics.servicenow_tickets_date_extracted
[0m18:38:58.982089 [info ] [Thread-4  ]: 3 of 5 SKIP relation analytics.servicenow_tickets_avg_resolution_time .......... [[33mSKIP[0m]
[0m18:38:58.982738 [info ] [Thread-2  ]: 4 of 5 SKIP relation analytics.servicenow_tickets_closure_rate ................. [[33mSKIP[0m]
[0m18:38:58.983286 [info ] [Thread-1  ]: 5 of 5 SKIP relation analytics.servicenow_tickets_date_extracted ............... [[33mSKIP[0m]
[0m18:38:58.983814 [debug] [Thread-4  ]: Finished running node model.servicenow_analytics.servicenow_tickets_avg_resolution_time
[0m18:38:58.984275 [debug] [Thread-2  ]: Finished running node model.servicenow_analytics.servicenow_tickets_closure_rate
[0m18:38:58.984731 [debug] [Thread-1  ]: Finished running node model.servicenow_analytics.servicenow_tickets_date_extracted
[0m18:38:58.986370 [debug] [MainThread]: Using postgres connection "master"
[0m18:38:58.986833 [debug] [MainThread]: On master: BEGIN
[0m18:38:58.987198 [debug] [MainThread]: Opening a new connection, currently in state closed
[0m18:38:58.998851 [debug] [MainThread]: SQL status: BEGIN in 0.012 seconds
[0m18:38:58.999353 [debug] [MainThread]: On master: COMMIT
[0m18:38:58.999723 [debug] [MainThread]: Using postgres connection "master"
[0m18:38:59.000082 [debug] [MainThread]: On master: COMMIT
[0m18:38:59.000571 [debug] [MainThread]: SQL status: COMMIT in 0.000 seconds
[0m18:38:59.000973 [debug] [MainThread]: On master: Close
[0m18:38:59.001491 [debug] [MainThread]: Connection 'master' was properly closed.
[0m18:38:59.002013 [debug] [MainThread]: Connection 'model.servicenow_analytics.servicenow_tickets_cleaned' was properly closed.
[0m18:38:59.002373 [debug] [MainThread]: Connection 'list_db_analytics' was properly closed.
[0m18:38:59.002909 [info ] [MainThread]: 
[0m18:38:59.003618 [info ] [MainThread]: Finished running 5 table models in 0 hours 0 minutes and 0.35 seconds (0.35s).
[0m18:38:59.004741 [debug] [MainThread]: Command end result
[0m18:38:59.042708 [info ] [MainThread]: 
[0m18:38:59.043270 [info ] [MainThread]: [31mCompleted with 1 error, 0 partial successs, and 0 warnings:[0m
[0m18:38:59.043705 [info ] [MainThread]: 
[0m18:38:59.044491 [error] [MainThread]:   Database Error in model servicenow_tickets_cleaned (models/staging/servicenow_tickets_cleaned.sql)
  cross-database references are not implemented: "your_database_name.public.servicenow_tickets_raw"
  LINE 24:     FROM "your_database_name"."public"."servicenow_tickets_r...
                    ^
  compiled code at target/run/servicenow_analytics/models/staging/servicenow_tickets_cleaned.sql
[0m18:38:59.044979 [info ] [MainThread]: 
[0m18:38:59.045458 [info ] [MainThread]: Done. PASS=0 WARN=0 ERROR=1 SKIP=4 TOTAL=5
[0m18:38:59.047545 [debug] [MainThread]: Resource report: {"command_name": "run", "command_wall_clock_time": 1.5054712, "process_user_time": 2.631093, "process_kernel_time": 0.354893, "process_mem_max_rss": "113045504", "command_success": false, "process_in_blocks": "0", "process_out_blocks": "0"}
[0m18:38:59.048202 [debug] [MainThread]: Command `dbt run` failed at 18:38:59.048083 after 1.51 seconds
[0m18:38:59.048677 [debug] [MainThread]: Sending event: {'category': 'dbt', 'action': 'invocation', 'label': 'end', 'context': [<snowplow_tracker.self_describing_json.SelfDescribingJson object at 0x10de76e20>, <snowplow_tracker.self_describing_json.SelfDescribingJson object at 0x10ecfa100>, <snowplow_tracker.self_describing_json.SelfDescribingJson object at 0x10f1d4ee0>]}
[0m18:38:59.049144 [debug] [MainThread]: Flushing usage events
[0m18:39:00.144421 [debug] [MainThread]: An error was encountered while trying to flush usage events
[0m18:41:23.675024 [debug] [MainThread]: Sending event: {'category': 'dbt', 'action': 'invocation', 'label': 'start', 'context': [<snowplow_tracker.self_describing_json.SelfDescribingJson object at 0x1038cedc0>, <snowplow_tracker.self_describing_json.SelfDescribingJson object at 0x10463d250>, <snowplow_tracker.self_describing_json.SelfDescribingJson object at 0x10466c850>]}


============================== 18:41:23.681915 | d86dd125-290c-4263-a0e7-05ed6745fc9c ==============================
[0m18:41:23.681915 [info ] [MainThread]: Running with dbt=1.9.0-b2
[0m18:41:23.683017 [debug] [MainThread]: running dbt with arguments {'printer_width': '80', 'indirect_selection': 'eager', 'write_json': 'True', 'log_cache_events': 'False', 'partial_parse': 'True', 'cache_selected_only': 'False', 'profiles_dir': '/Users/charanlobo/.dbt', 'fail_fast': 'False', 'debug': 'False', 'log_path': '/Users/charanlobo/dbt_servicenow_project/logs', 'version_check': 'True', 'warn_error': 'None', 'use_colors': 'True', 'use_experimental_parser': 'False', 'empty': 'False', 'quiet': 'False', 'no_print': 'None', 'warn_error_options': 'WarnErrorOptions(include=[], exclude=[])', 'static_parser': 'True', 'log_format': 'default', 'invocation_command': 'dbt run --select servicenow_tickets_cleaned servicenow_tickets_date_extracted servicenow_tickets_avg_resolution_time servicenow_tickets_closure_rate servicenow_monthly_ticket_summary', 'target_path': 'None', 'introspect': 'True', 'send_anonymous_usage_stats': 'True'}
[0m18:41:23.919622 [debug] [MainThread]: Sending event: {'category': 'dbt', 'action': 'project_id', 'label': 'd86dd125-290c-4263-a0e7-05ed6745fc9c', 'context': [<snowplow_tracker.self_describing_json.SelfDescribingJson object at 0x1049eff70>]}
[0m18:41:23.993592 [debug] [MainThread]: Sending event: {'category': 'dbt', 'action': 'adapter_info', 'label': 'd86dd125-290c-4263-a0e7-05ed6745fc9c', 'context': [<snowplow_tracker.self_describing_json.SelfDescribingJson object at 0x103fd8220>]}
[0m18:41:23.995398 [info ] [MainThread]: Registered adapter: postgres=1.8.2
[0m18:41:24.016199 [debug] [MainThread]: checksum: 4cfbbe2a671212f062e88a43cba5322b30b7e3e8e91b953aa4de249eeaade60f, vars: {}, profile: , target: , version: 1.9.0b2
[0m18:41:24.206357 [debug] [MainThread]: Partial parsing enabled: 0 files deleted, 0 files added, 1 files changed.
[0m18:41:24.207159 [debug] [MainThread]: Partial parsing: updated file: servicenow_analytics://models/staging/servicenow_tickets_cleaned.sql
[0m18:41:24.585020 [debug] [MainThread]: Sending event: {'category': 'dbt', 'action': 'load_project', 'label': 'd86dd125-290c-4263-a0e7-05ed6745fc9c', 'context': [<snowplow_tracker.self_describing_json.SelfDescribingJson object at 0x1053cbcd0>]}
[0m18:41:24.700713 [debug] [MainThread]: Sending event: {'category': 'dbt', 'action': 'resource_counts', 'label': 'd86dd125-290c-4263-a0e7-05ed6745fc9c', 'context': [<snowplow_tracker.self_describing_json.SelfDescribingJson object at 0x1054e1280>]}
[0m18:41:24.701375 [info ] [MainThread]: Found 6 models, 1 source, 423 macros
[0m18:41:24.701815 [debug] [MainThread]: Sending event: {'category': 'dbt', 'action': 'runnable_timing', 'label': 'd86dd125-290c-4263-a0e7-05ed6745fc9c', 'context': [<snowplow_tracker.self_describing_json.SelfDescribingJson object at 0x104c2ce20>]}
[0m18:41:24.703548 [info ] [MainThread]: 
[0m18:41:24.704076 [info ] [MainThread]: Concurrency: 4 threads (target='dev')
[0m18:41:24.704490 [info ] [MainThread]: 
[0m18:41:24.705105 [debug] [MainThread]: Acquiring new postgres connection 'master'
[0m18:41:24.709984 [debug] [ThreadPool]: Acquiring new postgres connection 'list_db'
[0m18:41:24.710699 [debug] [ThreadPool]: Acquiring new postgres connection 'list_db'
[0m18:41:24.812661 [debug] [ThreadPool]: Using postgres connection "list_db"
[0m18:41:24.813207 [debug] [ThreadPool]: Using postgres connection "list_db"
[0m18:41:24.813625 [debug] [ThreadPool]: On list_db: /* {"app": "dbt", "dbt_version": "1.9.0b2", "profile_name": "servicenow_analytics", "target_name": "dev", "connection_name": "list_db"} */

    select distinct nspname from pg_namespace
  
[0m18:41:24.814041 [debug] [ThreadPool]: On list_db: /* {"app": "dbt", "dbt_version": "1.9.0b2", "profile_name": "servicenow_analytics", "target_name": "dev", "connection_name": "list_db"} */

    select distinct nspname from pg_namespace
  
[0m18:41:24.814439 [debug] [ThreadPool]: Opening a new connection, currently in state init
[0m18:41:24.814818 [debug] [ThreadPool]: Opening a new connection, currently in state init
[0m18:41:24.845042 [debug] [ThreadPool]: SQL status: SELECT 6 in 0.031 seconds
[0m18:41:24.845541 [debug] [ThreadPool]: SQL status: SELECT 6 in 0.031 seconds
[0m18:41:24.846831 [debug] [ThreadPool]: On list_db: Close
[0m18:41:24.847978 [debug] [ThreadPool]: On list_db: Close
[0m18:41:24.849803 [debug] [ThreadPool]: Re-using an available connection from the pool (formerly list_db, now list_db_analytics_analytics)
[0m18:41:24.850624 [debug] [ThreadPool]: Re-using an available connection from the pool (formerly list_db, now list_db_analytics)
[0m18:41:24.857308 [debug] [ThreadPool]: Using postgres connection "list_db_analytics_analytics"
[0m18:41:24.859803 [debug] [ThreadPool]: Using postgres connection "list_db_analytics"
[0m18:41:24.860252 [debug] [ThreadPool]: On list_db_analytics_analytics: BEGIN
[0m18:41:24.860640 [debug] [ThreadPool]: On list_db_analytics: BEGIN
[0m18:41:24.861002 [debug] [ThreadPool]: Opening a new connection, currently in state closed
[0m18:41:24.861358 [debug] [ThreadPool]: Opening a new connection, currently in state closed
[0m18:41:24.874268 [debug] [ThreadPool]: SQL status: BEGIN in 0.013 seconds
[0m18:41:24.874820 [debug] [ThreadPool]: Using postgres connection "list_db_analytics_analytics"
[0m18:41:24.875272 [debug] [ThreadPool]: On list_db_analytics_analytics: /* {"app": "dbt", "dbt_version": "1.9.0b2", "profile_name": "servicenow_analytics", "target_name": "dev", "connection_name": "list_db_analytics_analytics"} */
select
      'db' as database,
      tablename as name,
      schemaname as schema,
      'table' as type
    from pg_tables
    where schemaname ilike 'analytics_analytics'
    union all
    select
      'db' as database,
      viewname as name,
      schemaname as schema,
      'view' as type
    from pg_views
    where schemaname ilike 'analytics_analytics'
    union all
    select
      'db' as database,
      matviewname as name,
      schemaname as schema,
      'materialized_view' as type
    from pg_matviews
    where schemaname ilike 'analytics_analytics'
  
[0m18:41:24.875762 [debug] [ThreadPool]: SQL status: BEGIN in 0.014 seconds
[0m18:41:24.876158 [debug] [ThreadPool]: Using postgres connection "list_db_analytics"
[0m18:41:24.876553 [debug] [ThreadPool]: On list_db_analytics: /* {"app": "dbt", "dbt_version": "1.9.0b2", "profile_name": "servicenow_analytics", "target_name": "dev", "connection_name": "list_db_analytics"} */
select
      'db' as database,
      tablename as name,
      schemaname as schema,
      'table' as type
    from pg_tables
    where schemaname ilike 'analytics'
    union all
    select
      'db' as database,
      viewname as name,
      schemaname as schema,
      'view' as type
    from pg_views
    where schemaname ilike 'analytics'
    union all
    select
      'db' as database,
      matviewname as name,
      schemaname as schema,
      'materialized_view' as type
    from pg_matviews
    where schemaname ilike 'analytics'
  
[0m18:41:24.880479 [debug] [ThreadPool]: SQL status: SELECT 0 in 0.003 seconds
[0m18:41:24.880965 [debug] [ThreadPool]: SQL status: SELECT 0 in 0.005 seconds
[0m18:41:24.882155 [debug] [ThreadPool]: On list_db_analytics: ROLLBACK
[0m18:41:24.883306 [debug] [ThreadPool]: On list_db_analytics_analytics: ROLLBACK
[0m18:41:24.883905 [debug] [ThreadPool]: On list_db_analytics: Close
[0m18:41:24.884375 [debug] [ThreadPool]: On list_db_analytics_analytics: Close
[0m18:41:24.889553 [debug] [MainThread]: Using postgres connection "master"
[0m18:41:24.890006 [debug] [MainThread]: On master: BEGIN
[0m18:41:24.890359 [debug] [MainThread]: Opening a new connection, currently in state init
[0m18:41:24.902654 [debug] [MainThread]: SQL status: BEGIN in 0.012 seconds
[0m18:41:24.903099 [debug] [MainThread]: Using postgres connection "master"
[0m18:41:24.903558 [debug] [MainThread]: On master: /* {"app": "dbt", "dbt_version": "1.9.0b2", "profile_name": "servicenow_analytics", "target_name": "dev", "connection_name": "master"} */
with relation as (
        select
            pg_rewrite.ev_class as class,
            pg_rewrite.oid as id
        from pg_rewrite
    ),
    class as (
        select
            oid as id,
            relname as name,
            relnamespace as schema,
            relkind as kind
        from pg_class
    ),
    dependency as (
        select distinct
            pg_depend.objid as id,
            pg_depend.refobjid as ref
        from pg_depend
    ),
    schema as (
        select
            pg_namespace.oid as id,
            pg_namespace.nspname as name
        from pg_namespace
        where nspname != 'information_schema' and nspname not like 'pg\_%'
    ),
    referenced as (
        select
            relation.id AS id,
            referenced_class.name ,
            referenced_class.schema ,
            referenced_class.kind
        from relation
        join class as referenced_class on relation.class=referenced_class.id
        where referenced_class.kind in ('r', 'v', 'm')
    ),
    relationships as (
        select
            referenced.name as referenced_name,
            referenced.schema as referenced_schema_id,
            dependent_class.name as dependent_name,
            dependent_class.schema as dependent_schema_id,
            referenced.kind as kind
        from referenced
        join dependency on referenced.id=dependency.id
        join class as dependent_class on dependency.ref=dependent_class.id
        where
            (referenced.name != dependent_class.name or
             referenced.schema != dependent_class.schema)
    )

    select
        referenced_schema.name as referenced_schema,
        relationships.referenced_name as referenced_name,
        dependent_schema.name as dependent_schema,
        relationships.dependent_name as dependent_name
    from relationships
    join schema as dependent_schema on relationships.dependent_schema_id=dependent_schema.id
    join schema as referenced_schema on relationships.referenced_schema_id=referenced_schema.id
    group by referenced_schema, referenced_name, dependent_schema, dependent_name
    order by referenced_schema, referenced_name, dependent_schema, dependent_name;
[0m18:41:24.909064 [debug] [MainThread]: SQL status: SELECT 0 in 0.005 seconds
[0m18:41:24.910383 [debug] [MainThread]: Sending event: {'category': 'dbt', 'action': 'runnable_timing', 'label': 'd86dd125-290c-4263-a0e7-05ed6745fc9c', 'context': [<snowplow_tracker.self_describing_json.SelfDescribingJson object at 0x1054e1640>]}
[0m18:41:24.910941 [debug] [MainThread]: On master: ROLLBACK
[0m18:41:24.911480 [debug] [MainThread]: Using postgres connection "master"
[0m18:41:24.911853 [debug] [MainThread]: On master: BEGIN
[0m18:41:24.912468 [debug] [MainThread]: SQL status: BEGIN in 0.000 seconds
[0m18:41:24.912865 [debug] [MainThread]: On master: COMMIT
[0m18:41:24.913228 [debug] [MainThread]: Using postgres connection "master"
[0m18:41:24.913582 [debug] [MainThread]: On master: COMMIT
[0m18:41:24.914046 [debug] [MainThread]: SQL status: COMMIT in 0.000 seconds
[0m18:41:24.914433 [debug] [MainThread]: On master: Close
[0m18:41:24.917202 [debug] [Thread-1  ]: Began running node model.servicenow_analytics.servicenow_tickets_cleaned
[0m18:41:24.917876 [info ] [Thread-1  ]: 1 of 5 START sql table model analytics_analytics.servicenow_tickets_cleaned .... [RUN]
[0m18:41:24.918487 [debug] [Thread-1  ]: Re-using an available connection from the pool (formerly list_db_analytics_analytics, now model.servicenow_analytics.servicenow_tickets_cleaned)
[0m18:41:24.918983 [debug] [Thread-1  ]: Began compiling node model.servicenow_analytics.servicenow_tickets_cleaned
[0m18:41:24.928261 [debug] [Thread-1  ]: Writing injected SQL for node "model.servicenow_analytics.servicenow_tickets_cleaned"
[0m18:41:24.929071 [debug] [Thread-1  ]: Began executing node model.servicenow_analytics.servicenow_tickets_cleaned
[0m18:41:24.973027 [debug] [Thread-1  ]: Writing runtime sql for node "model.servicenow_analytics.servicenow_tickets_cleaned"
[0m18:41:24.974003 [debug] [Thread-1  ]: Using postgres connection "model.servicenow_analytics.servicenow_tickets_cleaned"
[0m18:41:24.974473 [debug] [Thread-1  ]: On model.servicenow_analytics.servicenow_tickets_cleaned: BEGIN
[0m18:41:24.974890 [debug] [Thread-1  ]: Opening a new connection, currently in state closed
[0m18:41:24.988848 [debug] [Thread-1  ]: SQL status: BEGIN in 0.014 seconds
[0m18:41:24.989397 [debug] [Thread-1  ]: Using postgres connection "model.servicenow_analytics.servicenow_tickets_cleaned"
[0m18:41:24.989938 [debug] [Thread-1  ]: On model.servicenow_analytics.servicenow_tickets_cleaned: /* {"app": "dbt", "dbt_version": "1.9.0b2", "profile_name": "servicenow_analytics", "target_name": "dev", "node_id": "model.servicenow_analytics.servicenow_tickets_cleaned"} */

  
    

  create  table "db"."analytics_analytics"."servicenow_tickets_cleaned__dbt_tmp"
  
  
    as
  
  (
    

WITH cleaned AS (
    SELECT DISTINCT
        inc_number AS ticket_id,
        inc_category AS category,
        inc_priority AS priority,
        TO_TIMESTAMP(inc_sys_created_on, 'MM/DD/YY HH24:MI') AS created_date,
        TO_TIMESTAMP(inc_resolved_at, 'MM/DD/YY HH24:MI') AS resolved_date,
        inc_assignment_group AS assigned_group,
        inc_state AS status,
        inc_assigned_to AS technician,
        inc_close_code AS close_code,
        inc_close_notes AS close_notes
    FROM "your_database_name"."public"."servicenow_tickets_raw"  -- Change ref to $
    WHERE inc_sys_created_on IS NOT NULL
        AND inc_resolved_at IS NOT NULL
        AND inc_number IS NOT NULL
)

SELECT * FROM cleaned
  );
  
[0m18:41:24.990929 [debug] [Thread-1  ]: Postgres adapter: Postgres error: cross-database references are not implemented: "your_database_name.public.servicenow_tickets_raw"
LINE 26:     FROM "your_database_name"."public"."servicenow_tickets_r...
                  ^

[0m18:41:24.991399 [debug] [Thread-1  ]: On model.servicenow_analytics.servicenow_tickets_cleaned: ROLLBACK
[0m18:41:24.992066 [debug] [Thread-1  ]: On model.servicenow_analytics.servicenow_tickets_cleaned: Close
[0m18:41:25.001954 [debug] [Thread-1  ]: Database Error in model servicenow_tickets_cleaned (models/staging/servicenow_tickets_cleaned.sql)
  cross-database references are not implemented: "your_database_name.public.servicenow_tickets_raw"
  LINE 26:     FROM "your_database_name"."public"."servicenow_tickets_r...
                    ^
  compiled code at target/run/servicenow_analytics/models/staging/servicenow_tickets_cleaned.sql
[0m18:41:25.003930 [debug] [Thread-1  ]: Sending event: {'category': 'dbt', 'action': 'run_model', 'label': 'd86dd125-290c-4263-a0e7-05ed6745fc9c', 'context': [<snowplow_tracker.self_describing_json.SelfDescribingJson object at 0x10580abe0>]}
[0m18:41:25.004909 [error] [Thread-1  ]: 1 of 5 ERROR creating sql table model analytics_analytics.servicenow_tickets_cleaned  [[31mERROR[0m in 0.08s]
[0m18:41:25.005975 [debug] [Thread-1  ]: Finished running node model.servicenow_analytics.servicenow_tickets_cleaned
[0m18:41:25.006753 [debug] [Thread-7  ]: Marking all children of 'model.servicenow_analytics.servicenow_tickets_cleaned' to be skipped because of status 'error'.  Reason: Database Error in model servicenow_tickets_cleaned (models/staging/servicenow_tickets_cleaned.sql)
  cross-database references are not implemented: "your_database_name.public.servicenow_tickets_raw"
  LINE 26:     FROM "your_database_name"."public"."servicenow_tickets_r...
                    ^
  compiled code at target/run/servicenow_analytics/models/staging/servicenow_tickets_cleaned.sql.
[0m18:41:25.007825 [debug] [Thread-3  ]: Began running node model.servicenow_analytics.servicenow_monthly_ticket_summary
[0m18:41:25.008482 [info ] [Thread-3  ]: 2 of 5 SKIP relation analytics.servicenow_monthly_ticket_summary ............... [[33mSKIP[0m]
[0m18:41:25.009081 [debug] [Thread-4  ]: Began running node model.servicenow_analytics.servicenow_tickets_avg_resolution_time
[0m18:41:25.009583 [debug] [Thread-2  ]: Began running node model.servicenow_analytics.servicenow_tickets_closure_rate
[0m18:41:25.010079 [debug] [Thread-3  ]: Finished running node model.servicenow_analytics.servicenow_monthly_ticket_summary
[0m18:41:25.010519 [debug] [Thread-1  ]: Began running node model.servicenow_analytics.servicenow_tickets_date_extracted
[0m18:41:25.011047 [info ] [Thread-4  ]: 3 of 5 SKIP relation analytics.servicenow_tickets_avg_resolution_time .......... [[33mSKIP[0m]
[0m18:41:25.011593 [info ] [Thread-2  ]: 4 of 5 SKIP relation analytics.servicenow_tickets_closure_rate ................. [[33mSKIP[0m]
[0m18:41:25.012252 [info ] [Thread-1  ]: 5 of 5 SKIP relation analytics.servicenow_tickets_date_extracted ............... [[33mSKIP[0m]
[0m18:41:25.012847 [debug] [Thread-4  ]: Finished running node model.servicenow_analytics.servicenow_tickets_avg_resolution_time
[0m18:41:25.013335 [debug] [Thread-2  ]: Finished running node model.servicenow_analytics.servicenow_tickets_closure_rate
[0m18:41:25.013813 [debug] [Thread-1  ]: Finished running node model.servicenow_analytics.servicenow_tickets_date_extracted
[0m18:41:25.015208 [debug] [MainThread]: Using postgres connection "master"
[0m18:41:25.015616 [debug] [MainThread]: On master: BEGIN
[0m18:41:25.015971 [debug] [MainThread]: Opening a new connection, currently in state closed
[0m18:41:25.027517 [debug] [MainThread]: SQL status: BEGIN in 0.011 seconds
[0m18:41:25.027990 [debug] [MainThread]: On master: COMMIT
[0m18:41:25.028363 [debug] [MainThread]: Using postgres connection "master"
[0m18:41:25.028718 [debug] [MainThread]: On master: COMMIT
[0m18:41:25.029187 [debug] [MainThread]: SQL status: COMMIT in 0.000 seconds
[0m18:41:25.029571 [debug] [MainThread]: On master: Close
[0m18:41:25.030057 [debug] [MainThread]: Connection 'master' was properly closed.
[0m18:41:25.030408 [debug] [MainThread]: Connection 'model.servicenow_analytics.servicenow_tickets_cleaned' was properly closed.
[0m18:41:25.030741 [debug] [MainThread]: Connection 'list_db_analytics' was properly closed.
[0m18:41:25.031174 [info ] [MainThread]: 
[0m18:41:25.031613 [info ] [MainThread]: Finished running 5 table models in 0 hours 0 minutes and 0.33 seconds (0.33s).
[0m18:41:25.032532 [debug] [MainThread]: Command end result
[0m18:41:25.065928 [info ] [MainThread]: 
[0m18:41:25.066504 [info ] [MainThread]: [31mCompleted with 1 error, 0 partial successs, and 0 warnings:[0m
[0m18:41:25.067043 [info ] [MainThread]: 
[0m18:41:25.067566 [error] [MainThread]:   Database Error in model servicenow_tickets_cleaned (models/staging/servicenow_tickets_cleaned.sql)
  cross-database references are not implemented: "your_database_name.public.servicenow_tickets_raw"
  LINE 26:     FROM "your_database_name"."public"."servicenow_tickets_r...
                    ^
  compiled code at target/run/servicenow_analytics/models/staging/servicenow_tickets_cleaned.sql
[0m18:41:25.068052 [info ] [MainThread]: 
[0m18:41:25.068684 [info ] [MainThread]: Done. PASS=0 WARN=0 ERROR=1 SKIP=4 TOTAL=5
[0m18:41:25.070829 [debug] [MainThread]: Resource report: {"command_name": "run", "command_wall_clock_time": 1.4785812, "process_user_time": 2.681732, "process_kernel_time": 0.37713, "process_mem_max_rss": "113274880", "command_success": false, "process_in_blocks": "0", "process_out_blocks": "0"}
[0m18:41:25.071604 [debug] [MainThread]: Command `dbt run` failed at 18:41:25.071375 after 1.48 seconds
[0m18:41:25.072271 [debug] [MainThread]: Sending event: {'category': 'dbt', 'action': 'invocation', 'label': 'end', 'context': [<snowplow_tracker.self_describing_json.SelfDescribingJson object at 0x1038cedc0>, <snowplow_tracker.self_describing_json.SelfDescribingJson object at 0x104d9eb50>, <snowplow_tracker.self_describing_json.SelfDescribingJson object at 0x104d9e700>]}
[0m18:41:25.072783 [debug] [MainThread]: Flushing usage events
[0m18:41:26.237767 [debug] [MainThread]: An error was encountered while trying to flush usage events
[0m18:43:14.302036 [debug] [MainThread]: Sending event: {'category': 'dbt', 'action': 'invocation', 'label': 'start', 'context': [<snowplow_tracker.self_describing_json.SelfDescribingJson object at 0x108aeddc0>, <snowplow_tracker.self_describing_json.SelfDescribingJson object at 0x109820ac0>, <snowplow_tracker.self_describing_json.SelfDescribingJson object at 0x1098913a0>]}


============================== 18:43:14.307529 | 4c29d158-fd91-4eec-b9d3-1a0ffb9dba3e ==============================
[0m18:43:14.307529 [info ] [MainThread]: Running with dbt=1.9.0-b2
[0m18:43:14.308232 [debug] [MainThread]: running dbt with arguments {'printer_width': '80', 'indirect_selection': 'eager', 'log_cache_events': 'False', 'write_json': 'True', 'partial_parse': 'True', 'cache_selected_only': 'False', 'profiles_dir': '/Users/charanlobo/.dbt', 'debug': 'False', 'fail_fast': 'False', 'log_path': '/Users/charanlobo/dbt_servicenow_project/logs', 'version_check': 'True', 'warn_error': 'None', 'use_colors': 'True', 'use_experimental_parser': 'False', 'no_print': 'None', 'quiet': 'False', 'empty': 'False', 'log_format': 'default', 'invocation_command': 'dbt run --models check', 'introspect': 'True', 'warn_error_options': 'WarnErrorOptions(include=[], exclude=[])', 'target_path': 'None', 'static_parser': 'True', 'send_anonymous_usage_stats': 'True'}
[0m18:43:14.511398 [debug] [MainThread]: Sending event: {'category': 'dbt', 'action': 'project_id', 'label': '4c29d158-fd91-4eec-b9d3-1a0ffb9dba3e', 'context': [<snowplow_tracker.self_describing_json.SelfDescribingJson object at 0x109a7b250>]}
[0m18:43:14.579203 [debug] [MainThread]: Sending event: {'category': 'dbt', 'action': 'adapter_info', 'label': '4c29d158-fd91-4eec-b9d3-1a0ffb9dba3e', 'context': [<snowplow_tracker.self_describing_json.SelfDescribingJson object at 0x109ac4ac0>]}
[0m18:43:14.580670 [info ] [MainThread]: Registered adapter: postgres=1.8.2
[0m18:43:14.600813 [debug] [MainThread]: checksum: 4cfbbe2a671212f062e88a43cba5322b30b7e3e8e91b953aa4de249eeaade60f, vars: {}, profile: , target: , version: 1.9.0b2
[0m18:43:14.773853 [debug] [MainThread]: Partial parsing enabled: 0 files deleted, 0 files added, 0 files changed.
[0m18:43:14.774349 [debug] [MainThread]: Partial parsing enabled, no changes found, skipping parsing
[0m18:43:14.819733 [debug] [MainThread]: Sending event: {'category': 'dbt', 'action': 'load_project', 'label': '4c29d158-fd91-4eec-b9d3-1a0ffb9dba3e', 'context': [<snowplow_tracker.self_describing_json.SelfDescribingJson object at 0x109fddfa0>]}
[0m18:43:14.945409 [debug] [MainThread]: Sending event: {'category': 'dbt', 'action': 'resource_counts', 'label': '4c29d158-fd91-4eec-b9d3-1a0ffb9dba3e', 'context': [<snowplow_tracker.self_describing_json.SelfDescribingJson object at 0x109f93370>]}
[0m18:43:14.946114 [info ] [MainThread]: Found 6 models, 1 source, 423 macros
[0m18:43:14.946681 [debug] [MainThread]: Sending event: {'category': 'dbt', 'action': 'runnable_timing', 'label': '4c29d158-fd91-4eec-b9d3-1a0ffb9dba3e', 'context': [<snowplow_tracker.self_describing_json.SelfDescribingJson object at 0x109e64850>]}
[0m18:43:14.948241 [info ] [MainThread]: 
[0m18:43:14.948822 [info ] [MainThread]: Concurrency: 4 threads (target='dev')
[0m18:43:14.949251 [info ] [MainThread]: 
[0m18:43:14.950229 [debug] [MainThread]: Acquiring new postgres connection 'master'
[0m18:43:14.951720 [debug] [ThreadPool]: Acquiring new postgres connection 'list_db'
[0m18:43:15.018495 [debug] [ThreadPool]: Using postgres connection "list_db"
[0m18:43:15.019092 [debug] [ThreadPool]: On list_db: /* {"app": "dbt", "dbt_version": "1.9.0b2", "profile_name": "servicenow_analytics", "target_name": "dev", "connection_name": "list_db"} */

    select distinct nspname from pg_namespace
  
[0m18:43:15.019501 [debug] [ThreadPool]: Opening a new connection, currently in state init
[0m18:43:15.054926 [debug] [ThreadPool]: SQL status: SELECT 6 in 0.035 seconds
[0m18:43:15.058526 [debug] [ThreadPool]: On list_db: Close
[0m18:43:15.065721 [debug] [ThreadPool]: Re-using an available connection from the pool (formerly list_db, now list_db_analytics)
[0m18:43:15.072871 [debug] [ThreadPool]: Acquiring new postgres connection 'list_db_analytics_analytics'
[0m18:43:15.073311 [debug] [ThreadPool]: Using postgres connection "list_db_analytics"
[0m18:43:15.075874 [debug] [ThreadPool]: Using postgres connection "list_db_analytics_analytics"
[0m18:43:15.076347 [debug] [ThreadPool]: On list_db_analytics: BEGIN
[0m18:43:15.076722 [debug] [ThreadPool]: On list_db_analytics_analytics: BEGIN
[0m18:43:15.077083 [debug] [ThreadPool]: Opening a new connection, currently in state closed
[0m18:43:15.077441 [debug] [ThreadPool]: Opening a new connection, currently in state init
[0m18:43:15.091216 [debug] [ThreadPool]: SQL status: BEGIN in 0.014 seconds
[0m18:43:15.091710 [debug] [ThreadPool]: Using postgres connection "list_db_analytics"
[0m18:43:15.092120 [debug] [ThreadPool]: On list_db_analytics: /* {"app": "dbt", "dbt_version": "1.9.0b2", "profile_name": "servicenow_analytics", "target_name": "dev", "connection_name": "list_db_analytics"} */
select
      'db' as database,
      tablename as name,
      schemaname as schema,
      'table' as type
    from pg_tables
    where schemaname ilike 'analytics'
    union all
    select
      'db' as database,
      viewname as name,
      schemaname as schema,
      'view' as type
    from pg_views
    where schemaname ilike 'analytics'
    union all
    select
      'db' as database,
      matviewname as name,
      schemaname as schema,
      'materialized_view' as type
    from pg_matviews
    where schemaname ilike 'analytics'
  
[0m18:43:15.092913 [debug] [ThreadPool]: SQL status: BEGIN in 0.015 seconds
[0m18:43:15.093341 [debug] [ThreadPool]: Using postgres connection "list_db_analytics_analytics"
[0m18:43:15.093753 [debug] [ThreadPool]: On list_db_analytics_analytics: /* {"app": "dbt", "dbt_version": "1.9.0b2", "profile_name": "servicenow_analytics", "target_name": "dev", "connection_name": "list_db_analytics_analytics"} */
select
      'db' as database,
      tablename as name,
      schemaname as schema,
      'table' as type
    from pg_tables
    where schemaname ilike 'analytics_analytics'
    union all
    select
      'db' as database,
      viewname as name,
      schemaname as schema,
      'view' as type
    from pg_views
    where schemaname ilike 'analytics_analytics'
    union all
    select
      'db' as database,
      matviewname as name,
      schemaname as schema,
      'materialized_view' as type
    from pg_matviews
    where schemaname ilike 'analytics_analytics'
  
[0m18:43:15.096440 [debug] [ThreadPool]: SQL status: SELECT 0 in 0.004 seconds
[0m18:43:15.097804 [debug] [ThreadPool]: On list_db_analytics: ROLLBACK
[0m18:43:15.098280 [debug] [ThreadPool]: SQL status: SELECT 0 in 0.004 seconds
[0m18:43:15.099549 [debug] [ThreadPool]: On list_db_analytics_analytics: ROLLBACK
[0m18:43:15.100061 [debug] [ThreadPool]: On list_db_analytics: Close
[0m18:43:15.100493 [debug] [ThreadPool]: On list_db_analytics_analytics: Close
[0m18:43:15.105866 [debug] [MainThread]: Using postgres connection "master"
[0m18:43:15.106348 [debug] [MainThread]: On master: BEGIN
[0m18:43:15.106695 [debug] [MainThread]: Opening a new connection, currently in state init
[0m18:43:15.118573 [debug] [MainThread]: SQL status: BEGIN in 0.012 seconds
[0m18:43:15.119057 [debug] [MainThread]: Using postgres connection "master"
[0m18:43:15.119522 [debug] [MainThread]: On master: /* {"app": "dbt", "dbt_version": "1.9.0b2", "profile_name": "servicenow_analytics", "target_name": "dev", "connection_name": "master"} */
with relation as (
        select
            pg_rewrite.ev_class as class,
            pg_rewrite.oid as id
        from pg_rewrite
    ),
    class as (
        select
            oid as id,
            relname as name,
            relnamespace as schema,
            relkind as kind
        from pg_class
    ),
    dependency as (
        select distinct
            pg_depend.objid as id,
            pg_depend.refobjid as ref
        from pg_depend
    ),
    schema as (
        select
            pg_namespace.oid as id,
            pg_namespace.nspname as name
        from pg_namespace
        where nspname != 'information_schema' and nspname not like 'pg\_%'
    ),
    referenced as (
        select
            relation.id AS id,
            referenced_class.name ,
            referenced_class.schema ,
            referenced_class.kind
        from relation
        join class as referenced_class on relation.class=referenced_class.id
        where referenced_class.kind in ('r', 'v', 'm')
    ),
    relationships as (
        select
            referenced.name as referenced_name,
            referenced.schema as referenced_schema_id,
            dependent_class.name as dependent_name,
            dependent_class.schema as dependent_schema_id,
            referenced.kind as kind
        from referenced
        join dependency on referenced.id=dependency.id
        join class as dependent_class on dependency.ref=dependent_class.id
        where
            (referenced.name != dependent_class.name or
             referenced.schema != dependent_class.schema)
    )

    select
        referenced_schema.name as referenced_schema,
        relationships.referenced_name as referenced_name,
        dependent_schema.name as dependent_schema,
        relationships.dependent_name as dependent_name
    from relationships
    join schema as dependent_schema on relationships.dependent_schema_id=dependent_schema.id
    join schema as referenced_schema on relationships.referenced_schema_id=referenced_schema.id
    group by referenced_schema, referenced_name, dependent_schema, dependent_name
    order by referenced_schema, referenced_name, dependent_schema, dependent_name;
[0m18:43:15.124501 [debug] [MainThread]: SQL status: SELECT 0 in 0.004 seconds
[0m18:43:15.125814 [debug] [MainThread]: Sending event: {'category': 'dbt', 'action': 'runnable_timing', 'label': '4c29d158-fd91-4eec-b9d3-1a0ffb9dba3e', 'context': [<snowplow_tracker.self_describing_json.SelfDescribingJson object at 0x109860670>]}
[0m18:43:15.126371 [debug] [MainThread]: On master: ROLLBACK
[0m18:43:15.126967 [debug] [MainThread]: Using postgres connection "master"
[0m18:43:15.127387 [debug] [MainThread]: On master: BEGIN
[0m18:43:15.128051 [debug] [MainThread]: SQL status: BEGIN in 0.000 seconds
[0m18:43:15.128472 [debug] [MainThread]: On master: COMMIT
[0m18:43:15.128854 [debug] [MainThread]: Using postgres connection "master"
[0m18:43:15.129217 [debug] [MainThread]: On master: COMMIT
[0m18:43:15.129774 [debug] [MainThread]: SQL status: COMMIT in 0.000 seconds
[0m18:43:15.130202 [debug] [MainThread]: On master: Close
[0m18:43:15.133490 [debug] [Thread-1  ]: Began running node model.servicenow_analytics.check
[0m18:43:15.134458 [info ] [Thread-1  ]: 1 of 1 START sql table model analytics_analytics.check ......................... [RUN]
[0m18:43:15.135247 [debug] [Thread-1  ]: Re-using an available connection from the pool (formerly list_db_analytics, now model.servicenow_analytics.check)
[0m18:43:15.135752 [debug] [Thread-1  ]: Began compiling node model.servicenow_analytics.check
[0m18:43:15.145022 [debug] [Thread-1  ]: Writing injected SQL for node "model.servicenow_analytics.check"
[0m18:43:15.145900 [debug] [Thread-1  ]: Began executing node model.servicenow_analytics.check
[0m18:43:15.193057 [debug] [Thread-1  ]: Writing runtime sql for node "model.servicenow_analytics.check"
[0m18:43:15.194084 [debug] [Thread-1  ]: Using postgres connection "model.servicenow_analytics.check"
[0m18:43:15.194585 [debug] [Thread-1  ]: On model.servicenow_analytics.check: BEGIN
[0m18:43:15.194994 [debug] [Thread-1  ]: Opening a new connection, currently in state closed
[0m18:43:15.207283 [debug] [Thread-1  ]: SQL status: BEGIN in 0.012 seconds
[0m18:43:15.207833 [debug] [Thread-1  ]: Using postgres connection "model.servicenow_analytics.check"
[0m18:43:15.208280 [debug] [Thread-1  ]: On model.servicenow_analytics.check: /* {"app": "dbt", "dbt_version": "1.9.0b2", "profile_name": "servicenow_analytics", "target_name": "dev", "node_id": "model.servicenow_analytics.check"} */

  
    

  create  table "db"."analytics_analytics"."check__dbt_tmp"
  
  
    as
  
  (
    

-- Simple ticket count by category
SELECT
   inc_category, COUNT(*) AS ticket_count
FROM 
    "your_database_name"."public"."servicenow_tickets_raw"
GROUP BY 
    inc_category
ORDER BY 
    ticket_count DESC
  );
  
[0m18:43:15.209131 [debug] [Thread-1  ]: Postgres adapter: Postgres error: cross-database references are not implemented: "your_database_name.public.servicenow_tickets_raw"
LINE 18:     "your_database_name"."public"."servicenow_tickets_raw"
             ^

[0m18:43:15.209599 [debug] [Thread-1  ]: On model.servicenow_analytics.check: ROLLBACK
[0m18:43:15.210251 [debug] [Thread-1  ]: On model.servicenow_analytics.check: Close
[0m18:43:15.220146 [debug] [Thread-1  ]: Database Error in model check (models/staging/check.sql)
  cross-database references are not implemented: "your_database_name.public.servicenow_tickets_raw"
  LINE 18:     "your_database_name"."public"."servicenow_tickets_raw"
               ^
  compiled code at target/run/servicenow_analytics/models/staging/check.sql
[0m18:43:15.222097 [debug] [Thread-1  ]: Sending event: {'category': 'dbt', 'action': 'run_model', 'label': '4c29d158-fd91-4eec-b9d3-1a0ffb9dba3e', 'context': [<snowplow_tracker.self_describing_json.SelfDescribingJson object at 0x10a8f9220>]}
[0m18:43:15.222948 [error] [Thread-1  ]: 1 of 1 ERROR creating sql table model analytics_analytics.check ................ [[31mERROR[0m in 0.09s]
[0m18:43:15.223691 [debug] [Thread-1  ]: Finished running node model.servicenow_analytics.check
[0m18:43:15.224341 [debug] [Thread-7  ]: Marking all children of 'model.servicenow_analytics.check' to be skipped because of status 'error'.  Reason: Database Error in model check (models/staging/check.sql)
  cross-database references are not implemented: "your_database_name.public.servicenow_tickets_raw"
  LINE 18:     "your_database_name"."public"."servicenow_tickets_raw"
               ^
  compiled code at target/run/servicenow_analytics/models/staging/check.sql.
[0m18:43:15.225694 [debug] [MainThread]: Using postgres connection "master"
[0m18:43:15.226103 [debug] [MainThread]: On master: BEGIN
[0m18:43:15.226456 [debug] [MainThread]: Opening a new connection, currently in state closed
[0m18:43:15.238726 [debug] [MainThread]: SQL status: BEGIN in 0.012 seconds
[0m18:43:15.239185 [debug] [MainThread]: On master: COMMIT
[0m18:43:15.239559 [debug] [MainThread]: Using postgres connection "master"
[0m18:43:15.239914 [debug] [MainThread]: On master: COMMIT
[0m18:43:15.240391 [debug] [MainThread]: SQL status: COMMIT in 0.000 seconds
[0m18:43:15.240784 [debug] [MainThread]: On master: Close
[0m18:43:15.241279 [debug] [MainThread]: Connection 'master' was properly closed.
[0m18:43:15.241635 [debug] [MainThread]: Connection 'model.servicenow_analytics.check' was properly closed.
[0m18:43:15.242035 [debug] [MainThread]: Connection 'list_db_analytics_analytics' was properly closed.
[0m18:43:15.242428 [info ] [MainThread]: 
[0m18:43:15.242882 [info ] [MainThread]: Finished running 1 table model in 0 hours 0 minutes and 0.29 seconds (0.29s).
[0m18:43:15.243675 [debug] [MainThread]: Command end result
[0m18:43:15.276865 [info ] [MainThread]: 
[0m18:43:15.277653 [info ] [MainThread]: [31mCompleted with 1 error, 0 partial successs, and 0 warnings:[0m
[0m18:43:15.278209 [info ] [MainThread]: 
[0m18:43:15.278808 [error] [MainThread]:   Database Error in model check (models/staging/check.sql)
  cross-database references are not implemented: "your_database_name.public.servicenow_tickets_raw"
  LINE 18:     "your_database_name"."public"."servicenow_tickets_raw"
               ^
  compiled code at target/run/servicenow_analytics/models/staging/check.sql
[0m18:43:15.279327 [info ] [MainThread]: 
[0m18:43:15.279823 [info ] [MainThread]: Done. PASS=0 WARN=0 ERROR=1 SKIP=0 TOTAL=1
[0m18:43:15.281896 [debug] [MainThread]: Resource report: {"command_name": "run", "command_wall_clock_time": 1.0665575, "process_user_time": 2.291729, "process_kernel_time": 0.340808, "process_mem_max_rss": "109154304", "command_success": false, "process_in_blocks": "0", "process_out_blocks": "0"}
[0m18:43:15.282626 [debug] [MainThread]: Command `dbt run` failed at 18:43:15.282494 after 1.07 seconds
[0m18:43:15.283405 [debug] [MainThread]: Sending event: {'category': 'dbt', 'action': 'invocation', 'label': 'end', 'context': [<snowplow_tracker.self_describing_json.SelfDescribingJson object at 0x108aeddc0>, <snowplow_tracker.self_describing_json.SelfDescribingJson object at 0x109a99fd0>, <snowplow_tracker.self_describing_json.SelfDescribingJson object at 0x109f93a90>]}
[0m18:43:15.284219 [debug] [MainThread]: Flushing usage events
[0m18:43:16.205144 [debug] [MainThread]: An error was encountered while trying to flush usage events
[0m18:49:31.985884 [debug] [MainThread]: Sending event: {'category': 'dbt', 'action': 'invocation', 'label': 'start', 'context': [<snowplow_tracker.self_describing_json.SelfDescribingJson object at 0x10f314dc0>, <snowplow_tracker.self_describing_json.SelfDescribingJson object at 0x110083100>, <snowplow_tracker.self_describing_json.SelfDescribingJson object at 0x1100b2f70>]}


============================== 18:49:31.992477 | e25c00ae-a9e9-40c9-b68b-7a3bcdf6861b ==============================
[0m18:49:31.992477 [info ] [MainThread]: Running with dbt=1.9.0-b2
[0m18:49:31.993206 [debug] [MainThread]: running dbt with arguments {'printer_width': '80', 'indirect_selection': 'eager', 'write_json': 'True', 'log_cache_events': 'False', 'partial_parse': 'True', 'cache_selected_only': 'False', 'profiles_dir': '/Users/charanlobo/.dbt', 'fail_fast': 'False', 'warn_error': 'None', 'log_path': '/Users/charanlobo/dbt_servicenow_project/logs', 'debug': 'False', 'version_check': 'True', 'use_colors': 'True', 'use_experimental_parser': 'False', 'empty': 'False', 'quiet': 'False', 'no_print': 'None', 'warn_error_options': 'WarnErrorOptions(include=[], exclude=[])', 'invocation_command': 'dbt run --models check', 'log_format': 'default', 'introspect': 'True', 'target_path': 'None', 'static_parser': 'True', 'send_anonymous_usage_stats': 'True'}
[0m18:49:32.258990 [debug] [MainThread]: Sending event: {'category': 'dbt', 'action': 'project_id', 'label': 'e25c00ae-a9e9-40c9-b68b-7a3bcdf6861b', 'context': [<snowplow_tracker.self_describing_json.SelfDescribingJson object at 0x110287be0>]}
[0m18:49:32.326629 [debug] [MainThread]: Sending event: {'category': 'dbt', 'action': 'adapter_info', 'label': 'e25c00ae-a9e9-40c9-b68b-7a3bcdf6861b', 'context': [<snowplow_tracker.self_describing_json.SelfDescribingJson object at 0x1103f54f0>]}
[0m18:49:32.328068 [info ] [MainThread]: Registered adapter: postgres=1.8.2
[0m18:49:32.348887 [debug] [MainThread]: checksum: 4cfbbe2a671212f062e88a43cba5322b30b7e3e8e91b953aa4de249eeaade60f, vars: {}, profile: , target: , version: 1.9.0b2
[0m18:49:32.527958 [debug] [MainThread]: Partial parsing enabled: 0 files deleted, 0 files added, 1 files changed.
[0m18:49:32.529254 [debug] [MainThread]: Partial parsing: updated file: servicenow_analytics://models/sources.yml
[0m18:49:33.067244 [debug] [MainThread]: Sending event: {'category': 'dbt', 'action': 'load_project', 'label': 'e25c00ae-a9e9-40c9-b68b-7a3bcdf6861b', 'context': [<snowplow_tracker.self_describing_json.SelfDescribingJson object at 0x110f92eb0>]}
[0m18:49:33.197027 [debug] [MainThread]: Sending event: {'category': 'dbt', 'action': 'resource_counts', 'label': 'e25c00ae-a9e9-40c9-b68b-7a3bcdf6861b', 'context': [<snowplow_tracker.self_describing_json.SelfDescribingJson object at 0x11103f220>]}
[0m18:49:33.198363 [info ] [MainThread]: Found 6 models, 1 source, 423 macros
[0m18:49:33.199270 [debug] [MainThread]: Sending event: {'category': 'dbt', 'action': 'runnable_timing', 'label': 'e25c00ae-a9e9-40c9-b68b-7a3bcdf6861b', 'context': [<snowplow_tracker.self_describing_json.SelfDescribingJson object at 0x1105dfa90>]}
[0m18:49:33.201774 [info ] [MainThread]: 
[0m18:49:33.202648 [info ] [MainThread]: Concurrency: 4 threads (target='dev')
[0m18:49:33.203344 [info ] [MainThread]: 
[0m18:49:33.204415 [debug] [MainThread]: Acquiring new postgres connection 'master'
[0m18:49:33.206227 [debug] [ThreadPool]: Acquiring new postgres connection 'list_db'
[0m18:49:33.346699 [debug] [ThreadPool]: Using postgres connection "list_db"
[0m18:49:33.347328 [debug] [ThreadPool]: On list_db: /* {"app": "dbt", "dbt_version": "1.9.0b2", "profile_name": "servicenow_analytics", "target_name": "dev", "connection_name": "list_db"} */

    select distinct nspname from pg_namespace
  
[0m18:49:33.347850 [debug] [ThreadPool]: Opening a new connection, currently in state init
[0m18:49:33.385916 [debug] [ThreadPool]: SQL status: SELECT 6 in 0.038 seconds
[0m18:49:33.387583 [debug] [ThreadPool]: On list_db: Close
[0m18:49:33.393294 [debug] [ThreadPool]: Re-using an available connection from the pool (formerly list_db, now list_db_analytics_analytics)
[0m18:49:33.394017 [debug] [ThreadPool]: Acquiring new postgres connection 'list_db_analytics'
[0m18:49:33.401043 [debug] [ThreadPool]: Using postgres connection "list_db_analytics_analytics"
[0m18:49:33.403758 [debug] [ThreadPool]: Using postgres connection "list_db_analytics"
[0m18:49:33.404233 [debug] [ThreadPool]: On list_db_analytics_analytics: BEGIN
[0m18:49:33.404626 [debug] [ThreadPool]: On list_db_analytics: BEGIN
[0m18:49:33.405003 [debug] [ThreadPool]: Opening a new connection, currently in state closed
[0m18:49:33.405372 [debug] [ThreadPool]: Opening a new connection, currently in state init
[0m18:49:33.419013 [debug] [ThreadPool]: SQL status: BEGIN in 0.014 seconds
[0m18:49:33.419492 [debug] [ThreadPool]: Using postgres connection "list_db_analytics"
[0m18:49:33.419887 [debug] [ThreadPool]: On list_db_analytics: /* {"app": "dbt", "dbt_version": "1.9.0b2", "profile_name": "servicenow_analytics", "target_name": "dev", "connection_name": "list_db_analytics"} */
select
      'db' as database,
      tablename as name,
      schemaname as schema,
      'table' as type
    from pg_tables
    where schemaname ilike 'analytics'
    union all
    select
      'db' as database,
      viewname as name,
      schemaname as schema,
      'view' as type
    from pg_views
    where schemaname ilike 'analytics'
    union all
    select
      'db' as database,
      matviewname as name,
      schemaname as schema,
      'materialized_view' as type
    from pg_matviews
    where schemaname ilike 'analytics'
  
[0m18:49:33.420327 [debug] [ThreadPool]: SQL status: BEGIN in 0.015 seconds
[0m18:49:33.420714 [debug] [ThreadPool]: Using postgres connection "list_db_analytics_analytics"
[0m18:49:33.421099 [debug] [ThreadPool]: On list_db_analytics_analytics: /* {"app": "dbt", "dbt_version": "1.9.0b2", "profile_name": "servicenow_analytics", "target_name": "dev", "connection_name": "list_db_analytics_analytics"} */
select
      'db' as database,
      tablename as name,
      schemaname as schema,
      'table' as type
    from pg_tables
    where schemaname ilike 'analytics_analytics'
    union all
    select
      'db' as database,
      viewname as name,
      schemaname as schema,
      'view' as type
    from pg_views
    where schemaname ilike 'analytics_analytics'
    union all
    select
      'db' as database,
      matviewname as name,
      schemaname as schema,
      'materialized_view' as type
    from pg_matviews
    where schemaname ilike 'analytics_analytics'
  
[0m18:49:33.427120 [debug] [ThreadPool]: SQL status: SELECT 0 in 0.006 seconds
[0m18:49:33.427631 [debug] [ThreadPool]: SQL status: SELECT 0 in 0.007 seconds
[0m18:49:33.428924 [debug] [ThreadPool]: On list_db_analytics_analytics: ROLLBACK
[0m18:49:33.430092 [debug] [ThreadPool]: On list_db_analytics: ROLLBACK
[0m18:49:33.430761 [debug] [ThreadPool]: On list_db_analytics_analytics: Close
[0m18:49:33.431212 [debug] [ThreadPool]: On list_db_analytics: Close
[0m18:49:33.436699 [debug] [MainThread]: Using postgres connection "master"
[0m18:49:33.437193 [debug] [MainThread]: On master: BEGIN
[0m18:49:33.437567 [debug] [MainThread]: Opening a new connection, currently in state init
[0m18:49:33.449849 [debug] [MainThread]: SQL status: BEGIN in 0.012 seconds
[0m18:49:33.450327 [debug] [MainThread]: Using postgres connection "master"
[0m18:49:33.450784 [debug] [MainThread]: On master: /* {"app": "dbt", "dbt_version": "1.9.0b2", "profile_name": "servicenow_analytics", "target_name": "dev", "connection_name": "master"} */
with relation as (
        select
            pg_rewrite.ev_class as class,
            pg_rewrite.oid as id
        from pg_rewrite
    ),
    class as (
        select
            oid as id,
            relname as name,
            relnamespace as schema,
            relkind as kind
        from pg_class
    ),
    dependency as (
        select distinct
            pg_depend.objid as id,
            pg_depend.refobjid as ref
        from pg_depend
    ),
    schema as (
        select
            pg_namespace.oid as id,
            pg_namespace.nspname as name
        from pg_namespace
        where nspname != 'information_schema' and nspname not like 'pg\_%'
    ),
    referenced as (
        select
            relation.id AS id,
            referenced_class.name ,
            referenced_class.schema ,
            referenced_class.kind
        from relation
        join class as referenced_class on relation.class=referenced_class.id
        where referenced_class.kind in ('r', 'v', 'm')
    ),
    relationships as (
        select
            referenced.name as referenced_name,
            referenced.schema as referenced_schema_id,
            dependent_class.name as dependent_name,
            dependent_class.schema as dependent_schema_id,
            referenced.kind as kind
        from referenced
        join dependency on referenced.id=dependency.id
        join class as dependent_class on dependency.ref=dependent_class.id
        where
            (referenced.name != dependent_class.name or
             referenced.schema != dependent_class.schema)
    )

    select
        referenced_schema.name as referenced_schema,
        relationships.referenced_name as referenced_name,
        dependent_schema.name as dependent_schema,
        relationships.dependent_name as dependent_name
    from relationships
    join schema as dependent_schema on relationships.dependent_schema_id=dependent_schema.id
    join schema as referenced_schema on relationships.referenced_schema_id=referenced_schema.id
    group by referenced_schema, referenced_name, dependent_schema, dependent_name
    order by referenced_schema, referenced_name, dependent_schema, dependent_name;
[0m18:49:33.457241 [debug] [MainThread]: SQL status: SELECT 0 in 0.006 seconds
[0m18:49:33.458526 [debug] [MainThread]: Sending event: {'category': 'dbt', 'action': 'runnable_timing', 'label': 'e25c00ae-a9e9-40c9-b68b-7a3bcdf6861b', 'context': [<snowplow_tracker.self_describing_json.SelfDescribingJson object at 0x110eadca0>]}
[0m18:49:33.459066 [debug] [MainThread]: On master: ROLLBACK
[0m18:49:33.459727 [debug] [MainThread]: Using postgres connection "master"
[0m18:49:33.460172 [debug] [MainThread]: On master: BEGIN
[0m18:49:33.460739 [debug] [MainThread]: SQL status: BEGIN in 0.000 seconds
[0m18:49:33.461128 [debug] [MainThread]: On master: COMMIT
[0m18:49:33.461487 [debug] [MainThread]: Using postgres connection "master"
[0m18:49:33.461842 [debug] [MainThread]: On master: COMMIT
[0m18:49:33.462344 [debug] [MainThread]: SQL status: COMMIT in 0.000 seconds
[0m18:49:33.462713 [debug] [MainThread]: On master: Close
[0m18:49:33.466452 [debug] [Thread-1  ]: Began running node model.servicenow_analytics.check
[0m18:49:33.467148 [info ] [Thread-1  ]: 1 of 1 START sql table model analytics_analytics.check ......................... [RUN]
[0m18:49:33.467737 [debug] [Thread-1  ]: Re-using an available connection from the pool (formerly list_db_analytics_analytics, now model.servicenow_analytics.check)
[0m18:49:33.468201 [debug] [Thread-1  ]: Began compiling node model.servicenow_analytics.check
[0m18:49:33.477229 [debug] [Thread-1  ]: Writing injected SQL for node "model.servicenow_analytics.check"
[0m18:49:33.478706 [debug] [Thread-1  ]: Began executing node model.servicenow_analytics.check
[0m18:49:33.521952 [debug] [Thread-1  ]: Writing runtime sql for node "model.servicenow_analytics.check"
[0m18:49:33.522896 [debug] [Thread-1  ]: Using postgres connection "model.servicenow_analytics.check"
[0m18:49:33.523333 [debug] [Thread-1  ]: On model.servicenow_analytics.check: BEGIN
[0m18:49:33.523734 [debug] [Thread-1  ]: Opening a new connection, currently in state closed
[0m18:49:33.537261 [debug] [Thread-1  ]: SQL status: BEGIN in 0.013 seconds
[0m18:49:33.537803 [debug] [Thread-1  ]: Using postgres connection "model.servicenow_analytics.check"
[0m18:49:33.538248 [debug] [Thread-1  ]: On model.servicenow_analytics.check: /* {"app": "dbt", "dbt_version": "1.9.0b2", "profile_name": "servicenow_analytics", "target_name": "dev", "node_id": "model.servicenow_analytics.check"} */

  
    

  create  table "db"."analytics_analytics"."check__dbt_tmp"
  
  
    as
  
  (
    

-- Simple ticket count by category
SELECT
   inc_category, COUNT(*) AS ticket_count
FROM 
    "db"."public"."servicenow_tickets_raw"
GROUP BY 
    inc_category
ORDER BY 
    ticket_count DESC
  );
  
[0m18:49:33.557052 [debug] [Thread-1  ]: SQL status: SELECT 9 in 0.018 seconds
[0m18:49:33.564148 [debug] [Thread-1  ]: Using postgres connection "model.servicenow_analytics.check"
[0m18:49:33.564714 [debug] [Thread-1  ]: On model.servicenow_analytics.check: /* {"app": "dbt", "dbt_version": "1.9.0b2", "profile_name": "servicenow_analytics", "target_name": "dev", "node_id": "model.servicenow_analytics.check"} */
alter table "db"."analytics_analytics"."check__dbt_tmp" rename to "check"
[0m18:49:33.567239 [debug] [Thread-1  ]: SQL status: ALTER TABLE in 0.002 seconds
[0m18:49:33.587211 [debug] [Thread-1  ]: On model.servicenow_analytics.check: COMMIT
[0m18:49:33.587760 [debug] [Thread-1  ]: Using postgres connection "model.servicenow_analytics.check"
[0m18:49:33.588188 [debug] [Thread-1  ]: On model.servicenow_analytics.check: COMMIT
[0m18:49:33.589081 [debug] [Thread-1  ]: SQL status: COMMIT in 0.000 seconds
[0m18:49:33.595912 [debug] [Thread-1  ]: Applying DROP to: "db"."analytics_analytics"."check__dbt_backup"
[0m18:49:33.601160 [debug] [Thread-1  ]: Using postgres connection "model.servicenow_analytics.check"
[0m18:49:33.601770 [debug] [Thread-1  ]: On model.servicenow_analytics.check: /* {"app": "dbt", "dbt_version": "1.9.0b2", "profile_name": "servicenow_analytics", "target_name": "dev", "node_id": "model.servicenow_analytics.check"} */
drop table if exists "db"."analytics_analytics"."check__dbt_backup" cascade
[0m18:49:33.603037 [debug] [Thread-1  ]: SQL status: DROP TABLE in 0.001 seconds
[0m18:49:33.605622 [debug] [Thread-1  ]: On model.servicenow_analytics.check: Close
[0m18:49:33.607403 [debug] [Thread-1  ]: Sending event: {'category': 'dbt', 'action': 'run_model', 'label': 'e25c00ae-a9e9-40c9-b68b-7a3bcdf6861b', 'context': [<snowplow_tracker.self_describing_json.SelfDescribingJson object at 0x110436a00>]}
[0m18:49:33.608316 [info ] [Thread-1  ]: 1 of 1 OK created sql table model analytics_analytics.check .................... [[32mSELECT 9[0m in 0.14s]
[0m18:49:33.609071 [debug] [Thread-1  ]: Finished running node model.servicenow_analytics.check
[0m18:49:33.610661 [debug] [MainThread]: Using postgres connection "master"
[0m18:49:33.611106 [debug] [MainThread]: On master: BEGIN
[0m18:49:33.611458 [debug] [MainThread]: Opening a new connection, currently in state closed
[0m18:49:33.623700 [debug] [MainThread]: SQL status: BEGIN in 0.012 seconds
[0m18:49:33.624218 [debug] [MainThread]: On master: COMMIT
[0m18:49:33.624589 [debug] [MainThread]: Using postgres connection "master"
[0m18:49:33.624940 [debug] [MainThread]: On master: COMMIT
[0m18:49:33.625451 [debug] [MainThread]: SQL status: COMMIT in 0.000 seconds
[0m18:49:33.625850 [debug] [MainThread]: On master: Close
[0m18:49:33.626375 [debug] [MainThread]: Connection 'master' was properly closed.
[0m18:49:33.626741 [debug] [MainThread]: Connection 'model.servicenow_analytics.check' was properly closed.
[0m18:49:33.627087 [debug] [MainThread]: Connection 'list_db_analytics' was properly closed.
[0m18:49:33.627486 [info ] [MainThread]: 
[0m18:49:33.627968 [info ] [MainThread]: Finished running 1 table model in 0 hours 0 minutes and 0.42 seconds (0.42s).
[0m18:49:33.628803 [debug] [MainThread]: Command end result
[0m18:49:33.663134 [info ] [MainThread]: 
[0m18:49:33.663751 [info ] [MainThread]: [32mCompleted successfully[0m
[0m18:49:33.664274 [info ] [MainThread]: 
[0m18:49:33.664758 [info ] [MainThread]: Done. PASS=1 WARN=0 ERROR=0 SKIP=0 TOTAL=1
[0m18:49:33.666905 [debug] [MainThread]: Resource report: {"command_name": "run", "command_success": true, "command_wall_clock_time": 1.7684313, "process_user_time": 2.871588, "process_kernel_time": 0.398151, "process_mem_max_rss": "113659904", "process_in_blocks": "0", "process_out_blocks": "0"}
[0m18:49:33.667585 [debug] [MainThread]: Command `dbt run` succeeded at 18:49:33.667458 after 1.77 seconds
[0m18:49:33.668157 [debug] [MainThread]: Sending event: {'category': 'dbt', 'action': 'invocation', 'label': 'end', 'context': [<snowplow_tracker.self_describing_json.SelfDescribingJson object at 0x10f314dc0>, <snowplow_tracker.self_describing_json.SelfDescribingJson object at 0x10f500130>, <snowplow_tracker.self_describing_json.SelfDescribingJson object at 0x110848ca0>]}
[0m18:49:33.668682 [debug] [MainThread]: Flushing usage events
[0m18:49:34.539655 [debug] [MainThread]: An error was encountered while trying to flush usage events
[0m18:50:37.081350 [debug] [MainThread]: Sending event: {'category': 'dbt', 'action': 'invocation', 'label': 'start', 'context': [<snowplow_tracker.self_describing_json.SelfDescribingJson object at 0x107d45e20>, <snowplow_tracker.self_describing_json.SelfDescribingJson object at 0x1089388b0>, <snowplow_tracker.self_describing_json.SelfDescribingJson object at 0x108ae3340>]}


============================== 18:50:37.088202 | bf7518c8-7abb-4d8a-b53a-dc1491180d2b ==============================
[0m18:50:37.088202 [info ] [MainThread]: Running with dbt=1.9.0-b2
[0m18:50:37.089045 [debug] [MainThread]: running dbt with arguments {'printer_width': '80', 'indirect_selection': 'eager', 'write_json': 'True', 'log_cache_events': 'False', 'partial_parse': 'True', 'cache_selected_only': 'False', 'warn_error': 'None', 'fail_fast': 'False', 'version_check': 'True', 'log_path': '/Users/charanlobo/dbt_servicenow_project/logs', 'profiles_dir': '/Users/charanlobo/.dbt', 'debug': 'False', 'use_colors': 'True', 'use_experimental_parser': 'False', 'empty': 'False', 'quiet': 'False', 'no_print': 'None', 'warn_error_options': 'WarnErrorOptions(include=[], exclude=[])', 'introspect': 'True', 'log_format': 'default', 'static_parser': 'True', 'target_path': 'None', 'invocation_command': 'dbt run --select servicenow_tickets_cleaned', 'send_anonymous_usage_stats': 'True'}
[0m18:50:37.359526 [debug] [MainThread]: Sending event: {'category': 'dbt', 'action': 'project_id', 'label': 'bf7518c8-7abb-4d8a-b53a-dc1491180d2b', 'context': [<snowplow_tracker.self_describing_json.SelfDescribingJson object at 0x108cc8d30>]}
[0m18:50:37.428014 [debug] [MainThread]: Sending event: {'category': 'dbt', 'action': 'adapter_info', 'label': 'bf7518c8-7abb-4d8a-b53a-dc1491180d2b', 'context': [<snowplow_tracker.self_describing_json.SelfDescribingJson object at 0x108cc8f10>]}
[0m18:50:37.430092 [info ] [MainThread]: Registered adapter: postgres=1.8.2
[0m18:50:37.450581 [debug] [MainThread]: checksum: 4cfbbe2a671212f062e88a43cba5322b30b7e3e8e91b953aa4de249eeaade60f, vars: {}, profile: , target: , version: 1.9.0b2
[0m18:50:37.633984 [debug] [MainThread]: Partial parsing enabled: 0 files deleted, 0 files added, 0 files changed.
[0m18:50:37.634565 [debug] [MainThread]: Partial parsing enabled, no changes found, skipping parsing
[0m18:50:37.681622 [debug] [MainThread]: Sending event: {'category': 'dbt', 'action': 'load_project', 'label': 'bf7518c8-7abb-4d8a-b53a-dc1491180d2b', 'context': [<snowplow_tracker.self_describing_json.SelfDescribingJson object at 0x109207040>]}
[0m18:50:37.820442 [debug] [MainThread]: Sending event: {'category': 'dbt', 'action': 'resource_counts', 'label': 'bf7518c8-7abb-4d8a-b53a-dc1491180d2b', 'context': [<snowplow_tracker.self_describing_json.SelfDescribingJson object at 0x1091ef3d0>]}
[0m18:50:37.821350 [info ] [MainThread]: Found 6 models, 1 source, 423 macros
[0m18:50:37.822023 [debug] [MainThread]: Sending event: {'category': 'dbt', 'action': 'runnable_timing', 'label': 'bf7518c8-7abb-4d8a-b53a-dc1491180d2b', 'context': [<snowplow_tracker.self_describing_json.SelfDescribingJson object at 0x109074a30>]}
[0m18:50:37.823938 [info ] [MainThread]: 
[0m18:50:37.824507 [info ] [MainThread]: Concurrency: 4 threads (target='dev')
[0m18:50:37.824952 [info ] [MainThread]: 
[0m18:50:37.825654 [debug] [MainThread]: Acquiring new postgres connection 'master'
[0m18:50:37.826787 [debug] [ThreadPool]: Acquiring new postgres connection 'list_db'
[0m18:50:37.899500 [debug] [ThreadPool]: Using postgres connection "list_db"
[0m18:50:37.900146 [debug] [ThreadPool]: On list_db: /* {"app": "dbt", "dbt_version": "1.9.0b2", "profile_name": "servicenow_analytics", "target_name": "dev", "connection_name": "list_db"} */

    select distinct nspname from pg_namespace
  
[0m18:50:37.900545 [debug] [ThreadPool]: Opening a new connection, currently in state init
[0m18:50:37.931791 [debug] [ThreadPool]: SQL status: SELECT 6 in 0.031 seconds
[0m18:50:37.933388 [debug] [ThreadPool]: On list_db: Close
[0m18:50:37.939655 [debug] [ThreadPool]: Re-using an available connection from the pool (formerly list_db, now list_db_analytics_analytics)
[0m18:50:37.940481 [debug] [ThreadPool]: Acquiring new postgres connection 'list_db_analytics'
[0m18:50:37.947735 [debug] [ThreadPool]: Using postgres connection "list_db_analytics_analytics"
[0m18:50:37.950273 [debug] [ThreadPool]: Using postgres connection "list_db_analytics"
[0m18:50:37.950770 [debug] [ThreadPool]: On list_db_analytics_analytics: BEGIN
[0m18:50:37.951186 [debug] [ThreadPool]: On list_db_analytics: BEGIN
[0m18:50:37.951580 [debug] [ThreadPool]: Opening a new connection, currently in state closed
[0m18:50:37.951986 [debug] [ThreadPool]: Opening a new connection, currently in state init
[0m18:50:37.966952 [debug] [ThreadPool]: SQL status: BEGIN in 0.015 seconds
[0m18:50:37.967454 [debug] [ThreadPool]: Using postgres connection "list_db_analytics_analytics"
[0m18:50:37.967876 [debug] [ThreadPool]: On list_db_analytics_analytics: /* {"app": "dbt", "dbt_version": "1.9.0b2", "profile_name": "servicenow_analytics", "target_name": "dev", "connection_name": "list_db_analytics_analytics"} */
select
      'db' as database,
      tablename as name,
      schemaname as schema,
      'table' as type
    from pg_tables
    where schemaname ilike 'analytics_analytics'
    union all
    select
      'db' as database,
      viewname as name,
      schemaname as schema,
      'view' as type
    from pg_views
    where schemaname ilike 'analytics_analytics'
    union all
    select
      'db' as database,
      matviewname as name,
      schemaname as schema,
      'materialized_view' as type
    from pg_matviews
    where schemaname ilike 'analytics_analytics'
  
[0m18:50:37.968831 [debug] [ThreadPool]: SQL status: BEGIN in 0.017 seconds
[0m18:50:37.969249 [debug] [ThreadPool]: Using postgres connection "list_db_analytics"
[0m18:50:37.969634 [debug] [ThreadPool]: On list_db_analytics: /* {"app": "dbt", "dbt_version": "1.9.0b2", "profile_name": "servicenow_analytics", "target_name": "dev", "connection_name": "list_db_analytics"} */
select
      'db' as database,
      tablename as name,
      schemaname as schema,
      'table' as type
    from pg_tables
    where schemaname ilike 'analytics'
    union all
    select
      'db' as database,
      viewname as name,
      schemaname as schema,
      'view' as type
    from pg_views
    where schemaname ilike 'analytics'
    union all
    select
      'db' as database,
      matviewname as name,
      schemaname as schema,
      'materialized_view' as type
    from pg_matviews
    where schemaname ilike 'analytics'
  
[0m18:50:37.973140 [debug] [ThreadPool]: SQL status: SELECT 1 in 0.005 seconds
[0m18:50:37.973665 [debug] [ThreadPool]: SQL status: SELECT 0 in 0.004 seconds
[0m18:50:37.975000 [debug] [ThreadPool]: On list_db_analytics_analytics: ROLLBACK
[0m18:50:37.976093 [debug] [ThreadPool]: On list_db_analytics: ROLLBACK
[0m18:50:37.976663 [debug] [ThreadPool]: On list_db_analytics_analytics: Close
[0m18:50:37.977144 [debug] [ThreadPool]: On list_db_analytics: Close
[0m18:50:37.982972 [debug] [MainThread]: Using postgres connection "master"
[0m18:50:37.983484 [debug] [MainThread]: On master: BEGIN
[0m18:50:37.983860 [debug] [MainThread]: Opening a new connection, currently in state init
[0m18:50:37.997090 [debug] [MainThread]: SQL status: BEGIN in 0.013 seconds
[0m18:50:37.997570 [debug] [MainThread]: Using postgres connection "master"
[0m18:50:37.998030 [debug] [MainThread]: On master: /* {"app": "dbt", "dbt_version": "1.9.0b2", "profile_name": "servicenow_analytics", "target_name": "dev", "connection_name": "master"} */
with relation as (
        select
            pg_rewrite.ev_class as class,
            pg_rewrite.oid as id
        from pg_rewrite
    ),
    class as (
        select
            oid as id,
            relname as name,
            relnamespace as schema,
            relkind as kind
        from pg_class
    ),
    dependency as (
        select distinct
            pg_depend.objid as id,
            pg_depend.refobjid as ref
        from pg_depend
    ),
    schema as (
        select
            pg_namespace.oid as id,
            pg_namespace.nspname as name
        from pg_namespace
        where nspname != 'information_schema' and nspname not like 'pg\_%'
    ),
    referenced as (
        select
            relation.id AS id,
            referenced_class.name ,
            referenced_class.schema ,
            referenced_class.kind
        from relation
        join class as referenced_class on relation.class=referenced_class.id
        where referenced_class.kind in ('r', 'v', 'm')
    ),
    relationships as (
        select
            referenced.name as referenced_name,
            referenced.schema as referenced_schema_id,
            dependent_class.name as dependent_name,
            dependent_class.schema as dependent_schema_id,
            referenced.kind as kind
        from referenced
        join dependency on referenced.id=dependency.id
        join class as dependent_class on dependency.ref=dependent_class.id
        where
            (referenced.name != dependent_class.name or
             referenced.schema != dependent_class.schema)
    )

    select
        referenced_schema.name as referenced_schema,
        relationships.referenced_name as referenced_name,
        dependent_schema.name as dependent_schema,
        relationships.dependent_name as dependent_name
    from relationships
    join schema as dependent_schema on relationships.dependent_schema_id=dependent_schema.id
    join schema as referenced_schema on relationships.referenced_schema_id=referenced_schema.id
    group by referenced_schema, referenced_name, dependent_schema, dependent_name
    order by referenced_schema, referenced_name, dependent_schema, dependent_name;
[0m18:50:38.003876 [debug] [MainThread]: SQL status: SELECT 0 in 0.005 seconds
[0m18:50:38.005271 [debug] [MainThread]: Sending event: {'category': 'dbt', 'action': 'runnable_timing', 'label': 'bf7518c8-7abb-4d8a-b53a-dc1491180d2b', 'context': [<snowplow_tracker.self_describing_json.SelfDescribingJson object at 0x109a76550>]}
[0m18:50:38.005891 [debug] [MainThread]: On master: ROLLBACK
[0m18:50:38.006436 [debug] [MainThread]: Using postgres connection "master"
[0m18:50:38.006819 [debug] [MainThread]: On master: BEGIN
[0m18:50:38.007413 [debug] [MainThread]: SQL status: BEGIN in 0.000 seconds
[0m18:50:38.007866 [debug] [MainThread]: On master: COMMIT
[0m18:50:38.008293 [debug] [MainThread]: Using postgres connection "master"
[0m18:50:38.008705 [debug] [MainThread]: On master: COMMIT
[0m18:50:38.009261 [debug] [MainThread]: SQL status: COMMIT in 0.000 seconds
[0m18:50:38.009681 [debug] [MainThread]: On master: Close
[0m18:50:38.012712 [debug] [Thread-1  ]: Began running node model.servicenow_analytics.servicenow_tickets_cleaned
[0m18:50:38.013427 [info ] [Thread-1  ]: 1 of 1 START sql table model analytics_analytics.servicenow_tickets_cleaned .... [RUN]
[0m18:50:38.014180 [debug] [Thread-1  ]: Re-using an available connection from the pool (formerly list_db_analytics_analytics, now model.servicenow_analytics.servicenow_tickets_cleaned)
[0m18:50:38.014678 [debug] [Thread-1  ]: Began compiling node model.servicenow_analytics.servicenow_tickets_cleaned
[0m18:50:38.024298 [debug] [Thread-1  ]: Writing injected SQL for node "model.servicenow_analytics.servicenow_tickets_cleaned"
[0m18:50:38.025200 [debug] [Thread-1  ]: Began executing node model.servicenow_analytics.servicenow_tickets_cleaned
[0m18:50:38.070629 [debug] [Thread-1  ]: Writing runtime sql for node "model.servicenow_analytics.servicenow_tickets_cleaned"
[0m18:50:38.071585 [debug] [Thread-1  ]: Using postgres connection "model.servicenow_analytics.servicenow_tickets_cleaned"
[0m18:50:38.072031 [debug] [Thread-1  ]: On model.servicenow_analytics.servicenow_tickets_cleaned: BEGIN
[0m18:50:38.072432 [debug] [Thread-1  ]: Opening a new connection, currently in state closed
[0m18:50:38.084408 [debug] [Thread-1  ]: SQL status: BEGIN in 0.012 seconds
[0m18:50:38.084967 [debug] [Thread-1  ]: Using postgres connection "model.servicenow_analytics.servicenow_tickets_cleaned"
[0m18:50:38.085485 [debug] [Thread-1  ]: On model.servicenow_analytics.servicenow_tickets_cleaned: /* {"app": "dbt", "dbt_version": "1.9.0b2", "profile_name": "servicenow_analytics", "target_name": "dev", "node_id": "model.servicenow_analytics.servicenow_tickets_cleaned"} */

  
    

  create  table "db"."analytics_analytics"."servicenow_tickets_cleaned__dbt_tmp"
  
  
    as
  
  (
    

WITH cleaned AS (
    SELECT DISTINCT
        inc_number AS ticket_id,
        inc_category AS category,
        inc_priority AS priority,
        TO_TIMESTAMP(inc_sys_created_on, 'MM/DD/YY HH24:MI') AS created_date,
        TO_TIMESTAMP(inc_resolved_at, 'MM/DD/YY HH24:MI') AS resolved_date,
        inc_assignment_group AS assigned_group,
        inc_state AS status,
        inc_assigned_to AS technician,
        inc_close_code AS close_code,
        inc_close_notes AS close_notes
    FROM "db"."public"."servicenow_tickets_raw"  -- Change ref to $
    WHERE inc_sys_created_on IS NOT NULL
        AND inc_resolved_at IS NOT NULL
        AND inc_number IS NOT NULL
)

SELECT * FROM cleaned
  );
  
[0m18:50:38.092045 [debug] [Thread-1  ]: Postgres adapter: Postgres error: function to_timestamp(timestamp without time zone, unknown) does not exist
LINE 19:         TO_TIMESTAMP(inc_sys_created_on, 'MM/DD/YY HH24:MI')...
                 ^
HINT:  No function matches the given name and argument types. You might need to add explicit type casts.

[0m18:50:38.092644 [debug] [Thread-1  ]: On model.servicenow_analytics.servicenow_tickets_cleaned: ROLLBACK
[0m18:50:38.093400 [debug] [Thread-1  ]: On model.servicenow_analytics.servicenow_tickets_cleaned: Close
[0m18:50:38.106135 [debug] [Thread-1  ]: Database Error in model servicenow_tickets_cleaned (models/staging/servicenow_tickets_cleaned.sql)
  function to_timestamp(timestamp without time zone, unknown) does not exist
  LINE 19:         TO_TIMESTAMP(inc_sys_created_on, 'MM/DD/YY HH24:MI')...
                   ^
  HINT:  No function matches the given name and argument types. You might need to add explicit type casts.
  compiled code at target/run/servicenow_analytics/models/staging/servicenow_tickets_cleaned.sql
[0m18:50:38.108091 [debug] [Thread-1  ]: Sending event: {'category': 'dbt', 'action': 'run_model', 'label': 'bf7518c8-7abb-4d8a-b53a-dc1491180d2b', 'context': [<snowplow_tracker.self_describing_json.SelfDescribingJson object at 0x1091ef700>]}
[0m18:50:38.108972 [error] [Thread-1  ]: 1 of 1 ERROR creating sql table model analytics_analytics.servicenow_tickets_cleaned  [[31mERROR[0m in 0.09s]
[0m18:50:38.109759 [debug] [Thread-1  ]: Finished running node model.servicenow_analytics.servicenow_tickets_cleaned
[0m18:50:38.110455 [debug] [Thread-7  ]: Marking all children of 'model.servicenow_analytics.servicenow_tickets_cleaned' to be skipped because of status 'error'.  Reason: Database Error in model servicenow_tickets_cleaned (models/staging/servicenow_tickets_cleaned.sql)
  function to_timestamp(timestamp without time zone, unknown) does not exist
  LINE 19:         TO_TIMESTAMP(inc_sys_created_on, 'MM/DD/YY HH24:MI')...
                   ^
  HINT:  No function matches the given name and argument types. You might need to add explicit type casts.
  compiled code at target/run/servicenow_analytics/models/staging/servicenow_tickets_cleaned.sql.
[0m18:50:38.111941 [debug] [MainThread]: Using postgres connection "master"
[0m18:50:38.112354 [debug] [MainThread]: On master: BEGIN
[0m18:50:38.112819 [debug] [MainThread]: Opening a new connection, currently in state closed
[0m18:50:38.124998 [debug] [MainThread]: SQL status: BEGIN in 0.012 seconds
[0m18:50:38.125495 [debug] [MainThread]: On master: COMMIT
[0m18:50:38.125860 [debug] [MainThread]: Using postgres connection "master"
[0m18:50:38.126208 [debug] [MainThread]: On master: COMMIT
[0m18:50:38.126795 [debug] [MainThread]: SQL status: COMMIT in 0.000 seconds
[0m18:50:38.127185 [debug] [MainThread]: On master: Close
[0m18:50:38.127680 [debug] [MainThread]: Connection 'master' was properly closed.
[0m18:50:38.128024 [debug] [MainThread]: Connection 'model.servicenow_analytics.servicenow_tickets_cleaned' was properly closed.
[0m18:50:38.128353 [debug] [MainThread]: Connection 'list_db_analytics' was properly closed.
[0m18:50:38.128724 [info ] [MainThread]: 
[0m18:50:38.129189 [info ] [MainThread]: Finished running 1 table model in 0 hours 0 minutes and 0.30 seconds (0.30s).
[0m18:50:38.130013 [debug] [MainThread]: Command end result
[0m18:50:38.166801 [info ] [MainThread]: 
[0m18:50:38.168234 [info ] [MainThread]: [31mCompleted with 1 error, 0 partial successs, and 0 warnings:[0m
[0m18:50:38.169356 [info ] [MainThread]: 
[0m18:50:38.170366 [error] [MainThread]:   Database Error in model servicenow_tickets_cleaned (models/staging/servicenow_tickets_cleaned.sql)
  function to_timestamp(timestamp without time zone, unknown) does not exist
  LINE 19:         TO_TIMESTAMP(inc_sys_created_on, 'MM/DD/YY HH24:MI')...
                   ^
  HINT:  No function matches the given name and argument types. You might need to add explicit type casts.
  compiled code at target/run/servicenow_analytics/models/staging/servicenow_tickets_cleaned.sql
[0m18:50:38.170919 [info ] [MainThread]: 
[0m18:50:38.171503 [info ] [MainThread]: Done. PASS=0 WARN=0 ERROR=1 SKIP=0 TOTAL=1
[0m18:50:38.173803 [debug] [MainThread]: Resource report: {"command_name": "run", "command_wall_clock_time": 1.1725396, "process_user_time": 2.243252, "process_kernel_time": 0.364561, "process_mem_max_rss": "109060096", "command_success": false, "process_in_blocks": "0", "process_out_blocks": "0"}
[0m18:50:38.174610 [debug] [MainThread]: Command `dbt run` failed at 18:50:38.174465 after 1.17 seconds
[0m18:50:38.175320 [debug] [MainThread]: Sending event: {'category': 'dbt', 'action': 'invocation', 'label': 'end', 'context': [<snowplow_tracker.self_describing_json.SelfDescribingJson object at 0x107d45e20>, <snowplow_tracker.self_describing_json.SelfDescribingJson object at 0x108cc8d30>, <snowplow_tracker.self_describing_json.SelfDescribingJson object at 0x109a76b20>]}
[0m18:50:38.176751 [debug] [MainThread]: Flushing usage events
[0m18:50:39.177564 [debug] [MainThread]: An error was encountered while trying to flush usage events
[0m18:57:31.823934 [debug] [MainThread]: Sending event: {'category': 'dbt', 'action': 'invocation', 'label': 'start', 'context': [<snowplow_tracker.self_describing_json.SelfDescribingJson object at 0x10fc9bd60>, <snowplow_tracker.self_describing_json.SelfDescribingJson object at 0x1109ce550>, <snowplow_tracker.self_describing_json.SelfDescribingJson object at 0x110a37e80>]}


============================== 18:57:31.831589 | 6f79cfef-8ea2-46f5-a4db-11f72a770116 ==============================
[0m18:57:31.831589 [info ] [MainThread]: Running with dbt=1.9.0-b2
[0m18:57:31.832687 [debug] [MainThread]: running dbt with arguments {'printer_width': '80', 'indirect_selection': 'eager', 'log_cache_events': 'False', 'write_json': 'True', 'partial_parse': 'True', 'cache_selected_only': 'False', 'warn_error': 'None', 'fail_fast': 'False', 'profiles_dir': '/Users/charanlobo/.dbt', 'log_path': '/Users/charanlobo/dbt_servicenow_project/logs', 'debug': 'False', 'version_check': 'True', 'use_colors': 'True', 'use_experimental_parser': 'False', 'no_print': 'None', 'quiet': 'False', 'empty': 'False', 'warn_error_options': 'WarnErrorOptions(include=[], exclude=[])', 'introspect': 'True', 'invocation_command': 'dbt run --select servicenow_tickets_cleaned', 'static_parser': 'True', 'target_path': 'None', 'log_format': 'default', 'send_anonymous_usage_stats': 'True'}
[0m18:57:32.075160 [debug] [MainThread]: Sending event: {'category': 'dbt', 'action': 'project_id', 'label': '6f79cfef-8ea2-46f5-a4db-11f72a770116', 'context': [<snowplow_tracker.self_describing_json.SelfDescribingJson object at 0x110c302e0>]}
[0m18:57:32.142907 [debug] [MainThread]: Sending event: {'category': 'dbt', 'action': 'adapter_info', 'label': '6f79cfef-8ea2-46f5-a4db-11f72a770116', 'context': [<snowplow_tracker.self_describing_json.SelfDescribingJson object at 0x110401790>]}
[0m18:57:32.144959 [info ] [MainThread]: Registered adapter: postgres=1.8.2
[0m18:57:32.165294 [debug] [MainThread]: checksum: 4cfbbe2a671212f062e88a43cba5322b30b7e3e8e91b953aa4de249eeaade60f, vars: {}, profile: , target: , version: 1.9.0b2
[0m18:57:32.391013 [debug] [MainThread]: Partial parsing enabled: 0 files deleted, 0 files added, 1 files changed.
[0m18:57:32.391822 [debug] [MainThread]: Partial parsing: updated file: servicenow_analytics://models/staging/servicenow_tickets_cleaned.sql
[0m18:57:32.756836 [debug] [MainThread]: Sending event: {'category': 'dbt', 'action': 'load_project', 'label': '6f79cfef-8ea2-46f5-a4db-11f72a770116', 'context': [<snowplow_tracker.self_describing_json.SelfDescribingJson object at 0x111797ca0>]}
[0m18:57:32.878240 [debug] [MainThread]: Sending event: {'category': 'dbt', 'action': 'resource_counts', 'label': '6f79cfef-8ea2-46f5-a4db-11f72a770116', 'context': [<snowplow_tracker.self_describing_json.SelfDescribingJson object at 0x1118a8250>]}
[0m18:57:32.878894 [info ] [MainThread]: Found 6 models, 1 source, 423 macros
[0m18:57:32.879336 [debug] [MainThread]: Sending event: {'category': 'dbt', 'action': 'runnable_timing', 'label': '6f79cfef-8ea2-46f5-a4db-11f72a770116', 'context': [<snowplow_tracker.self_describing_json.SelfDescribingJson object at 0x110fd6e20>]}
[0m18:57:32.880710 [info ] [MainThread]: 
[0m18:57:32.881178 [info ] [MainThread]: Concurrency: 4 threads (target='dev')
[0m18:57:32.881567 [info ] [MainThread]: 
[0m18:57:32.882181 [debug] [MainThread]: Acquiring new postgres connection 'master'
[0m18:57:32.883206 [debug] [ThreadPool]: Acquiring new postgres connection 'list_db'
[0m18:57:32.938506 [debug] [ThreadPool]: Using postgres connection "list_db"
[0m18:57:32.939009 [debug] [ThreadPool]: On list_db: /* {"app": "dbt", "dbt_version": "1.9.0b2", "profile_name": "servicenow_analytics", "target_name": "dev", "connection_name": "list_db"} */

    select distinct nspname from pg_namespace
  
[0m18:57:32.939393 [debug] [ThreadPool]: Opening a new connection, currently in state init
[0m18:57:32.970243 [debug] [ThreadPool]: SQL status: SELECT 6 in 0.031 seconds
[0m18:57:32.971713 [debug] [ThreadPool]: On list_db: Close
[0m18:57:32.976952 [debug] [ThreadPool]: Re-using an available connection from the pool (formerly list_db, now list_db_analytics)
[0m18:57:32.977700 [debug] [ThreadPool]: Acquiring new postgres connection 'list_db_analytics_analytics'
[0m18:57:33.039316 [debug] [ThreadPool]: Using postgres connection "list_db_analytics"
[0m18:57:33.042119 [debug] [ThreadPool]: Using postgres connection "list_db_analytics_analytics"
[0m18:57:33.042641 [debug] [ThreadPool]: On list_db_analytics: BEGIN
[0m18:57:33.043068 [debug] [ThreadPool]: On list_db_analytics_analytics: BEGIN
[0m18:57:33.043479 [debug] [ThreadPool]: Opening a new connection, currently in state closed
[0m18:57:33.043885 [debug] [ThreadPool]: Opening a new connection, currently in state init
[0m18:57:33.057660 [debug] [ThreadPool]: SQL status: BEGIN in 0.014 seconds
[0m18:57:33.058152 [debug] [ThreadPool]: SQL status: BEGIN in 0.014 seconds
[0m18:57:33.058518 [debug] [ThreadPool]: Using postgres connection "list_db_analytics"
[0m18:57:33.058899 [debug] [ThreadPool]: Using postgres connection "list_db_analytics_analytics"
[0m18:57:33.059300 [debug] [ThreadPool]: On list_db_analytics: /* {"app": "dbt", "dbt_version": "1.9.0b2", "profile_name": "servicenow_analytics", "target_name": "dev", "connection_name": "list_db_analytics"} */
select
      'db' as database,
      tablename as name,
      schemaname as schema,
      'table' as type
    from pg_tables
    where schemaname ilike 'analytics'
    union all
    select
      'db' as database,
      viewname as name,
      schemaname as schema,
      'view' as type
    from pg_views
    where schemaname ilike 'analytics'
    union all
    select
      'db' as database,
      matviewname as name,
      schemaname as schema,
      'materialized_view' as type
    from pg_matviews
    where schemaname ilike 'analytics'
  
[0m18:57:33.059724 [debug] [ThreadPool]: On list_db_analytics_analytics: /* {"app": "dbt", "dbt_version": "1.9.0b2", "profile_name": "servicenow_analytics", "target_name": "dev", "connection_name": "list_db_analytics_analytics"} */
select
      'db' as database,
      tablename as name,
      schemaname as schema,
      'table' as type
    from pg_tables
    where schemaname ilike 'analytics_analytics'
    union all
    select
      'db' as database,
      viewname as name,
      schemaname as schema,
      'view' as type
    from pg_views
    where schemaname ilike 'analytics_analytics'
    union all
    select
      'db' as database,
      matviewname as name,
      schemaname as schema,
      'materialized_view' as type
    from pg_matviews
    where schemaname ilike 'analytics_analytics'
  
[0m18:57:33.065734 [debug] [ThreadPool]: SQL status: SELECT 0 in 0.006 seconds
[0m18:57:33.066243 [debug] [ThreadPool]: SQL status: SELECT 1 in 0.006 seconds
[0m18:57:33.067548 [debug] [ThreadPool]: On list_db_analytics: ROLLBACK
[0m18:57:33.068982 [debug] [ThreadPool]: On list_db_analytics_analytics: ROLLBACK
[0m18:57:33.069767 [debug] [ThreadPool]: On list_db_analytics: Close
[0m18:57:33.070509 [debug] [ThreadPool]: On list_db_analytics_analytics: Close
[0m18:57:33.076151 [debug] [MainThread]: Using postgres connection "master"
[0m18:57:33.076632 [debug] [MainThread]: On master: BEGIN
[0m18:57:33.076984 [debug] [MainThread]: Opening a new connection, currently in state init
[0m18:57:33.088970 [debug] [MainThread]: SQL status: BEGIN in 0.012 seconds
[0m18:57:33.089446 [debug] [MainThread]: Using postgres connection "master"
[0m18:57:33.089908 [debug] [MainThread]: On master: /* {"app": "dbt", "dbt_version": "1.9.0b2", "profile_name": "servicenow_analytics", "target_name": "dev", "connection_name": "master"} */
with relation as (
        select
            pg_rewrite.ev_class as class,
            pg_rewrite.oid as id
        from pg_rewrite
    ),
    class as (
        select
            oid as id,
            relname as name,
            relnamespace as schema,
            relkind as kind
        from pg_class
    ),
    dependency as (
        select distinct
            pg_depend.objid as id,
            pg_depend.refobjid as ref
        from pg_depend
    ),
    schema as (
        select
            pg_namespace.oid as id,
            pg_namespace.nspname as name
        from pg_namespace
        where nspname != 'information_schema' and nspname not like 'pg\_%'
    ),
    referenced as (
        select
            relation.id AS id,
            referenced_class.name ,
            referenced_class.schema ,
            referenced_class.kind
        from relation
        join class as referenced_class on relation.class=referenced_class.id
        where referenced_class.kind in ('r', 'v', 'm')
    ),
    relationships as (
        select
            referenced.name as referenced_name,
            referenced.schema as referenced_schema_id,
            dependent_class.name as dependent_name,
            dependent_class.schema as dependent_schema_id,
            referenced.kind as kind
        from referenced
        join dependency on referenced.id=dependency.id
        join class as dependent_class on dependency.ref=dependent_class.id
        where
            (referenced.name != dependent_class.name or
             referenced.schema != dependent_class.schema)
    )

    select
        referenced_schema.name as referenced_schema,
        relationships.referenced_name as referenced_name,
        dependent_schema.name as dependent_schema,
        relationships.dependent_name as dependent_name
    from relationships
    join schema as dependent_schema on relationships.dependent_schema_id=dependent_schema.id
    join schema as referenced_schema on relationships.referenced_schema_id=referenced_schema.id
    group by referenced_schema, referenced_name, dependent_schema, dependent_name
    order by referenced_schema, referenced_name, dependent_schema, dependent_name;
[0m18:57:33.095678 [debug] [MainThread]: SQL status: SELECT 0 in 0.005 seconds
[0m18:57:33.097148 [debug] [MainThread]: Sending event: {'category': 'dbt', 'action': 'runnable_timing', 'label': '6f79cfef-8ea2-46f5-a4db-11f72a770116', 'context': [<snowplow_tracker.self_describing_json.SelfDescribingJson object at 0x10e697670>]}
[0m18:57:33.097709 [debug] [MainThread]: On master: ROLLBACK
[0m18:57:33.098256 [debug] [MainThread]: Using postgres connection "master"
[0m18:57:33.098628 [debug] [MainThread]: On master: BEGIN
[0m18:57:33.099235 [debug] [MainThread]: SQL status: BEGIN in 0.000 seconds
[0m18:57:33.099626 [debug] [MainThread]: On master: COMMIT
[0m18:57:33.099994 [debug] [MainThread]: Using postgres connection "master"
[0m18:57:33.100350 [debug] [MainThread]: On master: COMMIT
[0m18:57:33.100967 [debug] [MainThread]: SQL status: COMMIT in 0.000 seconds
[0m18:57:33.101382 [debug] [MainThread]: On master: Close
[0m18:57:33.104191 [debug] [Thread-1  ]: Began running node model.servicenow_analytics.servicenow_tickets_cleaned
[0m18:57:33.104928 [info ] [Thread-1  ]: 1 of 1 START sql table model analytics_analytics.servicenow_tickets_cleaned .... [RUN]
[0m18:57:33.105688 [debug] [Thread-1  ]: Re-using an available connection from the pool (formerly list_db_analytics, now model.servicenow_analytics.servicenow_tickets_cleaned)
[0m18:57:33.106992 [debug] [Thread-1  ]: Began compiling node model.servicenow_analytics.servicenow_tickets_cleaned
[0m18:57:33.117208 [debug] [Thread-1  ]: Writing injected SQL for node "model.servicenow_analytics.servicenow_tickets_cleaned"
[0m18:57:33.118489 [debug] [Thread-1  ]: Began executing node model.servicenow_analytics.servicenow_tickets_cleaned
[0m18:57:33.167086 [debug] [Thread-1  ]: Writing runtime sql for node "model.servicenow_analytics.servicenow_tickets_cleaned"
[0m18:57:33.168595 [debug] [Thread-1  ]: Using postgres connection "model.servicenow_analytics.servicenow_tickets_cleaned"
[0m18:57:33.169172 [debug] [Thread-1  ]: On model.servicenow_analytics.servicenow_tickets_cleaned: BEGIN
[0m18:57:33.169613 [debug] [Thread-1  ]: Opening a new connection, currently in state closed
[0m18:57:33.182315 [debug] [Thread-1  ]: SQL status: BEGIN in 0.013 seconds
[0m18:57:33.182895 [debug] [Thread-1  ]: Using postgres connection "model.servicenow_analytics.servicenow_tickets_cleaned"
[0m18:57:33.183729 [debug] [Thread-1  ]: On model.servicenow_analytics.servicenow_tickets_cleaned: /* {"app": "dbt", "dbt_version": "1.9.0b2", "profile_name": "servicenow_analytics", "target_name": "dev", "node_id": "model.servicenow_analytics.servicenow_tickets_cleaned"} */

  
    

  create  table "db"."analytics_analytics"."servicenow_tickets_cleaned__dbt_tmp"
  
  
    as
  
  (
    

WITH cleaned AS (
    SELECT DISTINCT
        inc_number AS ticket_id,
        inc_category AS category,
        inc_priority AS priority,
        inc_sys_created_on AS created_date,
        inc_resolved_at AS resolved_date,
        inc_assignment_group AS assigned_group,
        inc_state AS status,
        inc_assigned_to AS technician,
        inc_close_code AS close_code,
        inc_close_notes AS close_notes
    FROM "db"."public"."servicenow_tickets_raw"
    WHERE inc_sys_created_on IS NOT NULL
        AND inc_resolved_at IS NOT NULL
        AND inc_number IS NOT NULL
)

SELECT * FROM cleaned
  );
  
[0m18:57:33.235140 [debug] [Thread-1  ]: SQL status: SELECT 4805 in 0.050 seconds
[0m18:57:33.243107 [debug] [Thread-1  ]: Using postgres connection "model.servicenow_analytics.servicenow_tickets_cleaned"
[0m18:57:33.243694 [debug] [Thread-1  ]: On model.servicenow_analytics.servicenow_tickets_cleaned: /* {"app": "dbt", "dbt_version": "1.9.0b2", "profile_name": "servicenow_analytics", "target_name": "dev", "node_id": "model.servicenow_analytics.servicenow_tickets_cleaned"} */
alter table "db"."analytics_analytics"."servicenow_tickets_cleaned__dbt_tmp" rename to "servicenow_tickets_cleaned"
[0m18:57:33.244755 [debug] [Thread-1  ]: SQL status: ALTER TABLE in 0.001 seconds
[0m18:57:33.265685 [debug] [Thread-1  ]: On model.servicenow_analytics.servicenow_tickets_cleaned: COMMIT
[0m18:57:33.266266 [debug] [Thread-1  ]: Using postgres connection "model.servicenow_analytics.servicenow_tickets_cleaned"
[0m18:57:33.266711 [debug] [Thread-1  ]: On model.servicenow_analytics.servicenow_tickets_cleaned: COMMIT
[0m18:57:33.273102 [debug] [Thread-1  ]: SQL status: COMMIT in 0.006 seconds
[0m18:57:33.280390 [debug] [Thread-1  ]: Applying DROP to: "db"."analytics_analytics"."servicenow_tickets_cleaned__dbt_backup"
[0m18:57:33.286572 [debug] [Thread-1  ]: Using postgres connection "model.servicenow_analytics.servicenow_tickets_cleaned"
[0m18:57:33.287142 [debug] [Thread-1  ]: On model.servicenow_analytics.servicenow_tickets_cleaned: /* {"app": "dbt", "dbt_version": "1.9.0b2", "profile_name": "servicenow_analytics", "target_name": "dev", "node_id": "model.servicenow_analytics.servicenow_tickets_cleaned"} */
drop table if exists "db"."analytics_analytics"."servicenow_tickets_cleaned__dbt_backup" cascade
[0m18:57:33.287907 [debug] [Thread-1  ]: SQL status: DROP TABLE in 0.000 seconds
[0m18:57:33.290999 [debug] [Thread-1  ]: On model.servicenow_analytics.servicenow_tickets_cleaned: Close
[0m18:57:33.293052 [debug] [Thread-1  ]: Sending event: {'category': 'dbt', 'action': 'run_model', 'label': '6f79cfef-8ea2-46f5-a4db-11f72a770116', 'context': [<snowplow_tracker.self_describing_json.SelfDescribingJson object at 0x110c385e0>]}
[0m18:57:33.294161 [info ] [Thread-1  ]: 1 of 1 OK created sql table model analytics_analytics.servicenow_tickets_cleaned  [[32mSELECT 4805[0m in 0.19s]
[0m18:57:33.295044 [debug] [Thread-1  ]: Finished running node model.servicenow_analytics.servicenow_tickets_cleaned
[0m18:57:33.296663 [debug] [MainThread]: Using postgres connection "master"
[0m18:57:33.297236 [debug] [MainThread]: On master: BEGIN
[0m18:57:33.297729 [debug] [MainThread]: Opening a new connection, currently in state closed
[0m18:57:33.310136 [debug] [MainThread]: SQL status: BEGIN in 0.012 seconds
[0m18:57:33.310634 [debug] [MainThread]: On master: COMMIT
[0m18:57:33.311008 [debug] [MainThread]: Using postgres connection "master"
[0m18:57:33.311367 [debug] [MainThread]: On master: COMMIT
[0m18:57:33.311847 [debug] [MainThread]: SQL status: COMMIT in 0.000 seconds
[0m18:57:33.312238 [debug] [MainThread]: On master: Close
[0m18:57:33.312781 [debug] [MainThread]: Connection 'master' was properly closed.
[0m18:57:33.313415 [debug] [MainThread]: Connection 'model.servicenow_analytics.servicenow_tickets_cleaned' was properly closed.
[0m18:57:33.314020 [debug] [MainThread]: Connection 'list_db_analytics_analytics' was properly closed.
[0m18:57:33.314717 [info ] [MainThread]: 
[0m18:57:33.315287 [info ] [MainThread]: Finished running 1 table model in 0 hours 0 minutes and 0.43 seconds (0.43s).
[0m18:57:33.316120 [debug] [MainThread]: Command end result
[0m18:57:33.349965 [info ] [MainThread]: 
[0m18:57:33.350748 [info ] [MainThread]: [32mCompleted successfully[0m
[0m18:57:33.351169 [info ] [MainThread]: 
[0m18:57:33.351749 [info ] [MainThread]: Done. PASS=1 WARN=0 ERROR=0 SKIP=0 TOTAL=1
[0m18:57:33.353888 [debug] [MainThread]: Resource report: {"command_name": "run", "command_success": true, "command_wall_clock_time": 1.6189945, "process_user_time": 2.632014, "process_kernel_time": 0.356052, "process_mem_max_rss": "113352704", "process_in_blocks": "0", "process_out_blocks": "0"}
[0m18:57:33.354616 [debug] [MainThread]: Command `dbt run` succeeded at 18:57:33.354481 after 1.62 seconds
[0m18:57:33.355100 [debug] [MainThread]: Sending event: {'category': 'dbt', 'action': 'invocation', 'label': 'end', 'context': [<snowplow_tracker.self_describing_json.SelfDescribingJson object at 0x10fc9bd60>, <snowplow_tracker.self_describing_json.SelfDescribingJson object at 0x10f0fa5e0>, <snowplow_tracker.self_describing_json.SelfDescribingJson object at 0x10fea94c0>]}
[0m18:57:33.355567 [debug] [MainThread]: Flushing usage events
[0m18:57:34.440708 [debug] [MainThread]: An error was encountered while trying to flush usage events
[0m18:58:49.239232 [debug] [MainThread]: Sending event: {'category': 'dbt', 'action': 'invocation', 'label': 'start', 'context': [<snowplow_tracker.self_describing_json.SelfDescribingJson object at 0x105d2ee20>, <snowplow_tracker.self_describing_json.SelfDescribingJson object at 0x1069208b0>, <snowplow_tracker.self_describing_json.SelfDescribingJson object at 0x106acc340>]}


============================== 18:58:49.245241 | 26231716-4a3a-4a9d-9499-d725b6a6adc2 ==============================
[0m18:58:49.245241 [info ] [MainThread]: Running with dbt=1.9.0-b2
[0m18:58:49.245953 [debug] [MainThread]: running dbt with arguments {'printer_width': '80', 'indirect_selection': 'eager', 'write_json': 'True', 'log_cache_events': 'False', 'partial_parse': 'True', 'cache_selected_only': 'False', 'profiles_dir': '/Users/charanlobo/.dbt', 'version_check': 'True', 'fail_fast': 'False', 'log_path': '/Users/charanlobo/dbt_servicenow_project/logs', 'debug': 'False', 'warn_error': 'None', 'use_colors': 'True', 'use_experimental_parser': 'False', 'no_print': 'None', 'quiet': 'False', 'empty': 'False', 'log_format': 'default', 'static_parser': 'True', 'introspect': 'True', 'invocation_command': 'dbt run --select servicenow_tickets_date_extracted', 'target_path': 'None', 'warn_error_options': 'WarnErrorOptions(include=[], exclude=[])', 'send_anonymous_usage_stats': 'True'}
[0m18:58:49.472302 [debug] [MainThread]: Sending event: {'category': 'dbt', 'action': 'project_id', 'label': '26231716-4a3a-4a9d-9499-d725b6a6adc2', 'context': [<snowplow_tracker.self_describing_json.SelfDescribingJson object at 0x106cb1d30>]}
[0m18:58:49.541942 [debug] [MainThread]: Sending event: {'category': 'dbt', 'action': 'adapter_info', 'label': '26231716-4a3a-4a9d-9499-d725b6a6adc2', 'context': [<snowplow_tracker.self_describing_json.SelfDescribingJson object at 0x106cb1f10>]}
[0m18:58:49.543725 [info ] [MainThread]: Registered adapter: postgres=1.8.2
[0m18:58:49.566028 [debug] [MainThread]: checksum: 4cfbbe2a671212f062e88a43cba5322b30b7e3e8e91b953aa4de249eeaade60f, vars: {}, profile: , target: , version: 1.9.0b2
[0m18:58:49.747355 [debug] [MainThread]: Partial parsing enabled: 0 files deleted, 0 files added, 0 files changed.
[0m18:58:49.748014 [debug] [MainThread]: Partial parsing enabled, no changes found, skipping parsing
[0m18:58:49.792962 [debug] [MainThread]: Sending event: {'category': 'dbt', 'action': 'load_project', 'label': '26231716-4a3a-4a9d-9499-d725b6a6adc2', 'context': [<snowplow_tracker.self_describing_json.SelfDescribingJson object at 0x1071f0040>]}
[0m18:58:49.916216 [debug] [MainThread]: Sending event: {'category': 'dbt', 'action': 'resource_counts', 'label': '26231716-4a3a-4a9d-9499-d725b6a6adc2', 'context': [<snowplow_tracker.self_describing_json.SelfDescribingJson object at 0x1071d83d0>]}
[0m18:58:49.916906 [info ] [MainThread]: Found 6 models, 1 source, 423 macros
[0m18:58:49.917383 [debug] [MainThread]: Sending event: {'category': 'dbt', 'action': 'runnable_timing', 'label': '26231716-4a3a-4a9d-9499-d725b6a6adc2', 'context': [<snowplow_tracker.self_describing_json.SelfDescribingJson object at 0x10709da30>]}
[0m18:58:49.918819 [info ] [MainThread]: 
[0m18:58:49.919288 [info ] [MainThread]: Concurrency: 4 threads (target='dev')
[0m18:58:49.919656 [info ] [MainThread]: 
[0m18:58:49.920255 [debug] [MainThread]: Acquiring new postgres connection 'master'
[0m18:58:49.921224 [debug] [ThreadPool]: Acquiring new postgres connection 'list_db'
[0m18:58:49.977538 [debug] [ThreadPool]: Using postgres connection "list_db"
[0m18:58:49.978044 [debug] [ThreadPool]: On list_db: /* {"app": "dbt", "dbt_version": "1.9.0b2", "profile_name": "servicenow_analytics", "target_name": "dev", "connection_name": "list_db"} */

    select distinct nspname from pg_namespace
  
[0m18:58:49.978428 [debug] [ThreadPool]: Opening a new connection, currently in state init
[0m18:58:50.011530 [debug] [ThreadPool]: SQL status: SELECT 6 in 0.033 seconds
[0m18:58:50.012955 [debug] [ThreadPool]: On list_db: Close
[0m18:58:50.019133 [debug] [ThreadPool]: Re-using an available connection from the pool (formerly list_db, now list_db_analytics_analytics)
[0m18:58:50.019853 [debug] [ThreadPool]: Acquiring new postgres connection 'list_db_analytics'
[0m18:58:50.026241 [debug] [ThreadPool]: Using postgres connection "list_db_analytics_analytics"
[0m18:58:50.028804 [debug] [ThreadPool]: Using postgres connection "list_db_analytics"
[0m18:58:50.029267 [debug] [ThreadPool]: On list_db_analytics_analytics: BEGIN
[0m18:58:50.029649 [debug] [ThreadPool]: On list_db_analytics: BEGIN
[0m18:58:50.030011 [debug] [ThreadPool]: Opening a new connection, currently in state closed
[0m18:58:50.030366 [debug] [ThreadPool]: Opening a new connection, currently in state init
[0m18:58:50.043880 [debug] [ThreadPool]: SQL status: BEGIN in 0.014 seconds
[0m18:58:50.044346 [debug] [ThreadPool]: Using postgres connection "list_db_analytics_analytics"
[0m18:58:50.044754 [debug] [ThreadPool]: On list_db_analytics_analytics: /* {"app": "dbt", "dbt_version": "1.9.0b2", "profile_name": "servicenow_analytics", "target_name": "dev", "connection_name": "list_db_analytics_analytics"} */
select
      'db' as database,
      tablename as name,
      schemaname as schema,
      'table' as type
    from pg_tables
    where schemaname ilike 'analytics_analytics'
    union all
    select
      'db' as database,
      viewname as name,
      schemaname as schema,
      'view' as type
    from pg_views
    where schemaname ilike 'analytics_analytics'
    union all
    select
      'db' as database,
      matviewname as name,
      schemaname as schema,
      'materialized_view' as type
    from pg_matviews
    where schemaname ilike 'analytics_analytics'
  
[0m18:58:50.045199 [debug] [ThreadPool]: SQL status: BEGIN in 0.015 seconds
[0m18:58:50.045592 [debug] [ThreadPool]: Using postgres connection "list_db_analytics"
[0m18:58:50.046035 [debug] [ThreadPool]: On list_db_analytics: /* {"app": "dbt", "dbt_version": "1.9.0b2", "profile_name": "servicenow_analytics", "target_name": "dev", "connection_name": "list_db_analytics"} */
select
      'db' as database,
      tablename as name,
      schemaname as schema,
      'table' as type
    from pg_tables
    where schemaname ilike 'analytics'
    union all
    select
      'db' as database,
      viewname as name,
      schemaname as schema,
      'view' as type
    from pg_views
    where schemaname ilike 'analytics'
    union all
    select
      'db' as database,
      matviewname as name,
      schemaname as schema,
      'materialized_view' as type
    from pg_matviews
    where schemaname ilike 'analytics'
  
[0m18:58:50.051020 [debug] [ThreadPool]: SQL status: SELECT 0 in 0.005 seconds
[0m18:58:50.051499 [debug] [ThreadPool]: SQL status: SELECT 2 in 0.006 seconds
[0m18:58:50.052715 [debug] [ThreadPool]: On list_db_analytics: ROLLBACK
[0m18:58:50.053939 [debug] [ThreadPool]: On list_db_analytics_analytics: ROLLBACK
[0m18:58:50.054541 [debug] [ThreadPool]: On list_db_analytics: Close
[0m18:58:50.055004 [debug] [ThreadPool]: On list_db_analytics_analytics: Close
[0m18:58:50.060950 [debug] [MainThread]: Using postgres connection "master"
[0m18:58:50.061412 [debug] [MainThread]: On master: BEGIN
[0m18:58:50.061769 [debug] [MainThread]: Opening a new connection, currently in state init
[0m18:58:50.073346 [debug] [MainThread]: SQL status: BEGIN in 0.012 seconds
[0m18:58:50.073786 [debug] [MainThread]: Using postgres connection "master"
[0m18:58:50.074236 [debug] [MainThread]: On master: /* {"app": "dbt", "dbt_version": "1.9.0b2", "profile_name": "servicenow_analytics", "target_name": "dev", "connection_name": "master"} */
with relation as (
        select
            pg_rewrite.ev_class as class,
            pg_rewrite.oid as id
        from pg_rewrite
    ),
    class as (
        select
            oid as id,
            relname as name,
            relnamespace as schema,
            relkind as kind
        from pg_class
    ),
    dependency as (
        select distinct
            pg_depend.objid as id,
            pg_depend.refobjid as ref
        from pg_depend
    ),
    schema as (
        select
            pg_namespace.oid as id,
            pg_namespace.nspname as name
        from pg_namespace
        where nspname != 'information_schema' and nspname not like 'pg\_%'
    ),
    referenced as (
        select
            relation.id AS id,
            referenced_class.name ,
            referenced_class.schema ,
            referenced_class.kind
        from relation
        join class as referenced_class on relation.class=referenced_class.id
        where referenced_class.kind in ('r', 'v', 'm')
    ),
    relationships as (
        select
            referenced.name as referenced_name,
            referenced.schema as referenced_schema_id,
            dependent_class.name as dependent_name,
            dependent_class.schema as dependent_schema_id,
            referenced.kind as kind
        from referenced
        join dependency on referenced.id=dependency.id
        join class as dependent_class on dependency.ref=dependent_class.id
        where
            (referenced.name != dependent_class.name or
             referenced.schema != dependent_class.schema)
    )

    select
        referenced_schema.name as referenced_schema,
        relationships.referenced_name as referenced_name,
        dependent_schema.name as dependent_schema,
        relationships.dependent_name as dependent_name
    from relationships
    join schema as dependent_schema on relationships.dependent_schema_id=dependent_schema.id
    join schema as referenced_schema on relationships.referenced_schema_id=referenced_schema.id
    group by referenced_schema, referenced_name, dependent_schema, dependent_name
    order by referenced_schema, referenced_name, dependent_schema, dependent_name;
[0m18:58:50.079623 [debug] [MainThread]: SQL status: SELECT 0 in 0.005 seconds
[0m18:58:50.080877 [debug] [MainThread]: Sending event: {'category': 'dbt', 'action': 'runnable_timing', 'label': '26231716-4a3a-4a9d-9499-d725b6a6adc2', 'context': [<snowplow_tracker.self_describing_json.SelfDescribingJson object at 0x107a74e20>]}
[0m18:58:50.081420 [debug] [MainThread]: On master: ROLLBACK
[0m18:58:50.081948 [debug] [MainThread]: Using postgres connection "master"
[0m18:58:50.082320 [debug] [MainThread]: On master: BEGIN
[0m18:58:50.082904 [debug] [MainThread]: SQL status: BEGIN in 0.000 seconds
[0m18:58:50.083309 [debug] [MainThread]: On master: COMMIT
[0m18:58:50.083673 [debug] [MainThread]: Using postgres connection "master"
[0m18:58:50.084023 [debug] [MainThread]: On master: COMMIT
[0m18:58:50.084552 [debug] [MainThread]: SQL status: COMMIT in 0.000 seconds
[0m18:58:50.084988 [debug] [MainThread]: On master: Close
[0m18:58:50.087800 [debug] [Thread-1  ]: Began running node model.servicenow_analytics.servicenow_tickets_date_extracted
[0m18:58:50.088464 [info ] [Thread-1  ]: 1 of 1 START sql table model analytics.servicenow_tickets_date_extracted ....... [RUN]
[0m18:58:50.089054 [debug] [Thread-1  ]: Re-using an available connection from the pool (formerly list_db_analytics_analytics, now model.servicenow_analytics.servicenow_tickets_date_extracted)
[0m18:58:50.089544 [debug] [Thread-1  ]: Began compiling node model.servicenow_analytics.servicenow_tickets_date_extracted
[0m18:58:50.098202 [debug] [Thread-1  ]: Writing injected SQL for node "model.servicenow_analytics.servicenow_tickets_date_extracted"
[0m18:58:50.099345 [debug] [Thread-1  ]: Began executing node model.servicenow_analytics.servicenow_tickets_date_extracted
[0m18:58:50.142517 [debug] [Thread-1  ]: Writing runtime sql for node "model.servicenow_analytics.servicenow_tickets_date_extracted"
[0m18:58:50.143553 [debug] [Thread-1  ]: Using postgres connection "model.servicenow_analytics.servicenow_tickets_date_extracted"
[0m18:58:50.144052 [debug] [Thread-1  ]: On model.servicenow_analytics.servicenow_tickets_date_extracted: BEGIN
[0m18:58:50.144465 [debug] [Thread-1  ]: Opening a new connection, currently in state closed
[0m18:58:50.156441 [debug] [Thread-1  ]: SQL status: BEGIN in 0.012 seconds
[0m18:58:50.156978 [debug] [Thread-1  ]: Using postgres connection "model.servicenow_analytics.servicenow_tickets_date_extracted"
[0m18:58:50.157431 [debug] [Thread-1  ]: On model.servicenow_analytics.servicenow_tickets_date_extracted: /* {"app": "dbt", "dbt_version": "1.9.0b2", "profile_name": "servicenow_analytics", "target_name": "dev", "node_id": "model.servicenow_analytics.servicenow_tickets_date_extracted"} */

  
    

  create  table "db"."analytics"."servicenow_tickets_date_extracted__dbt_tmp"
  
  
    as
  
  (
    -- models/staging/servicenow_tickets_date_extracted.sql

SELECT
    *,
    EXTRACT(YEAR FROM created_date) AS created_year,
    EXTRACT(MONTH FROM created_date) AS created_month,
    EXTRACT(DAY FROM created_date) AS created_day
FROM "db"."analytics_analytics"."servicenow_tickets_cleaned"
  );
  
[0m18:58:50.184234 [debug] [Thread-1  ]: SQL status: SELECT 4805 in 0.026 seconds
[0m18:58:50.196150 [debug] [Thread-1  ]: Using postgres connection "model.servicenow_analytics.servicenow_tickets_date_extracted"
[0m18:58:50.197083 [debug] [Thread-1  ]: On model.servicenow_analytics.servicenow_tickets_date_extracted: /* {"app": "dbt", "dbt_version": "1.9.0b2", "profile_name": "servicenow_analytics", "target_name": "dev", "node_id": "model.servicenow_analytics.servicenow_tickets_date_extracted"} */
alter table "db"."analytics"."servicenow_tickets_date_extracted__dbt_tmp" rename to "servicenow_tickets_date_extracted"
[0m18:58:50.198577 [debug] [Thread-1  ]: SQL status: ALTER TABLE in 0.001 seconds
[0m18:58:50.226439 [debug] [Thread-1  ]: On model.servicenow_analytics.servicenow_tickets_date_extracted: COMMIT
[0m18:58:50.227069 [debug] [Thread-1  ]: Using postgres connection "model.servicenow_analytics.servicenow_tickets_date_extracted"
[0m18:58:50.227591 [debug] [Thread-1  ]: On model.servicenow_analytics.servicenow_tickets_date_extracted: COMMIT
[0m18:58:50.230443 [debug] [Thread-1  ]: SQL status: COMMIT in 0.002 seconds
[0m18:58:50.239957 [debug] [Thread-1  ]: Applying DROP to: "db"."analytics"."servicenow_tickets_date_extracted__dbt_backup"
[0m18:58:50.245834 [debug] [Thread-1  ]: Using postgres connection "model.servicenow_analytics.servicenow_tickets_date_extracted"
[0m18:58:50.246437 [debug] [Thread-1  ]: On model.servicenow_analytics.servicenow_tickets_date_extracted: /* {"app": "dbt", "dbt_version": "1.9.0b2", "profile_name": "servicenow_analytics", "target_name": "dev", "node_id": "model.servicenow_analytics.servicenow_tickets_date_extracted"} */
drop table if exists "db"."analytics"."servicenow_tickets_date_extracted__dbt_backup" cascade
[0m18:58:50.247274 [debug] [Thread-1  ]: SQL status: DROP TABLE in 0.000 seconds
[0m18:58:50.250190 [debug] [Thread-1  ]: On model.servicenow_analytics.servicenow_tickets_date_extracted: Close
[0m18:58:50.252457 [debug] [Thread-1  ]: Sending event: {'category': 'dbt', 'action': 'run_model', 'label': '26231716-4a3a-4a9d-9499-d725b6a6adc2', 'context': [<snowplow_tracker.self_describing_json.SelfDescribingJson object at 0x104674790>]}
[0m18:58:50.253938 [info ] [Thread-1  ]: 1 of 1 OK created sql table model analytics.servicenow_tickets_date_extracted .. [[32mSELECT 4805[0m in 0.16s]
[0m18:58:50.254875 [debug] [Thread-1  ]: Finished running node model.servicenow_analytics.servicenow_tickets_date_extracted
[0m18:58:50.256469 [debug] [MainThread]: Using postgres connection "master"
[0m18:58:50.256999 [debug] [MainThread]: On master: BEGIN
[0m18:58:50.257410 [debug] [MainThread]: Opening a new connection, currently in state closed
[0m18:58:50.272144 [debug] [MainThread]: SQL status: BEGIN in 0.015 seconds
[0m18:58:50.272702 [debug] [MainThread]: On master: COMMIT
[0m18:58:50.273126 [debug] [MainThread]: Using postgres connection "master"
[0m18:58:50.273539 [debug] [MainThread]: On master: COMMIT
[0m18:58:50.274110 [debug] [MainThread]: SQL status: COMMIT in 0.000 seconds
[0m18:58:50.274554 [debug] [MainThread]: On master: Close
[0m18:58:50.275158 [debug] [MainThread]: Connection 'master' was properly closed.
[0m18:58:50.275600 [debug] [MainThread]: Connection 'model.servicenow_analytics.servicenow_tickets_date_extracted' was properly closed.
[0m18:58:50.275998 [debug] [MainThread]: Connection 'list_db_analytics' was properly closed.
[0m18:58:50.276442 [info ] [MainThread]: 
[0m18:58:50.277008 [info ] [MainThread]: Finished running 1 table model in 0 hours 0 minutes and 0.36 seconds (0.36s).
[0m18:58:50.278022 [debug] [MainThread]: Command end result
[0m18:58:50.315746 [info ] [MainThread]: 
[0m18:58:50.316546 [info ] [MainThread]: [32mCompleted successfully[0m
[0m18:58:50.317030 [info ] [MainThread]: 
[0m18:58:50.317549 [info ] [MainThread]: Done. PASS=1 WARN=0 ERROR=0 SKIP=0 TOTAL=1
[0m18:58:50.319931 [debug] [MainThread]: Resource report: {"command_name": "run", "command_success": true, "command_wall_clock_time": 1.1657537, "process_user_time": 2.262892, "process_kernel_time": 0.342087, "process_mem_max_rss": "108724224", "process_in_blocks": "0", "process_out_blocks": "0"}
[0m18:58:50.320835 [debug] [MainThread]: Command `dbt run` succeeded at 18:58:50.320627 after 1.17 seconds
[0m18:58:50.321493 [debug] [MainThread]: Sending event: {'category': 'dbt', 'action': 'invocation', 'label': 'end', 'context': [<snowplow_tracker.self_describing_json.SelfDescribingJson object at 0x105d2ee20>, <snowplow_tracker.self_describing_json.SelfDescribingJson object at 0x105ef2190>, <snowplow_tracker.self_describing_json.SelfDescribingJson object at 0x106cb1d30>]}
[0m18:58:50.322109 [debug] [MainThread]: Flushing usage events
[0m18:58:51.194583 [debug] [MainThread]: An error was encountered while trying to flush usage events
[0m18:59:24.616942 [debug] [MainThread]: Sending event: {'category': 'dbt', 'action': 'invocation', 'label': 'start', 'context': [<snowplow_tracker.self_describing_json.SelfDescribingJson object at 0x112dc3dc0>, <snowplow_tracker.self_describing_json.SelfDescribingJson object at 0x113af64f0>, <snowplow_tracker.self_describing_json.SelfDescribingJson object at 0x113b59940>]}


============================== 18:59:24.623044 | a0d47bc1-df9c-4e3b-8a85-81d481faab0a ==============================
[0m18:59:24.623044 [info ] [MainThread]: Running with dbt=1.9.0-b2
[0m18:59:24.623917 [debug] [MainThread]: running dbt with arguments {'printer_width': '80', 'indirect_selection': 'eager', 'write_json': 'True', 'log_cache_events': 'False', 'partial_parse': 'True', 'cache_selected_only': 'False', 'profiles_dir': '/Users/charanlobo/.dbt', 'debug': 'False', 'fail_fast': 'False', 'log_path': '/Users/charanlobo/dbt_servicenow_project/logs', 'version_check': 'True', 'warn_error': 'None', 'use_colors': 'True', 'use_experimental_parser': 'False', 'empty': 'False', 'quiet': 'False', 'no_print': 'None', 'warn_error_options': 'WarnErrorOptions(include=[], exclude=[])', 'static_parser': 'True', 'introspect': 'True', 'log_format': 'default', 'target_path': 'None', 'invocation_command': 'dbt run --select servicenow_tickets_avg_resolution_time', 'send_anonymous_usage_stats': 'True'}
[0m18:59:24.849590 [debug] [MainThread]: Sending event: {'category': 'dbt', 'action': 'project_id', 'label': 'a0d47bc1-df9c-4e3b-8a85-81d481faab0a', 'context': [<snowplow_tracker.self_describing_json.SelfDescribingJson object at 0x1130241f0>]}
[0m18:59:24.942220 [debug] [MainThread]: Sending event: {'category': 'dbt', 'action': 'adapter_info', 'label': 'a0d47bc1-df9c-4e3b-8a85-81d481faab0a', 'context': [<snowplow_tracker.self_describing_json.SelfDescribingJson object at 0x113af6970>]}
[0m18:59:24.943399 [info ] [MainThread]: Registered adapter: postgres=1.8.2
[0m18:59:24.967778 [debug] [MainThread]: checksum: 4cfbbe2a671212f062e88a43cba5322b30b7e3e8e91b953aa4de249eeaade60f, vars: {}, profile: , target: , version: 1.9.0b2
[0m18:59:25.172070 [debug] [MainThread]: Partial parsing enabled: 0 files deleted, 0 files added, 0 files changed.
[0m18:59:25.172595 [debug] [MainThread]: Partial parsing enabled, no changes found, skipping parsing
[0m18:59:25.223556 [debug] [MainThread]: Sending event: {'category': 'dbt', 'action': 'load_project', 'label': 'a0d47bc1-df9c-4e3b-8a85-81d481faab0a', 'context': [<snowplow_tracker.self_describing_json.SelfDescribingJson object at 0x1142b7e20>]}
[0m18:59:25.351479 [debug] [MainThread]: Sending event: {'category': 'dbt', 'action': 'resource_counts', 'label': 'a0d47bc1-df9c-4e3b-8a85-81d481faab0a', 'context': [<snowplow_tracker.self_describing_json.SelfDescribingJson object at 0x114270370>]}
[0m18:59:25.352138 [info ] [MainThread]: Found 6 models, 1 source, 423 macros
[0m18:59:25.352600 [debug] [MainThread]: Sending event: {'category': 'dbt', 'action': 'runnable_timing', 'label': 'a0d47bc1-df9c-4e3b-8a85-81d481faab0a', 'context': [<snowplow_tracker.self_describing_json.SelfDescribingJson object at 0x114069850>]}
[0m18:59:25.354113 [info ] [MainThread]: 
[0m18:59:25.354747 [info ] [MainThread]: Concurrency: 4 threads (target='dev')
[0m18:59:25.355233 [info ] [MainThread]: 
[0m18:59:25.355980 [debug] [MainThread]: Acquiring new postgres connection 'master'
[0m18:59:25.357019 [debug] [ThreadPool]: Acquiring new postgres connection 'list_db'
[0m18:59:25.416528 [debug] [ThreadPool]: Using postgres connection "list_db"
[0m18:59:25.417118 [debug] [ThreadPool]: On list_db: /* {"app": "dbt", "dbt_version": "1.9.0b2", "profile_name": "servicenow_analytics", "target_name": "dev", "connection_name": "list_db"} */

    select distinct nspname from pg_namespace
  
[0m18:59:25.417559 [debug] [ThreadPool]: Opening a new connection, currently in state init
[0m18:59:25.505568 [debug] [ThreadPool]: SQL status: SELECT 6 in 0.088 seconds
[0m18:59:25.507448 [debug] [ThreadPool]: On list_db: Close
[0m18:59:25.512892 [debug] [ThreadPool]: Re-using an available connection from the pool (formerly list_db, now list_db_analytics_analytics)
[0m18:59:25.513601 [debug] [ThreadPool]: Acquiring new postgres connection 'list_db_analytics'
[0m18:59:25.525414 [debug] [ThreadPool]: Using postgres connection "list_db_analytics_analytics"
[0m18:59:25.525824 [debug] [ThreadPool]: Using postgres connection "list_db_analytics"
[0m18:59:25.526219 [debug] [ThreadPool]: On list_db_analytics_analytics: BEGIN
[0m18:59:25.526618 [debug] [ThreadPool]: On list_db_analytics: BEGIN
[0m18:59:25.526994 [debug] [ThreadPool]: Opening a new connection, currently in state closed
[0m18:59:25.527369 [debug] [ThreadPool]: Opening a new connection, currently in state init
[0m18:59:25.546063 [debug] [ThreadPool]: SQL status: BEGIN in 0.019 seconds
[0m18:59:25.546579 [debug] [ThreadPool]: SQL status: BEGIN in 0.019 seconds
[0m18:59:25.547009 [debug] [ThreadPool]: Using postgres connection "list_db_analytics_analytics"
[0m18:59:25.547422 [debug] [ThreadPool]: Using postgres connection "list_db_analytics"
[0m18:59:25.547942 [debug] [ThreadPool]: On list_db_analytics_analytics: /* {"app": "dbt", "dbt_version": "1.9.0b2", "profile_name": "servicenow_analytics", "target_name": "dev", "connection_name": "list_db_analytics_analytics"} */
select
      'db' as database,
      tablename as name,
      schemaname as schema,
      'table' as type
    from pg_tables
    where schemaname ilike 'analytics_analytics'
    union all
    select
      'db' as database,
      viewname as name,
      schemaname as schema,
      'view' as type
    from pg_views
    where schemaname ilike 'analytics_analytics'
    union all
    select
      'db' as database,
      matviewname as name,
      schemaname as schema,
      'materialized_view' as type
    from pg_matviews
    where schemaname ilike 'analytics_analytics'
  
[0m18:59:25.548461 [debug] [ThreadPool]: On list_db_analytics: /* {"app": "dbt", "dbt_version": "1.9.0b2", "profile_name": "servicenow_analytics", "target_name": "dev", "connection_name": "list_db_analytics"} */
select
      'db' as database,
      tablename as name,
      schemaname as schema,
      'table' as type
    from pg_tables
    where schemaname ilike 'analytics'
    union all
    select
      'db' as database,
      viewname as name,
      schemaname as schema,
      'view' as type
    from pg_views
    where schemaname ilike 'analytics'
    union all
    select
      'db' as database,
      matviewname as name,
      schemaname as schema,
      'materialized_view' as type
    from pg_matviews
    where schemaname ilike 'analytics'
  
[0m18:59:25.575726 [debug] [ThreadPool]: SQL status: SELECT 2 in 0.027 seconds
[0m18:59:25.576227 [debug] [ThreadPool]: SQL status: SELECT 1 in 0.027 seconds
[0m18:59:25.577854 [debug] [ThreadPool]: On list_db_analytics_analytics: ROLLBACK
[0m18:59:25.579168 [debug] [ThreadPool]: On list_db_analytics: ROLLBACK
[0m18:59:25.579790 [debug] [ThreadPool]: On list_db_analytics_analytics: Close
[0m18:59:25.580198 [debug] [ThreadPool]: On list_db_analytics: Close
[0m18:59:25.586796 [debug] [MainThread]: Using postgres connection "master"
[0m18:59:25.587249 [debug] [MainThread]: On master: BEGIN
[0m18:59:25.587625 [debug] [MainThread]: Opening a new connection, currently in state init
[0m18:59:25.599441 [debug] [MainThread]: SQL status: BEGIN in 0.012 seconds
[0m18:59:25.599893 [debug] [MainThread]: Using postgres connection "master"
[0m18:59:25.600356 [debug] [MainThread]: On master: /* {"app": "dbt", "dbt_version": "1.9.0b2", "profile_name": "servicenow_analytics", "target_name": "dev", "connection_name": "master"} */
with relation as (
        select
            pg_rewrite.ev_class as class,
            pg_rewrite.oid as id
        from pg_rewrite
    ),
    class as (
        select
            oid as id,
            relname as name,
            relnamespace as schema,
            relkind as kind
        from pg_class
    ),
    dependency as (
        select distinct
            pg_depend.objid as id,
            pg_depend.refobjid as ref
        from pg_depend
    ),
    schema as (
        select
            pg_namespace.oid as id,
            pg_namespace.nspname as name
        from pg_namespace
        where nspname != 'information_schema' and nspname not like 'pg\_%'
    ),
    referenced as (
        select
            relation.id AS id,
            referenced_class.name ,
            referenced_class.schema ,
            referenced_class.kind
        from relation
        join class as referenced_class on relation.class=referenced_class.id
        where referenced_class.kind in ('r', 'v', 'm')
    ),
    relationships as (
        select
            referenced.name as referenced_name,
            referenced.schema as referenced_schema_id,
            dependent_class.name as dependent_name,
            dependent_class.schema as dependent_schema_id,
            referenced.kind as kind
        from referenced
        join dependency on referenced.id=dependency.id
        join class as dependent_class on dependency.ref=dependent_class.id
        where
            (referenced.name != dependent_class.name or
             referenced.schema != dependent_class.schema)
    )

    select
        referenced_schema.name as referenced_schema,
        relationships.referenced_name as referenced_name,
        dependent_schema.name as dependent_schema,
        relationships.dependent_name as dependent_name
    from relationships
    join schema as dependent_schema on relationships.dependent_schema_id=dependent_schema.id
    join schema as referenced_schema on relationships.referenced_schema_id=referenced_schema.id
    group by referenced_schema, referenced_name, dependent_schema, dependent_name
    order by referenced_schema, referenced_name, dependent_schema, dependent_name;
[0m18:59:25.605484 [debug] [MainThread]: SQL status: SELECT 0 in 0.005 seconds
[0m18:59:25.606770 [debug] [MainThread]: Sending event: {'category': 'dbt', 'action': 'runnable_timing', 'label': 'a0d47bc1-df9c-4e3b-8a85-81d481faab0a', 'context': [<snowplow_tracker.self_describing_json.SelfDescribingJson object at 0x114b43820>]}
[0m18:59:25.607346 [debug] [MainThread]: On master: ROLLBACK
[0m18:59:25.607899 [debug] [MainThread]: Using postgres connection "master"
[0m18:59:25.608285 [debug] [MainThread]: On master: BEGIN
[0m18:59:25.608882 [debug] [MainThread]: SQL status: BEGIN in 0.000 seconds
[0m18:59:25.609279 [debug] [MainThread]: On master: COMMIT
[0m18:59:25.609651 [debug] [MainThread]: Using postgres connection "master"
[0m18:59:25.610009 [debug] [MainThread]: On master: COMMIT
[0m18:59:25.610479 [debug] [MainThread]: SQL status: COMMIT in 0.000 seconds
[0m18:59:25.610873 [debug] [MainThread]: On master: Close
[0m18:59:25.613804 [debug] [Thread-1  ]: Began running node model.servicenow_analytics.servicenow_tickets_avg_resolution_time
[0m18:59:25.614527 [info ] [Thread-1  ]: 1 of 1 START sql table model analytics.servicenow_tickets_avg_resolution_time .. [RUN]
[0m18:59:25.615182 [debug] [Thread-1  ]: Re-using an available connection from the pool (formerly list_db_analytics_analytics, now model.servicenow_analytics.servicenow_tickets_avg_resolution_time)
[0m18:59:25.615660 [debug] [Thread-1  ]: Began compiling node model.servicenow_analytics.servicenow_tickets_avg_resolution_time
[0m18:59:25.625171 [debug] [Thread-1  ]: Writing injected SQL for node "model.servicenow_analytics.servicenow_tickets_avg_resolution_time"
[0m18:59:25.626049 [debug] [Thread-1  ]: Began executing node model.servicenow_analytics.servicenow_tickets_avg_resolution_time
[0m18:59:25.671603 [debug] [Thread-1  ]: Writing runtime sql for node "model.servicenow_analytics.servicenow_tickets_avg_resolution_time"
[0m18:59:25.672540 [debug] [Thread-1  ]: Using postgres connection "model.servicenow_analytics.servicenow_tickets_avg_resolution_time"
[0m18:59:25.673098 [debug] [Thread-1  ]: On model.servicenow_analytics.servicenow_tickets_avg_resolution_time: BEGIN
[0m18:59:25.673544 [debug] [Thread-1  ]: Opening a new connection, currently in state closed
[0m18:59:25.686767 [debug] [Thread-1  ]: SQL status: BEGIN in 0.013 seconds
[0m18:59:25.687295 [debug] [Thread-1  ]: Using postgres connection "model.servicenow_analytics.servicenow_tickets_avg_resolution_time"
[0m18:59:25.687809 [debug] [Thread-1  ]: On model.servicenow_analytics.servicenow_tickets_avg_resolution_time: /* {"app": "dbt", "dbt_version": "1.9.0b2", "profile_name": "servicenow_analytics", "target_name": "dev", "node_id": "model.servicenow_analytics.servicenow_tickets_avg_resolution_time"} */

  
    

  create  table "db"."analytics"."servicenow_tickets_avg_resolution_time__dbt_tmp"
  
  
    as
  
  (
    -- models/staging/servicenow_tickets_avg_resolution_time.sql

SELECT
    category,
    priority,
    AVG(EXTRACT(EPOCH FROM (resolved_date - created_date)) / 3600) AS avg_resolution_time_hrs
FROM "db"."analytics_analytics"."servicenow_tickets_cleaned"
GROUP BY category, priority
  );
  
[0m18:59:25.750978 [debug] [Thread-1  ]: SQL status: SELECT 20 in 0.062 seconds
[0m18:59:25.758754 [debug] [Thread-1  ]: Using postgres connection "model.servicenow_analytics.servicenow_tickets_avg_resolution_time"
[0m18:59:25.759299 [debug] [Thread-1  ]: On model.servicenow_analytics.servicenow_tickets_avg_resolution_time: /* {"app": "dbt", "dbt_version": "1.9.0b2", "profile_name": "servicenow_analytics", "target_name": "dev", "node_id": "model.servicenow_analytics.servicenow_tickets_avg_resolution_time"} */
alter table "db"."analytics"."servicenow_tickets_avg_resolution_time__dbt_tmp" rename to "servicenow_tickets_avg_resolution_time"
[0m18:59:25.764470 [debug] [Thread-1  ]: SQL status: ALTER TABLE in 0.005 seconds
[0m18:59:25.798066 [debug] [Thread-1  ]: On model.servicenow_analytics.servicenow_tickets_avg_resolution_time: COMMIT
[0m18:59:25.798954 [debug] [Thread-1  ]: Using postgres connection "model.servicenow_analytics.servicenow_tickets_avg_resolution_time"
[0m18:59:25.799465 [debug] [Thread-1  ]: On model.servicenow_analytics.servicenow_tickets_avg_resolution_time: COMMIT
[0m18:59:25.801178 [debug] [Thread-1  ]: SQL status: COMMIT in 0.001 seconds
[0m18:59:25.813724 [debug] [Thread-1  ]: Applying DROP to: "db"."analytics"."servicenow_tickets_avg_resolution_time__dbt_backup"
[0m18:59:25.822026 [debug] [Thread-1  ]: Using postgres connection "model.servicenow_analytics.servicenow_tickets_avg_resolution_time"
[0m18:59:25.823042 [debug] [Thread-1  ]: On model.servicenow_analytics.servicenow_tickets_avg_resolution_time: /* {"app": "dbt", "dbt_version": "1.9.0b2", "profile_name": "servicenow_analytics", "target_name": "dev", "node_id": "model.servicenow_analytics.servicenow_tickets_avg_resolution_time"} */
drop table if exists "db"."analytics"."servicenow_tickets_avg_resolution_time__dbt_backup" cascade
[0m18:59:25.824251 [debug] [Thread-1  ]: SQL status: DROP TABLE in 0.000 seconds
[0m18:59:25.828433 [debug] [Thread-1  ]: On model.servicenow_analytics.servicenow_tickets_avg_resolution_time: Close
[0m18:59:25.831158 [debug] [Thread-1  ]: Sending event: {'category': 'dbt', 'action': 'run_model', 'label': 'a0d47bc1-df9c-4e3b-8a85-81d481faab0a', 'context': [<snowplow_tracker.self_describing_json.SelfDescribingJson object at 0x114b0dfa0>]}
[0m18:59:25.832221 [info ] [Thread-1  ]: 1 of 1 OK created sql table model analytics.servicenow_tickets_avg_resolution_time  [[32mSELECT 20[0m in 0.21s]
[0m18:59:25.833096 [debug] [Thread-1  ]: Finished running node model.servicenow_analytics.servicenow_tickets_avg_resolution_time
[0m18:59:25.834926 [debug] [MainThread]: Using postgres connection "master"
[0m18:59:25.835391 [debug] [MainThread]: On master: BEGIN
[0m18:59:25.835771 [debug] [MainThread]: Opening a new connection, currently in state closed
[0m18:59:25.848093 [debug] [MainThread]: SQL status: BEGIN in 0.012 seconds
[0m18:59:25.848568 [debug] [MainThread]: On master: COMMIT
[0m18:59:25.848937 [debug] [MainThread]: Using postgres connection "master"
[0m18:59:25.849329 [debug] [MainThread]: On master: COMMIT
[0m18:59:25.849844 [debug] [MainThread]: SQL status: COMMIT in 0.000 seconds
[0m18:59:25.850719 [debug] [MainThread]: On master: Close
[0m18:59:25.851574 [debug] [MainThread]: Connection 'master' was properly closed.
[0m18:59:25.852277 [debug] [MainThread]: Connection 'model.servicenow_analytics.servicenow_tickets_avg_resolution_time' was properly closed.
[0m18:59:25.852844 [debug] [MainThread]: Connection 'list_db_analytics' was properly closed.
[0m18:59:25.853345 [info ] [MainThread]: 
[0m18:59:25.854062 [info ] [MainThread]: Finished running 1 table model in 0 hours 0 minutes and 0.50 seconds (0.50s).
[0m18:59:25.854912 [debug] [MainThread]: Command end result
[0m18:59:25.890958 [info ] [MainThread]: 
[0m18:59:25.891636 [info ] [MainThread]: [32mCompleted successfully[0m
[0m18:59:25.892064 [info ] [MainThread]: 
[0m18:59:25.892577 [info ] [MainThread]: Done. PASS=1 WARN=0 ERROR=0 SKIP=0 TOTAL=1
[0m18:59:25.894767 [debug] [MainThread]: Resource report: {"command_name": "run", "command_success": true, "command_wall_clock_time": 1.3643651, "process_user_time": 2.433262, "process_kernel_time": 0.371085, "process_mem_max_rss": "109510656", "process_in_blocks": "0", "process_out_blocks": "0"}
[0m18:59:25.895493 [debug] [MainThread]: Command `dbt run` succeeded at 18:59:25.895357 after 1.37 seconds
[0m18:59:25.896013 [debug] [MainThread]: Sending event: {'category': 'dbt', 'action': 'invocation', 'label': 'end', 'context': [<snowplow_tracker.self_describing_json.SelfDescribingJson object at 0x112dc3dc0>, <snowplow_tracker.self_describing_json.SelfDescribingJson object at 0x112fc2cd0>, <snowplow_tracker.self_describing_json.SelfDescribingJson object at 0x112fdc580>]}
[0m18:59:25.896514 [debug] [MainThread]: Flushing usage events
[0m18:59:26.974648 [debug] [MainThread]: An error was encountered while trying to flush usage events
[0m18:59:51.786163 [debug] [MainThread]: Sending event: {'category': 'dbt', 'action': 'invocation', 'label': 'start', 'context': [<snowplow_tracker.self_describing_json.SelfDescribingJson object at 0x106a77d00>, <snowplow_tracker.self_describing_json.SelfDescribingJson object at 0x1077ab700>, <snowplow_tracker.self_describing_json.SelfDescribingJson object at 0x107815f70>]}


============================== 18:59:51.791156 | fc32b63c-d95d-4008-ace8-f89f8179c386 ==============================
[0m18:59:51.791156 [info ] [MainThread]: Running with dbt=1.9.0-b2
[0m18:59:51.791883 [debug] [MainThread]: running dbt with arguments {'printer_width': '80', 'indirect_selection': 'eager', 'log_cache_events': 'False', 'write_json': 'True', 'partial_parse': 'True', 'cache_selected_only': 'False', 'profiles_dir': '/Users/charanlobo/.dbt', 'debug': 'False', 'warn_error': 'None', 'log_path': '/Users/charanlobo/dbt_servicenow_project/logs', 'fail_fast': 'False', 'version_check': 'True', 'use_colors': 'True', 'use_experimental_parser': 'False', 'no_print': 'None', 'quiet': 'False', 'empty': 'False', 'log_format': 'default', 'introspect': 'True', 'static_parser': 'True', 'invocation_command': 'dbt run --select servicenow_tickets_closure_rate', 'target_path': 'None', 'warn_error_options': 'WarnErrorOptions(include=[], exclude=[])', 'send_anonymous_usage_stats': 'True'}
[0m18:59:51.999103 [debug] [MainThread]: Sending event: {'category': 'dbt', 'action': 'project_id', 'label': 'fc32b63c-d95d-4008-ace8-f89f8179c386', 'context': [<snowplow_tracker.self_describing_json.SelfDescribingJson object at 0x1078050a0>]}
[0m18:59:52.064756 [debug] [MainThread]: Sending event: {'category': 'dbt', 'action': 'adapter_info', 'label': 'fc32b63c-d95d-4008-ace8-f89f8179c386', 'context': [<snowplow_tracker.self_describing_json.SelfDescribingJson object at 0x1079ecf70>]}
[0m18:59:52.065772 [info ] [MainThread]: Registered adapter: postgres=1.8.2
[0m18:59:52.085295 [debug] [MainThread]: checksum: 4cfbbe2a671212f062e88a43cba5322b30b7e3e8e91b953aa4de249eeaade60f, vars: {}, profile: , target: , version: 1.9.0b2
[0m18:59:52.248161 [debug] [MainThread]: Partial parsing enabled: 0 files deleted, 0 files added, 0 files changed.
[0m18:59:52.248706 [debug] [MainThread]: Partial parsing enabled, no changes found, skipping parsing
[0m18:59:52.294561 [debug] [MainThread]: Sending event: {'category': 'dbt', 'action': 'load_project', 'label': 'fc32b63c-d95d-4008-ace8-f89f8179c386', 'context': [<snowplow_tracker.self_describing_json.SelfDescribingJson object at 0x107f69f40>]}
[0m18:59:52.407075 [debug] [MainThread]: Sending event: {'category': 'dbt', 'action': 'resource_counts', 'label': 'fc32b63c-d95d-4008-ace8-f89f8179c386', 'context': [<snowplow_tracker.self_describing_json.SelfDescribingJson object at 0x107f272b0>]}
[0m18:59:52.407728 [info ] [MainThread]: Found 6 models, 1 source, 423 macros
[0m18:59:52.408183 [debug] [MainThread]: Sending event: {'category': 'dbt', 'action': 'runnable_timing', 'label': 'fc32b63c-d95d-4008-ace8-f89f8179c386', 'context': [<snowplow_tracker.self_describing_json.SelfDescribingJson object at 0x107d5d910>]}
[0m18:59:52.409576 [info ] [MainThread]: 
[0m18:59:52.410050 [info ] [MainThread]: Concurrency: 4 threads (target='dev')
[0m18:59:52.410429 [info ] [MainThread]: 
[0m18:59:52.411042 [debug] [MainThread]: Acquiring new postgres connection 'master'
[0m18:59:52.412048 [debug] [ThreadPool]: Acquiring new postgres connection 'list_db'
[0m18:59:52.471874 [debug] [ThreadPool]: Using postgres connection "list_db"
[0m18:59:52.472567 [debug] [ThreadPool]: On list_db: /* {"app": "dbt", "dbt_version": "1.9.0b2", "profile_name": "servicenow_analytics", "target_name": "dev", "connection_name": "list_db"} */

    select distinct nspname from pg_namespace
  
[0m18:59:52.473045 [debug] [ThreadPool]: Opening a new connection, currently in state init
[0m18:59:52.498179 [debug] [ThreadPool]: SQL status: SELECT 6 in 0.025 seconds
[0m18:59:52.499740 [debug] [ThreadPool]: On list_db: Close
[0m18:59:52.505095 [debug] [ThreadPool]: Re-using an available connection from the pool (formerly list_db, now list_db_analytics_analytics)
[0m18:59:52.511100 [debug] [ThreadPool]: Acquiring new postgres connection 'list_db_analytics'
[0m18:59:52.512718 [debug] [ThreadPool]: Using postgres connection "list_db_analytics_analytics"
[0m18:59:52.515162 [debug] [ThreadPool]: Using postgres connection "list_db_analytics"
[0m18:59:52.515681 [debug] [ThreadPool]: On list_db_analytics_analytics: BEGIN
[0m18:59:52.516079 [debug] [ThreadPool]: On list_db_analytics: BEGIN
[0m18:59:52.516443 [debug] [ThreadPool]: Opening a new connection, currently in state closed
[0m18:59:52.516794 [debug] [ThreadPool]: Opening a new connection, currently in state init
[0m18:59:52.529670 [debug] [ThreadPool]: SQL status: BEGIN in 0.013 seconds
[0m18:59:52.530150 [debug] [ThreadPool]: Using postgres connection "list_db_analytics_analytics"
[0m18:59:52.530541 [debug] [ThreadPool]: On list_db_analytics_analytics: /* {"app": "dbt", "dbt_version": "1.9.0b2", "profile_name": "servicenow_analytics", "target_name": "dev", "connection_name": "list_db_analytics_analytics"} */
select
      'db' as database,
      tablename as name,
      schemaname as schema,
      'table' as type
    from pg_tables
    where schemaname ilike 'analytics_analytics'
    union all
    select
      'db' as database,
      viewname as name,
      schemaname as schema,
      'view' as type
    from pg_views
    where schemaname ilike 'analytics_analytics'
    union all
    select
      'db' as database,
      matviewname as name,
      schemaname as schema,
      'materialized_view' as type
    from pg_matviews
    where schemaname ilike 'analytics_analytics'
  
[0m18:59:52.530982 [debug] [ThreadPool]: SQL status: BEGIN in 0.014 seconds
[0m18:59:52.531368 [debug] [ThreadPool]: Using postgres connection "list_db_analytics"
[0m18:59:52.531769 [debug] [ThreadPool]: On list_db_analytics: /* {"app": "dbt", "dbt_version": "1.9.0b2", "profile_name": "servicenow_analytics", "target_name": "dev", "connection_name": "list_db_analytics"} */
select
      'db' as database,
      tablename as name,
      schemaname as schema,
      'table' as type
    from pg_tables
    where schemaname ilike 'analytics'
    union all
    select
      'db' as database,
      viewname as name,
      schemaname as schema,
      'view' as type
    from pg_views
    where schemaname ilike 'analytics'
    union all
    select
      'db' as database,
      matviewname as name,
      schemaname as schema,
      'materialized_view' as type
    from pg_matviews
    where schemaname ilike 'analytics'
  
[0m18:59:52.535175 [debug] [ThreadPool]: SQL status: SELECT 2 in 0.004 seconds
[0m18:59:52.536630 [debug] [ThreadPool]: On list_db_analytics_analytics: ROLLBACK
[0m18:59:52.537083 [debug] [ThreadPool]: SQL status: SELECT 2 in 0.005 seconds
[0m18:59:52.538508 [debug] [ThreadPool]: On list_db_analytics: ROLLBACK
[0m18:59:52.538989 [debug] [ThreadPool]: On list_db_analytics_analytics: Close
[0m18:59:52.540160 [debug] [ThreadPool]: On list_db_analytics: Close
[0m18:59:52.546169 [debug] [MainThread]: Using postgres connection "master"
[0m18:59:52.546648 [debug] [MainThread]: On master: BEGIN
[0m18:59:52.547015 [debug] [MainThread]: Opening a new connection, currently in state init
[0m18:59:52.558956 [debug] [MainThread]: SQL status: BEGIN in 0.012 seconds
[0m18:59:52.559440 [debug] [MainThread]: Using postgres connection "master"
[0m18:59:52.559904 [debug] [MainThread]: On master: /* {"app": "dbt", "dbt_version": "1.9.0b2", "profile_name": "servicenow_analytics", "target_name": "dev", "connection_name": "master"} */
with relation as (
        select
            pg_rewrite.ev_class as class,
            pg_rewrite.oid as id
        from pg_rewrite
    ),
    class as (
        select
            oid as id,
            relname as name,
            relnamespace as schema,
            relkind as kind
        from pg_class
    ),
    dependency as (
        select distinct
            pg_depend.objid as id,
            pg_depend.refobjid as ref
        from pg_depend
    ),
    schema as (
        select
            pg_namespace.oid as id,
            pg_namespace.nspname as name
        from pg_namespace
        where nspname != 'information_schema' and nspname not like 'pg\_%'
    ),
    referenced as (
        select
            relation.id AS id,
            referenced_class.name ,
            referenced_class.schema ,
            referenced_class.kind
        from relation
        join class as referenced_class on relation.class=referenced_class.id
        where referenced_class.kind in ('r', 'v', 'm')
    ),
    relationships as (
        select
            referenced.name as referenced_name,
            referenced.schema as referenced_schema_id,
            dependent_class.name as dependent_name,
            dependent_class.schema as dependent_schema_id,
            referenced.kind as kind
        from referenced
        join dependency on referenced.id=dependency.id
        join class as dependent_class on dependency.ref=dependent_class.id
        where
            (referenced.name != dependent_class.name or
             referenced.schema != dependent_class.schema)
    )

    select
        referenced_schema.name as referenced_schema,
        relationships.referenced_name as referenced_name,
        dependent_schema.name as dependent_schema,
        relationships.dependent_name as dependent_name
    from relationships
    join schema as dependent_schema on relationships.dependent_schema_id=dependent_schema.id
    join schema as referenced_schema on relationships.referenced_schema_id=referenced_schema.id
    group by referenced_schema, referenced_name, dependent_schema, dependent_name
    order by referenced_schema, referenced_name, dependent_schema, dependent_name;
[0m18:59:52.564614 [debug] [MainThread]: SQL status: SELECT 0 in 0.004 seconds
[0m18:59:52.565985 [debug] [MainThread]: Sending event: {'category': 'dbt', 'action': 'runnable_timing', 'label': 'fc32b63c-d95d-4008-ace8-f89f8179c386', 'context': [<snowplow_tracker.self_describing_json.SelfDescribingJson object at 0x107f275e0>]}
[0m18:59:52.566577 [debug] [MainThread]: On master: ROLLBACK
[0m18:59:52.567260 [debug] [MainThread]: Using postgres connection "master"
[0m18:59:52.567714 [debug] [MainThread]: On master: BEGIN
[0m18:59:52.568350 [debug] [MainThread]: SQL status: BEGIN in 0.000 seconds
[0m18:59:52.568758 [debug] [MainThread]: On master: COMMIT
[0m18:59:52.569121 [debug] [MainThread]: Using postgres connection "master"
[0m18:59:52.569473 [debug] [MainThread]: On master: COMMIT
[0m18:59:52.569953 [debug] [MainThread]: SQL status: COMMIT in 0.000 seconds
[0m18:59:52.570385 [debug] [MainThread]: On master: Close
[0m18:59:52.573441 [debug] [Thread-1  ]: Began running node model.servicenow_analytics.servicenow_tickets_closure_rate
[0m18:59:52.574168 [info ] [Thread-1  ]: 1 of 1 START sql table model analytics.servicenow_tickets_closure_rate ......... [RUN]
[0m18:59:52.574774 [debug] [Thread-1  ]: Re-using an available connection from the pool (formerly list_db_analytics_analytics, now model.servicenow_analytics.servicenow_tickets_closure_rate)
[0m18:59:52.575242 [debug] [Thread-1  ]: Began compiling node model.servicenow_analytics.servicenow_tickets_closure_rate
[0m18:59:52.584362 [debug] [Thread-1  ]: Writing injected SQL for node "model.servicenow_analytics.servicenow_tickets_closure_rate"
[0m18:59:52.585232 [debug] [Thread-1  ]: Began executing node model.servicenow_analytics.servicenow_tickets_closure_rate
[0m18:59:52.631912 [debug] [Thread-1  ]: Writing runtime sql for node "model.servicenow_analytics.servicenow_tickets_closure_rate"
[0m18:59:52.632863 [debug] [Thread-1  ]: Using postgres connection "model.servicenow_analytics.servicenow_tickets_closure_rate"
[0m18:59:52.633320 [debug] [Thread-1  ]: On model.servicenow_analytics.servicenow_tickets_closure_rate: BEGIN
[0m18:59:52.633846 [debug] [Thread-1  ]: Opening a new connection, currently in state closed
[0m18:59:52.646071 [debug] [Thread-1  ]: SQL status: BEGIN in 0.012 seconds
[0m18:59:52.646605 [debug] [Thread-1  ]: Using postgres connection "model.servicenow_analytics.servicenow_tickets_closure_rate"
[0m18:59:52.647077 [debug] [Thread-1  ]: On model.servicenow_analytics.servicenow_tickets_closure_rate: /* {"app": "dbt", "dbt_version": "1.9.0b2", "profile_name": "servicenow_analytics", "target_name": "dev", "node_id": "model.servicenow_analytics.servicenow_tickets_closure_rate"} */

  
    

  create  table "db"."analytics"."servicenow_tickets_closure_rate__dbt_tmp"
  
  
    as
  
  (
    -- models/staging/servicenow_tickets_closure_rate.sql

SELECT
    assigned_group,
    COUNT(*) AS total_tickets,
    SUM(CASE WHEN status = 'Closed' THEN 1 ELSE 0 END) AS closed_tickets,
    ROUND(
        SUM(CASE WHEN status = 'Closed' THEN 1 ELSE 0 END)::DECIMAL
        / NULLIF(COUNT(*), 0), 2
    ) AS closure_rate
FROM "db"."analytics_analytics"."servicenow_tickets_cleaned"
GROUP BY assigned_group
  );
  
[0m18:59:52.656782 [debug] [Thread-1  ]: SQL status: SELECT 177 in 0.009 seconds
[0m18:59:52.664056 [debug] [Thread-1  ]: Using postgres connection "model.servicenow_analytics.servicenow_tickets_closure_rate"
[0m18:59:52.664607 [debug] [Thread-1  ]: On model.servicenow_analytics.servicenow_tickets_closure_rate: /* {"app": "dbt", "dbt_version": "1.9.0b2", "profile_name": "servicenow_analytics", "target_name": "dev", "node_id": "model.servicenow_analytics.servicenow_tickets_closure_rate"} */
alter table "db"."analytics"."servicenow_tickets_closure_rate__dbt_tmp" rename to "servicenow_tickets_closure_rate"
[0m18:59:52.665670 [debug] [Thread-1  ]: SQL status: ALTER TABLE in 0.001 seconds
[0m18:59:52.685519 [debug] [Thread-1  ]: On model.servicenow_analytics.servicenow_tickets_closure_rate: COMMIT
[0m18:59:52.686075 [debug] [Thread-1  ]: Using postgres connection "model.servicenow_analytics.servicenow_tickets_closure_rate"
[0m18:59:52.686508 [debug] [Thread-1  ]: On model.servicenow_analytics.servicenow_tickets_closure_rate: COMMIT
[0m18:59:52.687514 [debug] [Thread-1  ]: SQL status: COMMIT in 0.001 seconds
[0m18:59:52.694536 [debug] [Thread-1  ]: Applying DROP to: "db"."analytics"."servicenow_tickets_closure_rate__dbt_backup"
[0m18:59:52.699230 [debug] [Thread-1  ]: Using postgres connection "model.servicenow_analytics.servicenow_tickets_closure_rate"
[0m18:59:52.699752 [debug] [Thread-1  ]: On model.servicenow_analytics.servicenow_tickets_closure_rate: /* {"app": "dbt", "dbt_version": "1.9.0b2", "profile_name": "servicenow_analytics", "target_name": "dev", "node_id": "model.servicenow_analytics.servicenow_tickets_closure_rate"} */
drop table if exists "db"."analytics"."servicenow_tickets_closure_rate__dbt_backup" cascade
[0m18:59:52.700634 [debug] [Thread-1  ]: SQL status: DROP TABLE in 0.000 seconds
[0m18:59:52.703363 [debug] [Thread-1  ]: On model.servicenow_analytics.servicenow_tickets_closure_rate: Close
[0m18:59:52.705317 [debug] [Thread-1  ]: Sending event: {'category': 'dbt', 'action': 'run_model', 'label': 'fc32b63c-d95d-4008-ace8-f89f8179c386', 'context': [<snowplow_tracker.self_describing_json.SelfDescribingJson object at 0x1088857f0>]}
[0m18:59:52.706241 [info ] [Thread-1  ]: 1 of 1 OK created sql table model analytics.servicenow_tickets_closure_rate .... [[32mSELECT 177[0m in 0.13s]
[0m18:59:52.707011 [debug] [Thread-1  ]: Finished running node model.servicenow_analytics.servicenow_tickets_closure_rate
[0m18:59:52.708380 [debug] [MainThread]: Using postgres connection "master"
[0m18:59:52.708810 [debug] [MainThread]: On master: BEGIN
[0m18:59:52.709165 [debug] [MainThread]: Opening a new connection, currently in state closed
[0m18:59:52.721487 [debug] [MainThread]: SQL status: BEGIN in 0.012 seconds
[0m18:59:52.722337 [debug] [MainThread]: On master: COMMIT
[0m18:59:52.723055 [debug] [MainThread]: Using postgres connection "master"
[0m18:59:52.723485 [debug] [MainThread]: On master: COMMIT
[0m18:59:52.724045 [debug] [MainThread]: SQL status: COMMIT in 0.000 seconds
[0m18:59:52.724454 [debug] [MainThread]: On master: Close
[0m18:59:52.724972 [debug] [MainThread]: Connection 'master' was properly closed.
[0m18:59:52.725332 [debug] [MainThread]: Connection 'model.servicenow_analytics.servicenow_tickets_closure_rate' was properly closed.
[0m18:59:52.725668 [debug] [MainThread]: Connection 'list_db_analytics' was properly closed.
[0m18:59:52.726050 [info ] [MainThread]: 
[0m18:59:52.726561 [info ] [MainThread]: Finished running 1 table model in 0 hours 0 minutes and 0.32 seconds (0.32s).
[0m18:59:52.727411 [debug] [MainThread]: Command end result
[0m18:59:52.760936 [info ] [MainThread]: 
[0m18:59:52.761818 [info ] [MainThread]: [32mCompleted successfully[0m
[0m18:59:52.762638 [info ] [MainThread]: 
[0m18:59:52.763165 [info ] [MainThread]: Done. PASS=1 WARN=0 ERROR=0 SKIP=0 TOTAL=1
[0m18:59:52.764989 [debug] [MainThread]: Resource report: {"command_name": "run", "command_success": true, "command_wall_clock_time": 1.057426, "process_user_time": 2.251792, "process_kernel_time": 0.301776, "process_mem_max_rss": "109019136", "process_in_blocks": "0", "process_out_blocks": "0"}
[0m18:59:52.765724 [debug] [MainThread]: Command `dbt run` succeeded at 18:59:52.765599 after 1.06 seconds
[0m18:59:52.766215 [debug] [MainThread]: Sending event: {'category': 'dbt', 'action': 'invocation', 'label': 'end', 'context': [<snowplow_tracker.self_describing_json.SelfDescribingJson object at 0x106a77d00>, <snowplow_tracker.self_describing_json.SelfDescribingJson object at 0x107b55850>, <snowplow_tracker.self_describing_json.SelfDescribingJson object at 0x106c83bb0>]}
[0m18:59:52.766689 [debug] [MainThread]: Flushing usage events
[0m18:59:53.997893 [debug] [MainThread]: An error was encountered while trying to flush usage events
[0m19:01:43.135592 [debug] [MainThread]: Sending event: {'category': 'dbt', 'action': 'invocation', 'label': 'start', 'context': [<snowplow_tracker.self_describing_json.SelfDescribingJson object at 0x109b6adc0>, <snowplow_tracker.self_describing_json.SelfDescribingJson object at 0x10a89eac0>, <snowplow_tracker.self_describing_json.SelfDescribingJson object at 0x10a90f3a0>]}


============================== 19:01:43.141689 | a65d1778-c691-4f79-8af5-939b1672c0a7 ==============================
[0m19:01:43.141689 [info ] [MainThread]: Running with dbt=1.9.0-b2
[0m19:01:43.142418 [debug] [MainThread]: running dbt with arguments {'printer_width': '80', 'indirect_selection': 'eager', 'log_cache_events': 'False', 'write_json': 'True', 'partial_parse': 'True', 'cache_selected_only': 'False', 'warn_error': 'None', 'version_check': 'True', 'fail_fast': 'False', 'log_path': '/Users/charanlobo/dbt_servicenow_project/logs', 'debug': 'False', 'profiles_dir': '/Users/charanlobo/.dbt', 'use_colors': 'True', 'use_experimental_parser': 'False', 'empty': 'False', 'quiet': 'False', 'no_print': 'None', 'warn_error_options': 'WarnErrorOptions(include=[], exclude=[])', 'static_parser': 'True', 'introspect': 'True', 'invocation_command': 'dbt run --select servicenow_monthly_ticket_summary', 'target_path': 'None', 'log_format': 'default', 'send_anonymous_usage_stats': 'True'}
[0m19:01:43.390658 [debug] [MainThread]: Sending event: {'category': 'dbt', 'action': 'project_id', 'label': 'a65d1778-c691-4f79-8af5-939b1672c0a7', 'context': [<snowplow_tracker.self_describing_json.SelfDescribingJson object at 0x10aaf8250>]}
[0m19:01:43.463259 [debug] [MainThread]: Sending event: {'category': 'dbt', 'action': 'adapter_info', 'label': 'a65d1778-c691-4f79-8af5-939b1672c0a7', 'context': [<snowplow_tracker.self_describing_json.SelfDescribingJson object at 0x10ab4ea90>]}
[0m19:01:43.464713 [info ] [MainThread]: Registered adapter: postgres=1.8.2
[0m19:01:43.484340 [debug] [MainThread]: checksum: 4cfbbe2a671212f062e88a43cba5322b30b7e3e8e91b953aa4de249eeaade60f, vars: {}, profile: , target: , version: 1.9.0b2
[0m19:01:43.658606 [debug] [MainThread]: Partial parsing enabled: 0 files deleted, 0 files added, 0 files changed.
[0m19:01:43.659091 [debug] [MainThread]: Partial parsing enabled, no changes found, skipping parsing
[0m19:01:43.703886 [debug] [MainThread]: Sending event: {'category': 'dbt', 'action': 'load_project', 'label': 'a65d1778-c691-4f79-8af5-939b1672c0a7', 'context': [<snowplow_tracker.self_describing_json.SelfDescribingJson object at 0x10b055fd0>]}
[0m19:01:43.827687 [debug] [MainThread]: Sending event: {'category': 'dbt', 'action': 'resource_counts', 'label': 'a65d1778-c691-4f79-8af5-939b1672c0a7', 'context': [<snowplow_tracker.self_describing_json.SelfDescribingJson object at 0x10b014370>]}
[0m19:01:43.828336 [info ] [MainThread]: Found 6 models, 1 source, 423 macros
[0m19:01:43.828777 [debug] [MainThread]: Sending event: {'category': 'dbt', 'action': 'runnable_timing', 'label': 'a65d1778-c691-4f79-8af5-939b1672c0a7', 'context': [<snowplow_tracker.self_describing_json.SelfDescribingJson object at 0x10aed4880>]}
[0m19:01:43.830209 [info ] [MainThread]: 
[0m19:01:43.830671 [info ] [MainThread]: Concurrency: 4 threads (target='dev')
[0m19:01:43.831039 [info ] [MainThread]: 
[0m19:01:43.831630 [debug] [MainThread]: Acquiring new postgres connection 'master'
[0m19:01:43.832593 [debug] [ThreadPool]: Acquiring new postgres connection 'list_db'
[0m19:01:43.887842 [debug] [ThreadPool]: Using postgres connection "list_db"
[0m19:01:43.888344 [debug] [ThreadPool]: On list_db: /* {"app": "dbt", "dbt_version": "1.9.0b2", "profile_name": "servicenow_analytics", "target_name": "dev", "connection_name": "list_db"} */

    select distinct nspname from pg_namespace
  
[0m19:01:43.888723 [debug] [ThreadPool]: Opening a new connection, currently in state init
[0m19:01:43.922274 [debug] [ThreadPool]: SQL status: SELECT 6 in 0.033 seconds
[0m19:01:43.923723 [debug] [ThreadPool]: On list_db: Close
[0m19:01:43.928817 [debug] [ThreadPool]: Re-using an available connection from the pool (formerly list_db, now list_db_analytics_analytics)
[0m19:01:43.929521 [debug] [ThreadPool]: Acquiring new postgres connection 'list_db_analytics'
[0m19:01:43.936078 [debug] [ThreadPool]: Using postgres connection "list_db_analytics_analytics"
[0m19:01:43.938536 [debug] [ThreadPool]: Using postgres connection "list_db_analytics"
[0m19:01:43.939008 [debug] [ThreadPool]: On list_db_analytics_analytics: BEGIN
[0m19:01:43.939386 [debug] [ThreadPool]: On list_db_analytics: BEGIN
[0m19:01:43.939744 [debug] [ThreadPool]: Opening a new connection, currently in state closed
[0m19:01:43.940094 [debug] [ThreadPool]: Opening a new connection, currently in state init
[0m19:01:43.953084 [debug] [ThreadPool]: SQL status: BEGIN in 0.013 seconds
[0m19:01:43.953571 [debug] [ThreadPool]: SQL status: BEGIN in 0.014 seconds
[0m19:01:43.953960 [debug] [ThreadPool]: Using postgres connection "list_db_analytics"
[0m19:01:43.954368 [debug] [ThreadPool]: Using postgres connection "list_db_analytics_analytics"
[0m19:01:43.954790 [debug] [ThreadPool]: On list_db_analytics: /* {"app": "dbt", "dbt_version": "1.9.0b2", "profile_name": "servicenow_analytics", "target_name": "dev", "connection_name": "list_db_analytics"} */
select
      'db' as database,
      tablename as name,
      schemaname as schema,
      'table' as type
    from pg_tables
    where schemaname ilike 'analytics'
    union all
    select
      'db' as database,
      viewname as name,
      schemaname as schema,
      'view' as type
    from pg_views
    where schemaname ilike 'analytics'
    union all
    select
      'db' as database,
      matviewname as name,
      schemaname as schema,
      'materialized_view' as type
    from pg_matviews
    where schemaname ilike 'analytics'
  
[0m19:01:43.955266 [debug] [ThreadPool]: On list_db_analytics_analytics: /* {"app": "dbt", "dbt_version": "1.9.0b2", "profile_name": "servicenow_analytics", "target_name": "dev", "connection_name": "list_db_analytics_analytics"} */
select
      'db' as database,
      tablename as name,
      schemaname as schema,
      'table' as type
    from pg_tables
    where schemaname ilike 'analytics_analytics'
    union all
    select
      'db' as database,
      viewname as name,
      schemaname as schema,
      'view' as type
    from pg_views
    where schemaname ilike 'analytics_analytics'
    union all
    select
      'db' as database,
      matviewname as name,
      schemaname as schema,
      'materialized_view' as type
    from pg_matviews
    where schemaname ilike 'analytics_analytics'
  
[0m19:01:43.960971 [debug] [ThreadPool]: SQL status: SELECT 3 in 0.005 seconds
[0m19:01:43.961450 [debug] [ThreadPool]: SQL status: SELECT 2 in 0.006 seconds
[0m19:01:43.962780 [debug] [ThreadPool]: On list_db_analytics: ROLLBACK
[0m19:01:43.964015 [debug] [ThreadPool]: On list_db_analytics_analytics: ROLLBACK
[0m19:01:43.964564 [debug] [ThreadPool]: On list_db_analytics: Close
[0m19:01:43.964956 [debug] [ThreadPool]: On list_db_analytics_analytics: Close
[0m19:01:43.971121 [debug] [MainThread]: Using postgres connection "master"
[0m19:01:43.971621 [debug] [MainThread]: On master: BEGIN
[0m19:01:43.972006 [debug] [MainThread]: Opening a new connection, currently in state init
[0m19:01:43.983463 [debug] [MainThread]: SQL status: BEGIN in 0.011 seconds
[0m19:01:43.983909 [debug] [MainThread]: Using postgres connection "master"
[0m19:01:43.984368 [debug] [MainThread]: On master: /* {"app": "dbt", "dbt_version": "1.9.0b2", "profile_name": "servicenow_analytics", "target_name": "dev", "connection_name": "master"} */
with relation as (
        select
            pg_rewrite.ev_class as class,
            pg_rewrite.oid as id
        from pg_rewrite
    ),
    class as (
        select
            oid as id,
            relname as name,
            relnamespace as schema,
            relkind as kind
        from pg_class
    ),
    dependency as (
        select distinct
            pg_depend.objid as id,
            pg_depend.refobjid as ref
        from pg_depend
    ),
    schema as (
        select
            pg_namespace.oid as id,
            pg_namespace.nspname as name
        from pg_namespace
        where nspname != 'information_schema' and nspname not like 'pg\_%'
    ),
    referenced as (
        select
            relation.id AS id,
            referenced_class.name ,
            referenced_class.schema ,
            referenced_class.kind
        from relation
        join class as referenced_class on relation.class=referenced_class.id
        where referenced_class.kind in ('r', 'v', 'm')
    ),
    relationships as (
        select
            referenced.name as referenced_name,
            referenced.schema as referenced_schema_id,
            dependent_class.name as dependent_name,
            dependent_class.schema as dependent_schema_id,
            referenced.kind as kind
        from referenced
        join dependency on referenced.id=dependency.id
        join class as dependent_class on dependency.ref=dependent_class.id
        where
            (referenced.name != dependent_class.name or
             referenced.schema != dependent_class.schema)
    )

    select
        referenced_schema.name as referenced_schema,
        relationships.referenced_name as referenced_name,
        dependent_schema.name as dependent_schema,
        relationships.dependent_name as dependent_name
    from relationships
    join schema as dependent_schema on relationships.dependent_schema_id=dependent_schema.id
    join schema as referenced_schema on relationships.referenced_schema_id=referenced_schema.id
    group by referenced_schema, referenced_name, dependent_schema, dependent_name
    order by referenced_schema, referenced_name, dependent_schema, dependent_name;
[0m19:01:43.989865 [debug] [MainThread]: SQL status: SELECT 0 in 0.005 seconds
[0m19:01:43.991164 [debug] [MainThread]: Sending event: {'category': 'dbt', 'action': 'runnable_timing', 'label': 'a65d1778-c691-4f79-8af5-939b1672c0a7', 'context': [<snowplow_tracker.self_describing_json.SelfDescribingJson object at 0x10b8ea820>]}
[0m19:01:43.991715 [debug] [MainThread]: On master: ROLLBACK
[0m19:01:43.992237 [debug] [MainThread]: Using postgres connection "master"
[0m19:01:43.992605 [debug] [MainThread]: On master: BEGIN
[0m19:01:43.993172 [debug] [MainThread]: SQL status: BEGIN in 0.000 seconds
[0m19:01:43.993567 [debug] [MainThread]: On master: COMMIT
[0m19:01:43.993931 [debug] [MainThread]: Using postgres connection "master"
[0m19:01:43.994285 [debug] [MainThread]: On master: COMMIT
[0m19:01:43.994756 [debug] [MainThread]: SQL status: COMMIT in 0.000 seconds
[0m19:01:43.995147 [debug] [MainThread]: On master: Close
[0m19:01:43.998009 [debug] [Thread-1  ]: Began running node model.servicenow_analytics.servicenow_monthly_ticket_summary
[0m19:01:43.998684 [info ] [Thread-1  ]: 1 of 1 START sql table model analytics.servicenow_monthly_ticket_summary ....... [RUN]
[0m19:01:43.999261 [debug] [Thread-1  ]: Re-using an available connection from the pool (formerly list_db_analytics_analytics, now model.servicenow_analytics.servicenow_monthly_ticket_summary)
[0m19:01:43.999735 [debug] [Thread-1  ]: Began compiling node model.servicenow_analytics.servicenow_monthly_ticket_summary
[0m19:01:44.009119 [debug] [Thread-1  ]: Writing injected SQL for node "model.servicenow_analytics.servicenow_monthly_ticket_summary"
[0m19:01:44.010314 [debug] [Thread-1  ]: Began executing node model.servicenow_analytics.servicenow_monthly_ticket_summary
[0m19:01:44.054129 [debug] [Thread-1  ]: Writing runtime sql for node "model.servicenow_analytics.servicenow_monthly_ticket_summary"
[0m19:01:44.055066 [debug] [Thread-1  ]: Using postgres connection "model.servicenow_analytics.servicenow_monthly_ticket_summary"
[0m19:01:44.055571 [debug] [Thread-1  ]: On model.servicenow_analytics.servicenow_monthly_ticket_summary: BEGIN
[0m19:01:44.056036 [debug] [Thread-1  ]: Opening a new connection, currently in state closed
[0m19:01:44.068140 [debug] [Thread-1  ]: SQL status: BEGIN in 0.012 seconds
[0m19:01:44.068657 [debug] [Thread-1  ]: Using postgres connection "model.servicenow_analytics.servicenow_monthly_ticket_summary"
[0m19:01:44.069137 [debug] [Thread-1  ]: On model.servicenow_analytics.servicenow_monthly_ticket_summary: /* {"app": "dbt", "dbt_version": "1.9.0b2", "profile_name": "servicenow_analytics", "target_name": "dev", "node_id": "model.servicenow_analytics.servicenow_monthly_ticket_summary"} */

  
    

  create  table "db"."analytics"."servicenow_monthly_ticket_summary__dbt_tmp"
  
  
    as
  
  (
    -- models/staging/servicenow_monthly_ticket_summary.sql

SELECT
    DATE_TRUNC('month', created_date) AS month,
    category,
    priority,
    COUNT(*) AS total_tickets,
    ROUND(AVG(EXTRACT(EPOCH FROM (resolved_date - created_date)) / 3600), 2) AS avg_resolution_time_hrs,
    ROUND(
        SUM(CASE WHEN status = 'Closed' THEN 1 ELSE 0 END)::DECIMAL
        / NULLIF(COUNT(*), 0), 2
    ) AS closure_rate
FROM "db"."analytics_analytics"."servicenow_tickets_cleaned"
GROUP BY 1, 2, 3
ORDER BY 1
  );
  
[0m19:01:44.082869 [debug] [Thread-1  ]: SQL status: SELECT 20 in 0.013 seconds
[0m19:01:44.089962 [debug] [Thread-1  ]: Using postgres connection "model.servicenow_analytics.servicenow_monthly_ticket_summary"
[0m19:01:44.090489 [debug] [Thread-1  ]: On model.servicenow_analytics.servicenow_monthly_ticket_summary: /* {"app": "dbt", "dbt_version": "1.9.0b2", "profile_name": "servicenow_analytics", "target_name": "dev", "node_id": "model.servicenow_analytics.servicenow_monthly_ticket_summary"} */
alter table "db"."analytics"."servicenow_monthly_ticket_summary__dbt_tmp" rename to "servicenow_monthly_ticket_summary"
[0m19:01:44.091438 [debug] [Thread-1  ]: SQL status: ALTER TABLE in 0.000 seconds
[0m19:01:44.110380 [debug] [Thread-1  ]: On model.servicenow_analytics.servicenow_monthly_ticket_summary: COMMIT
[0m19:01:44.110894 [debug] [Thread-1  ]: Using postgres connection "model.servicenow_analytics.servicenow_monthly_ticket_summary"
[0m19:01:44.111315 [debug] [Thread-1  ]: On model.servicenow_analytics.servicenow_monthly_ticket_summary: COMMIT
[0m19:01:44.112509 [debug] [Thread-1  ]: SQL status: COMMIT in 0.001 seconds
[0m19:01:44.119433 [debug] [Thread-1  ]: Applying DROP to: "db"."analytics"."servicenow_monthly_ticket_summary__dbt_backup"
[0m19:01:44.124503 [debug] [Thread-1  ]: Using postgres connection "model.servicenow_analytics.servicenow_monthly_ticket_summary"
[0m19:01:44.125026 [debug] [Thread-1  ]: On model.servicenow_analytics.servicenow_monthly_ticket_summary: /* {"app": "dbt", "dbt_version": "1.9.0b2", "profile_name": "servicenow_analytics", "target_name": "dev", "node_id": "model.servicenow_analytics.servicenow_monthly_ticket_summary"} */
drop table if exists "db"."analytics"."servicenow_monthly_ticket_summary__dbt_backup" cascade
[0m19:01:44.125718 [debug] [Thread-1  ]: SQL status: DROP TABLE in 0.000 seconds
[0m19:01:44.128246 [debug] [Thread-1  ]: On model.servicenow_analytics.servicenow_monthly_ticket_summary: Close
[0m19:01:44.129964 [debug] [Thread-1  ]: Sending event: {'category': 'dbt', 'action': 'run_model', 'label': 'a65d1778-c691-4f79-8af5-939b1672c0a7', 'context': [<snowplow_tracker.self_describing_json.SelfDescribingJson object at 0x10b8d9a60>]}
[0m19:01:44.130779 [info ] [Thread-1  ]: 1 of 1 OK created sql table model analytics.servicenow_monthly_ticket_summary .. [[32mSELECT 20[0m in 0.13s]
[0m19:01:44.131502 [debug] [Thread-1  ]: Finished running node model.servicenow_analytics.servicenow_monthly_ticket_summary
[0m19:01:44.132830 [debug] [MainThread]: Using postgres connection "master"
[0m19:01:44.133253 [debug] [MainThread]: On master: BEGIN
[0m19:01:44.133671 [debug] [MainThread]: Opening a new connection, currently in state closed
[0m19:01:44.145253 [debug] [MainThread]: SQL status: BEGIN in 0.012 seconds
[0m19:01:44.145710 [debug] [MainThread]: On master: COMMIT
[0m19:01:44.146074 [debug] [MainThread]: Using postgres connection "master"
[0m19:01:44.146423 [debug] [MainThread]: On master: COMMIT
[0m19:01:44.146879 [debug] [MainThread]: SQL status: COMMIT in 0.000 seconds
[0m19:01:44.147255 [debug] [MainThread]: On master: Close
[0m19:01:44.147747 [debug] [MainThread]: Connection 'master' was properly closed.
[0m19:01:44.148098 [debug] [MainThread]: Connection 'model.servicenow_analytics.servicenow_monthly_ticket_summary' was properly closed.
[0m19:01:44.148431 [debug] [MainThread]: Connection 'list_db_analytics' was properly closed.
[0m19:01:44.148801 [info ] [MainThread]: 
[0m19:01:44.149261 [info ] [MainThread]: Finished running 1 table model in 0 hours 0 minutes and 0.32 seconds (0.32s).
[0m19:01:44.150197 [debug] [MainThread]: Command end result
[0m19:01:44.189626 [info ] [MainThread]: 
[0m19:01:44.190470 [info ] [MainThread]: [32mCompleted successfully[0m
[0m19:01:44.191170 [info ] [MainThread]: 
[0m19:01:44.191989 [info ] [MainThread]: Done. PASS=1 WARN=0 ERROR=0 SKIP=0 TOTAL=1
[0m19:01:44.194404 [debug] [MainThread]: Resource report: {"command_name": "run", "command_success": true, "command_wall_clock_time": 1.1407356, "process_user_time": 2.288814, "process_kernel_time": 0.336357, "process_mem_max_rss": "108908544", "process_in_blocks": "0", "process_out_blocks": "0"}
[0m19:01:44.195145 [debug] [MainThread]: Command `dbt run` succeeded at 19:01:44.195002 after 1.14 seconds
[0m19:01:44.195739 [debug] [MainThread]: Sending event: {'category': 'dbt', 'action': 'invocation', 'label': 'end', 'context': [<snowplow_tracker.self_describing_json.SelfDescribingJson object at 0x109b6adc0>, <snowplow_tracker.self_describing_json.SelfDescribingJson object at 0x109d39130>, <snowplow_tracker.self_describing_json.SelfDescribingJson object at 0x10ab4ea90>]}
[0m19:01:44.196359 [debug] [MainThread]: Flushing usage events
[0m19:01:45.409178 [debug] [MainThread]: An error was encountered while trying to flush usage events
[0m19:11:24.801506 [debug] [MainThread]: Sending event: {'category': 'dbt', 'action': 'invocation', 'label': 'start', 'context': [<snowplow_tracker.self_describing_json.SelfDescribingJson object at 0x10fa4ce50>, <snowplow_tracker.self_describing_json.SelfDescribingJson object at 0x110797190>, <snowplow_tracker.self_describing_json.SelfDescribingJson object at 0x1107dbcd0>]}


============================== 19:11:24.807276 | 480d3f8a-d83d-4ff5-b7b4-9beaa0554cb8 ==============================
[0m19:11:24.807276 [info ] [MainThread]: Running with dbt=1.9.0-b2
[0m19:11:24.807982 [debug] [MainThread]: running dbt with arguments {'printer_width': '80', 'indirect_selection': 'eager', 'write_json': 'True', 'log_cache_events': 'False', 'partial_parse': 'True', 'cache_selected_only': 'False', 'profiles_dir': '/Users/charanlobo/.dbt', 'version_check': 'True', 'debug': 'False', 'log_path': '/Users/charanlobo/dbt_servicenow_project/logs', 'warn_error': 'None', 'fail_fast': 'False', 'use_colors': 'True', 'use_experimental_parser': 'False', 'no_print': 'None', 'quiet': 'False', 'empty': 'False', 'log_format': 'default', 'static_parser': 'True', 'invocation_command': 'dbt run --select check', 'introspect': 'True', 'target_path': 'None', 'warn_error_options': 'WarnErrorOptions(include=[], exclude=[])', 'send_anonymous_usage_stats': 'True'}
[0m19:11:25.042084 [debug] [MainThread]: Sending event: {'category': 'dbt', 'action': 'project_id', 'label': '480d3f8a-d83d-4ff5-b7b4-9beaa0554cb8', 'context': [<snowplow_tracker.self_describing_json.SelfDescribingJson object at 0x1109d9040>]}
[0m19:11:25.116949 [debug] [MainThread]: Sending event: {'category': 'dbt', 'action': 'adapter_info', 'label': '480d3f8a-d83d-4ff5-b7b4-9beaa0554cb8', 'context': [<snowplow_tracker.self_describing_json.SelfDescribingJson object at 0x1109cf910>]}
[0m19:11:25.118418 [info ] [MainThread]: Registered adapter: postgres=1.8.2
[0m19:11:25.139900 [debug] [MainThread]: checksum: 4cfbbe2a671212f062e88a43cba5322b30b7e3e8e91b953aa4de249eeaade60f, vars: {}, profile: , target: , version: 1.9.0b2
[0m19:11:25.348197 [debug] [MainThread]: Partial parsing enabled: 0 files deleted, 0 files added, 1 files changed.
[0m19:11:25.348946 [debug] [MainThread]: Partial parsing: updated file: servicenow_analytics://models/staging/check.sql
[0m19:11:25.746267 [debug] [MainThread]: Sending event: {'category': 'dbt', 'action': 'load_project', 'label': '480d3f8a-d83d-4ff5-b7b4-9beaa0554cb8', 'context': [<snowplow_tracker.self_describing_json.SelfDescribingJson object at 0x111549d30>]}
[0m19:11:25.884804 [debug] [MainThread]: Sending event: {'category': 'dbt', 'action': 'resource_counts', 'label': '480d3f8a-d83d-4ff5-b7b4-9beaa0554cb8', 'context': [<snowplow_tracker.self_describing_json.SelfDescribingJson object at 0x1116ba340>]}
[0m19:11:25.885504 [info ] [MainThread]: Found 6 models, 1 source, 423 macros
[0m19:11:25.885971 [debug] [MainThread]: Sending event: {'category': 'dbt', 'action': 'runnable_timing', 'label': '480d3f8a-d83d-4ff5-b7b4-9beaa0554cb8', 'context': [<snowplow_tracker.self_describing_json.SelfDescribingJson object at 0x110debbe0>]}
[0m19:11:25.887474 [info ] [MainThread]: 
[0m19:11:25.888306 [info ] [MainThread]: Concurrency: 4 threads (target='dev')
[0m19:11:25.888818 [info ] [MainThread]: 
[0m19:11:25.889456 [debug] [MainThread]: Acquiring new postgres connection 'master'
[0m19:11:25.890476 [debug] [ThreadPool]: Acquiring new postgres connection 'list_db'
[0m19:11:25.950359 [debug] [ThreadPool]: Using postgres connection "list_db"
[0m19:11:25.951116 [debug] [ThreadPool]: On list_db: /* {"app": "dbt", "dbt_version": "1.9.0b2", "profile_name": "servicenow_analytics", "target_name": "dev", "connection_name": "list_db"} */

    select distinct nspname from pg_namespace
  
[0m19:11:25.951838 [debug] [ThreadPool]: Opening a new connection, currently in state init
[0m19:11:25.989216 [debug] [ThreadPool]: SQL status: SELECT 6 in 0.037 seconds
[0m19:11:25.990699 [debug] [ThreadPool]: On list_db: Close
[0m19:11:25.996604 [debug] [ThreadPool]: Re-using an available connection from the pool (formerly list_db, now list_db_analytics_analytics)
[0m19:11:25.997385 [debug] [ThreadPool]: Acquiring new postgres connection 'list_db_analytics'
[0m19:11:26.057561 [debug] [ThreadPool]: Using postgres connection "list_db_analytics_analytics"
[0m19:11:26.059535 [debug] [ThreadPool]: Using postgres connection "list_db_analytics"
[0m19:11:26.059990 [debug] [ThreadPool]: On list_db_analytics_analytics: BEGIN
[0m19:11:26.060429 [debug] [ThreadPool]: On list_db_analytics: BEGIN
[0m19:11:26.060840 [debug] [ThreadPool]: Opening a new connection, currently in state closed
[0m19:11:26.061240 [debug] [ThreadPool]: Opening a new connection, currently in state init
[0m19:11:26.076966 [debug] [ThreadPool]: SQL status: BEGIN in 0.016 seconds
[0m19:11:26.077667 [debug] [ThreadPool]: Using postgres connection "list_db_analytics"
[0m19:11:26.078239 [debug] [ThreadPool]: On list_db_analytics: /* {"app": "dbt", "dbt_version": "1.9.0b2", "profile_name": "servicenow_analytics", "target_name": "dev", "connection_name": "list_db_analytics"} */
select
      'db' as database,
      tablename as name,
      schemaname as schema,
      'table' as type
    from pg_tables
    where schemaname ilike 'analytics'
    union all
    select
      'db' as database,
      viewname as name,
      schemaname as schema,
      'view' as type
    from pg_views
    where schemaname ilike 'analytics'
    union all
    select
      'db' as database,
      matviewname as name,
      schemaname as schema,
      'materialized_view' as type
    from pg_matviews
    where schemaname ilike 'analytics'
  
[0m19:11:26.079136 [debug] [ThreadPool]: SQL status: BEGIN in 0.018 seconds
[0m19:11:26.079741 [debug] [ThreadPool]: Using postgres connection "list_db_analytics_analytics"
[0m19:11:26.080221 [debug] [ThreadPool]: On list_db_analytics_analytics: /* {"app": "dbt", "dbt_version": "1.9.0b2", "profile_name": "servicenow_analytics", "target_name": "dev", "connection_name": "list_db_analytics_analytics"} */
select
      'db' as database,
      tablename as name,
      schemaname as schema,
      'table' as type
    from pg_tables
    where schemaname ilike 'analytics_analytics'
    union all
    select
      'db' as database,
      viewname as name,
      schemaname as schema,
      'view' as type
    from pg_views
    where schemaname ilike 'analytics_analytics'
    union all
    select
      'db' as database,
      matviewname as name,
      schemaname as schema,
      'materialized_view' as type
    from pg_matviews
    where schemaname ilike 'analytics_analytics'
  
[0m19:11:26.087596 [debug] [ThreadPool]: SQL status: SELECT 2 in 0.007 seconds
[0m19:11:26.088119 [debug] [ThreadPool]: SQL status: SELECT 4 in 0.009 seconds
[0m19:11:26.089852 [debug] [ThreadPool]: On list_db_analytics_analytics: ROLLBACK
[0m19:11:26.091501 [debug] [ThreadPool]: On list_db_analytics: ROLLBACK
[0m19:11:26.092275 [debug] [ThreadPool]: On list_db_analytics_analytics: Close
[0m19:11:26.092804 [debug] [ThreadPool]: On list_db_analytics: Close
[0m19:11:26.100928 [debug] [MainThread]: Using postgres connection "master"
[0m19:11:26.101383 [debug] [MainThread]: On master: BEGIN
[0m19:11:26.101740 [debug] [MainThread]: Opening a new connection, currently in state init
[0m19:11:26.113984 [debug] [MainThread]: SQL status: BEGIN in 0.012 seconds
[0m19:11:26.114436 [debug] [MainThread]: Using postgres connection "master"
[0m19:11:26.114909 [debug] [MainThread]: On master: /* {"app": "dbt", "dbt_version": "1.9.0b2", "profile_name": "servicenow_analytics", "target_name": "dev", "connection_name": "master"} */
with relation as (
        select
            pg_rewrite.ev_class as class,
            pg_rewrite.oid as id
        from pg_rewrite
    ),
    class as (
        select
            oid as id,
            relname as name,
            relnamespace as schema,
            relkind as kind
        from pg_class
    ),
    dependency as (
        select distinct
            pg_depend.objid as id,
            pg_depend.refobjid as ref
        from pg_depend
    ),
    schema as (
        select
            pg_namespace.oid as id,
            pg_namespace.nspname as name
        from pg_namespace
        where nspname != 'information_schema' and nspname not like 'pg\_%'
    ),
    referenced as (
        select
            relation.id AS id,
            referenced_class.name ,
            referenced_class.schema ,
            referenced_class.kind
        from relation
        join class as referenced_class on relation.class=referenced_class.id
        where referenced_class.kind in ('r', 'v', 'm')
    ),
    relationships as (
        select
            referenced.name as referenced_name,
            referenced.schema as referenced_schema_id,
            dependent_class.name as dependent_name,
            dependent_class.schema as dependent_schema_id,
            referenced.kind as kind
        from referenced
        join dependency on referenced.id=dependency.id
        join class as dependent_class on dependency.ref=dependent_class.id
        where
            (referenced.name != dependent_class.name or
             referenced.schema != dependent_class.schema)
    )

    select
        referenced_schema.name as referenced_schema,
        relationships.referenced_name as referenced_name,
        dependent_schema.name as dependent_schema,
        relationships.dependent_name as dependent_name
    from relationships
    join schema as dependent_schema on relationships.dependent_schema_id=dependent_schema.id
    join schema as referenced_schema on relationships.referenced_schema_id=referenced_schema.id
    group by referenced_schema, referenced_name, dependent_schema, dependent_name
    order by referenced_schema, referenced_name, dependent_schema, dependent_name;
[0m19:11:26.121544 [debug] [MainThread]: SQL status: SELECT 0 in 0.006 seconds
[0m19:11:26.123532 [debug] [MainThread]: Sending event: {'category': 'dbt', 'action': 'runnable_timing', 'label': '480d3f8a-d83d-4ff5-b7b4-9beaa0554cb8', 'context': [<snowplow_tracker.self_describing_json.SelfDescribingJson object at 0x111677640>]}
[0m19:11:26.124475 [debug] [MainThread]: On master: ROLLBACK
[0m19:11:26.125323 [debug] [MainThread]: Using postgres connection "master"
[0m19:11:26.126059 [debug] [MainThread]: On master: BEGIN
[0m19:11:26.126942 [debug] [MainThread]: SQL status: BEGIN in 0.000 seconds
[0m19:11:26.127603 [debug] [MainThread]: On master: COMMIT
[0m19:11:26.128329 [debug] [MainThread]: Using postgres connection "master"
[0m19:11:26.128784 [debug] [MainThread]: On master: COMMIT
[0m19:11:26.129547 [debug] [MainThread]: SQL status: COMMIT in 0.000 seconds
[0m19:11:26.130190 [debug] [MainThread]: On master: Close
[0m19:11:26.134201 [debug] [Thread-1  ]: Began running node model.servicenow_analytics.check
[0m19:11:26.135246 [info ] [Thread-1  ]: 1 of 1 START sql table model analytics.check ................................... [RUN]
[0m19:11:26.136181 [debug] [Thread-1  ]: Re-using an available connection from the pool (formerly list_db_analytics_analytics, now model.servicenow_analytics.check)
[0m19:11:26.136844 [debug] [Thread-1  ]: Began compiling node model.servicenow_analytics.check
[0m19:11:26.146401 [debug] [Thread-1  ]: Writing injected SQL for node "model.servicenow_analytics.check"
[0m19:11:26.147790 [debug] [Thread-1  ]: Began executing node model.servicenow_analytics.check
[0m19:11:26.200438 [debug] [Thread-1  ]: Writing runtime sql for node "model.servicenow_analytics.check"
[0m19:11:26.202234 [debug] [Thread-1  ]: Using postgres connection "model.servicenow_analytics.check"
[0m19:11:26.203053 [debug] [Thread-1  ]: On model.servicenow_analytics.check: BEGIN
[0m19:11:26.203923 [debug] [Thread-1  ]: Opening a new connection, currently in state closed
[0m19:11:26.225553 [debug] [Thread-1  ]: SQL status: BEGIN in 0.022 seconds
[0m19:11:26.226402 [debug] [Thread-1  ]: Using postgres connection "model.servicenow_analytics.check"
[0m19:11:26.227233 [debug] [Thread-1  ]: On model.servicenow_analytics.check: /* {"app": "dbt", "dbt_version": "1.9.0b2", "profile_name": "servicenow_analytics", "target_name": "dev", "node_id": "model.servicenow_analytics.check"} */

  
    

  create  table "db"."analytics"."check__dbt_tmp"
  
  
    as
  
  (
    

-- Simple ticket count by category
SELECT
   inc_category, COUNT(*) AS ticket_count
FROM 
    "db"."public"."servicenow_tickets_raw"
GROUP BY 
    inc_category
ORDER BY 
    ticket_count DESC
  );
  
[0m19:11:26.254350 [debug] [Thread-1  ]: SQL status: SELECT 9 in 0.026 seconds
[0m19:11:26.262946 [debug] [Thread-1  ]: Using postgres connection "model.servicenow_analytics.check"
[0m19:11:26.263493 [debug] [Thread-1  ]: On model.servicenow_analytics.check: /* {"app": "dbt", "dbt_version": "1.9.0b2", "profile_name": "servicenow_analytics", "target_name": "dev", "node_id": "model.servicenow_analytics.check"} */
alter table "db"."analytics"."check__dbt_tmp" rename to "check"
[0m19:11:26.264622 [debug] [Thread-1  ]: SQL status: ALTER TABLE in 0.001 seconds
[0m19:11:26.294440 [debug] [Thread-1  ]: On model.servicenow_analytics.check: COMMIT
[0m19:11:26.295115 [debug] [Thread-1  ]: Using postgres connection "model.servicenow_analytics.check"
[0m19:11:26.295822 [debug] [Thread-1  ]: On model.servicenow_analytics.check: COMMIT
[0m19:11:26.297726 [debug] [Thread-1  ]: SQL status: COMMIT in 0.001 seconds
[0m19:11:26.307226 [debug] [Thread-1  ]: Applying DROP to: "db"."analytics"."check__dbt_backup"
[0m19:11:26.314638 [debug] [Thread-1  ]: Using postgres connection "model.servicenow_analytics.check"
[0m19:11:26.315414 [debug] [Thread-1  ]: On model.servicenow_analytics.check: /* {"app": "dbt", "dbt_version": "1.9.0b2", "profile_name": "servicenow_analytics", "target_name": "dev", "node_id": "model.servicenow_analytics.check"} */
drop table if exists "db"."analytics"."check__dbt_backup" cascade
[0m19:11:26.316418 [debug] [Thread-1  ]: SQL status: DROP TABLE in 0.000 seconds
[0m19:11:26.319306 [debug] [Thread-1  ]: On model.servicenow_analytics.check: Close
[0m19:11:26.321342 [debug] [Thread-1  ]: Sending event: {'category': 'dbt', 'action': 'run_model', 'label': '480d3f8a-d83d-4ff5-b7b4-9beaa0554cb8', 'context': [<snowplow_tracker.self_describing_json.SelfDescribingJson object at 0x1109d9460>]}
[0m19:11:26.322189 [info ] [Thread-1  ]: 1 of 1 OK created sql table model analytics.check .............................. [[32mSELECT 9[0m in 0.18s]
[0m19:11:26.323281 [debug] [Thread-1  ]: Finished running node model.servicenow_analytics.check
[0m19:11:26.325002 [debug] [MainThread]: Using postgres connection "master"
[0m19:11:26.325454 [debug] [MainThread]: On master: BEGIN
[0m19:11:26.325819 [debug] [MainThread]: Opening a new connection, currently in state closed
[0m19:11:26.339152 [debug] [MainThread]: SQL status: BEGIN in 0.013 seconds
[0m19:11:26.339632 [debug] [MainThread]: On master: COMMIT
[0m19:11:26.340012 [debug] [MainThread]: Using postgres connection "master"
[0m19:11:26.340369 [debug] [MainThread]: On master: COMMIT
[0m19:11:26.340858 [debug] [MainThread]: SQL status: COMMIT in 0.000 seconds
[0m19:11:26.341248 [debug] [MainThread]: On master: Close
[0m19:11:26.341754 [debug] [MainThread]: Connection 'master' was properly closed.
[0m19:11:26.342118 [debug] [MainThread]: Connection 'model.servicenow_analytics.check' was properly closed.
[0m19:11:26.342456 [debug] [MainThread]: Connection 'list_db_analytics' was properly closed.
[0m19:11:26.342842 [info ] [MainThread]: 
[0m19:11:26.343308 [info ] [MainThread]: Finished running 1 table model in 0 hours 0 minutes and 0.45 seconds (0.45s).
[0m19:11:26.344130 [debug] [MainThread]: Command end result
[0m19:11:26.378505 [info ] [MainThread]: 
[0m19:11:26.379295 [info ] [MainThread]: [32mCompleted successfully[0m
[0m19:11:26.379906 [info ] [MainThread]: 
[0m19:11:26.380420 [info ] [MainThread]: Done. PASS=1 WARN=0 ERROR=0 SKIP=0 TOTAL=1
[0m19:11:26.382682 [debug] [MainThread]: Resource report: {"command_name": "run", "command_success": true, "command_wall_clock_time": 1.663626, "process_user_time": 2.824231, "process_kernel_time": 0.384739, "process_mem_max_rss": "113152000", "process_in_blocks": "0", "process_out_blocks": "0"}
[0m19:11:26.383479 [debug] [MainThread]: Command `dbt run` succeeded at 19:11:26.383281 after 1.66 seconds
[0m19:11:26.384002 [debug] [MainThread]: Sending event: {'category': 'dbt', 'action': 'invocation', 'label': 'end', 'context': [<snowplow_tracker.self_describing_json.SelfDescribingJson object at 0x10fa4ce50>, <snowplow_tracker.self_describing_json.SelfDescribingJson object at 0x1119ce820>, <snowplow_tracker.self_describing_json.SelfDescribingJson object at 0x1119ce970>]}
[0m19:11:26.384651 [debug] [MainThread]: Flushing usage events
[0m19:11:27.439282 [debug] [MainThread]: An error was encountered while trying to flush usage events
[0m19:13:20.772245 [debug] [MainThread]: Sending event: {'category': 'dbt', 'action': 'invocation', 'label': 'start', 'context': [<snowplow_tracker.self_describing_json.SelfDescribingJson object at 0x111fdce20>, <snowplow_tracker.self_describing_json.SelfDescribingJson object at 0x112bcf8b0>, <snowplow_tracker.self_describing_json.SelfDescribingJson object at 0x112d7ad60>]}


============================== 19:13:20.777792 | f82b2339-10dd-4e64-8920-5132f10e43a5 ==============================
[0m19:13:20.777792 [info ] [MainThread]: Running with dbt=1.9.0-b2
[0m19:13:20.778475 [debug] [MainThread]: running dbt with arguments {'printer_width': '80', 'indirect_selection': 'eager', 'write_json': 'True', 'log_cache_events': 'False', 'partial_parse': 'True', 'cache_selected_only': 'False', 'profiles_dir': '/Users/charanlobo/.dbt', 'fail_fast': 'False', 'version_check': 'True', 'log_path': '/Users/charanlobo/dbt_servicenow_project/logs', 'warn_error': 'None', 'debug': 'False', 'use_colors': 'True', 'use_experimental_parser': 'False', 'empty': 'False', 'quiet': 'False', 'no_print': 'None', 'log_format': 'default', 'introspect': 'True', 'static_parser': 'True', 'invocation_command': 'dbt run --select servicenow_tickets_cleaned', 'target_path': 'None', 'warn_error_options': 'WarnErrorOptions(include=[], exclude=[])', 'send_anonymous_usage_stats': 'True'}
[0m19:13:21.007500 [debug] [MainThread]: Sending event: {'category': 'dbt', 'action': 'project_id', 'label': 'f82b2339-10dd-4e64-8920-5132f10e43a5', 'context': [<snowplow_tracker.self_describing_json.SelfDescribingJson object at 0x112d562b0>]}
[0m19:13:21.085677 [debug] [MainThread]: Sending event: {'category': 'dbt', 'action': 'adapter_info', 'label': 'f82b2339-10dd-4e64-8920-5132f10e43a5', 'context': [<snowplow_tracker.self_describing_json.SelfDescribingJson object at 0x112f5fb80>]}
[0m19:13:21.087053 [info ] [MainThread]: Registered adapter: postgres=1.8.2
[0m19:13:21.108597 [debug] [MainThread]: checksum: 4cfbbe2a671212f062e88a43cba5322b30b7e3e8e91b953aa4de249eeaade60f, vars: {}, profile: , target: , version: 1.9.0b2
[0m19:13:21.285068 [debug] [MainThread]: Partial parsing enabled: 0 files deleted, 0 files added, 1 files changed.
[0m19:13:21.285896 [debug] [MainThread]: Partial parsing: updated file: servicenow_analytics://models/staging/servicenow_tickets_cleaned.sql
[0m19:13:21.678959 [debug] [MainThread]: Sending event: {'category': 'dbt', 'action': 'load_project', 'label': 'f82b2339-10dd-4e64-8920-5132f10e43a5', 'context': [<snowplow_tracker.self_describing_json.SelfDescribingJson object at 0x113ad3d00>]}
[0m19:13:21.814063 [debug] [MainThread]: Sending event: {'category': 'dbt', 'action': 'resource_counts', 'label': 'f82b2339-10dd-4e64-8920-5132f10e43a5', 'context': [<snowplow_tracker.self_describing_json.SelfDescribingJson object at 0x113c45310>]}
[0m19:13:21.814717 [info ] [MainThread]: Found 6 models, 1 source, 423 macros
[0m19:13:21.815150 [debug] [MainThread]: Sending event: {'category': 'dbt', 'action': 'runnable_timing', 'label': 'f82b2339-10dd-4e64-8920-5132f10e43a5', 'context': [<snowplow_tracker.self_describing_json.SelfDescribingJson object at 0x1132f6cd0>]}
[0m19:13:21.816506 [info ] [MainThread]: 
[0m19:13:21.817022 [info ] [MainThread]: Concurrency: 4 threads (target='dev')
[0m19:13:21.817533 [info ] [MainThread]: 
[0m19:13:21.818173 [debug] [MainThread]: Acquiring new postgres connection 'master'
[0m19:13:21.819265 [debug] [ThreadPool]: Acquiring new postgres connection 'list_db'
[0m19:13:21.871486 [debug] [ThreadPool]: Using postgres connection "list_db"
[0m19:13:21.872063 [debug] [ThreadPool]: On list_db: /* {"app": "dbt", "dbt_version": "1.9.0b2", "profile_name": "servicenow_analytics", "target_name": "dev", "connection_name": "list_db"} */

    select distinct nspname from pg_namespace
  
[0m19:13:21.872572 [debug] [ThreadPool]: Opening a new connection, currently in state init
[0m19:13:21.902622 [debug] [ThreadPool]: SQL status: SELECT 6 in 0.030 seconds
[0m19:13:21.904160 [debug] [ThreadPool]: On list_db: Close
[0m19:13:21.909591 [debug] [ThreadPool]: Re-using an available connection from the pool (formerly list_db, now list_db_analytics)
[0m19:13:21.966680 [debug] [ThreadPool]: Using postgres connection "list_db_analytics"
[0m19:13:21.967284 [debug] [ThreadPool]: On list_db_analytics: BEGIN
[0m19:13:21.967758 [debug] [ThreadPool]: Opening a new connection, currently in state closed
[0m19:13:21.981605 [debug] [ThreadPool]: SQL status: BEGIN in 0.014 seconds
[0m19:13:21.982115 [debug] [ThreadPool]: Using postgres connection "list_db_analytics"
[0m19:13:21.982552 [debug] [ThreadPool]: On list_db_analytics: /* {"app": "dbt", "dbt_version": "1.9.0b2", "profile_name": "servicenow_analytics", "target_name": "dev", "connection_name": "list_db_analytics"} */
select
      'db' as database,
      tablename as name,
      schemaname as schema,
      'table' as type
    from pg_tables
    where schemaname ilike 'analytics'
    union all
    select
      'db' as database,
      viewname as name,
      schemaname as schema,
      'view' as type
    from pg_views
    where schemaname ilike 'analytics'
    union all
    select
      'db' as database,
      matviewname as name,
      schemaname as schema,
      'materialized_view' as type
    from pg_matviews
    where schemaname ilike 'analytics'
  
[0m19:13:21.987485 [debug] [ThreadPool]: SQL status: SELECT 5 in 0.004 seconds
[0m19:13:21.989053 [debug] [ThreadPool]: On list_db_analytics: ROLLBACK
[0m19:13:21.989816 [debug] [ThreadPool]: On list_db_analytics: Close
[0m19:13:21.998030 [debug] [MainThread]: Using postgres connection "master"
[0m19:13:21.998577 [debug] [MainThread]: On master: BEGIN
[0m19:13:21.999002 [debug] [MainThread]: Opening a new connection, currently in state init
[0m19:13:22.013142 [debug] [MainThread]: SQL status: BEGIN in 0.014 seconds
[0m19:13:22.013631 [debug] [MainThread]: Using postgres connection "master"
[0m19:13:22.014129 [debug] [MainThread]: On master: /* {"app": "dbt", "dbt_version": "1.9.0b2", "profile_name": "servicenow_analytics", "target_name": "dev", "connection_name": "master"} */
with relation as (
        select
            pg_rewrite.ev_class as class,
            pg_rewrite.oid as id
        from pg_rewrite
    ),
    class as (
        select
            oid as id,
            relname as name,
            relnamespace as schema,
            relkind as kind
        from pg_class
    ),
    dependency as (
        select distinct
            pg_depend.objid as id,
            pg_depend.refobjid as ref
        from pg_depend
    ),
    schema as (
        select
            pg_namespace.oid as id,
            pg_namespace.nspname as name
        from pg_namespace
        where nspname != 'information_schema' and nspname not like 'pg\_%'
    ),
    referenced as (
        select
            relation.id AS id,
            referenced_class.name ,
            referenced_class.schema ,
            referenced_class.kind
        from relation
        join class as referenced_class on relation.class=referenced_class.id
        where referenced_class.kind in ('r', 'v', 'm')
    ),
    relationships as (
        select
            referenced.name as referenced_name,
            referenced.schema as referenced_schema_id,
            dependent_class.name as dependent_name,
            dependent_class.schema as dependent_schema_id,
            referenced.kind as kind
        from referenced
        join dependency on referenced.id=dependency.id
        join class as dependent_class on dependency.ref=dependent_class.id
        where
            (referenced.name != dependent_class.name or
             referenced.schema != dependent_class.schema)
    )

    select
        referenced_schema.name as referenced_schema,
        relationships.referenced_name as referenced_name,
        dependent_schema.name as dependent_schema,
        relationships.dependent_name as dependent_name
    from relationships
    join schema as dependent_schema on relationships.dependent_schema_id=dependent_schema.id
    join schema as referenced_schema on relationships.referenced_schema_id=referenced_schema.id
    group by referenced_schema, referenced_name, dependent_schema, dependent_name
    order by referenced_schema, referenced_name, dependent_schema, dependent_name;
[0m19:13:22.019805 [debug] [MainThread]: SQL status: SELECT 0 in 0.005 seconds
[0m19:13:22.021589 [debug] [MainThread]: Sending event: {'category': 'dbt', 'action': 'runnable_timing', 'label': 'f82b2339-10dd-4e64-8920-5132f10e43a5', 'context': [<snowplow_tracker.self_describing_json.SelfDescribingJson object at 0x113c09610>]}
[0m19:13:22.022336 [debug] [MainThread]: On master: ROLLBACK
[0m19:13:22.023161 [debug] [MainThread]: Using postgres connection "master"
[0m19:13:22.023697 [debug] [MainThread]: On master: BEGIN
[0m19:13:22.024574 [debug] [MainThread]: SQL status: BEGIN in 0.000 seconds
[0m19:13:22.025291 [debug] [MainThread]: On master: COMMIT
[0m19:13:22.025965 [debug] [MainThread]: Using postgres connection "master"
[0m19:13:22.026616 [debug] [MainThread]: On master: COMMIT
[0m19:13:22.027477 [debug] [MainThread]: SQL status: COMMIT in 0.000 seconds
[0m19:13:22.028031 [debug] [MainThread]: On master: Close
[0m19:13:22.031610 [debug] [Thread-1  ]: Began running node model.servicenow_analytics.servicenow_tickets_cleaned
[0m19:13:22.032556 [info ] [Thread-1  ]: 1 of 1 START sql table model analytics.servicenow_tickets_cleaned .............. [RUN]
[0m19:13:22.033338 [debug] [Thread-1  ]: Re-using an available connection from the pool (formerly list_db_analytics, now model.servicenow_analytics.servicenow_tickets_cleaned)
[0m19:13:22.034167 [debug] [Thread-1  ]: Began compiling node model.servicenow_analytics.servicenow_tickets_cleaned
[0m19:13:22.047503 [debug] [Thread-1  ]: Writing injected SQL for node "model.servicenow_analytics.servicenow_tickets_cleaned"
[0m19:13:22.049341 [debug] [Thread-1  ]: Began executing node model.servicenow_analytics.servicenow_tickets_cleaned
[0m19:13:22.097452 [debug] [Thread-1  ]: Writing runtime sql for node "model.servicenow_analytics.servicenow_tickets_cleaned"
[0m19:13:22.098394 [debug] [Thread-1  ]: Using postgres connection "model.servicenow_analytics.servicenow_tickets_cleaned"
[0m19:13:22.098849 [debug] [Thread-1  ]: On model.servicenow_analytics.servicenow_tickets_cleaned: BEGIN
[0m19:13:22.099258 [debug] [Thread-1  ]: Opening a new connection, currently in state closed
[0m19:13:22.113407 [debug] [Thread-1  ]: SQL status: BEGIN in 0.014 seconds
[0m19:13:22.114086 [debug] [Thread-1  ]: Using postgres connection "model.servicenow_analytics.servicenow_tickets_cleaned"
[0m19:13:22.114665 [debug] [Thread-1  ]: On model.servicenow_analytics.servicenow_tickets_cleaned: /* {"app": "dbt", "dbt_version": "1.9.0b2", "profile_name": "servicenow_analytics", "target_name": "dev", "node_id": "model.servicenow_analytics.servicenow_tickets_cleaned"} */

  
    

  create  table "db"."analytics"."servicenow_tickets_cleaned__dbt_tmp"
  
  
    as
  
  (
    

WITH cleaned AS (
    SELECT DISTINCT
        inc_number AS ticket_id,
        inc_category AS category,
        inc_priority AS priority,
        inc_sys_created_on AS created_date,
        inc_resolved_at AS resolved_date,
        inc_assignment_group AS assigned_group,
        inc_state AS status,
        inc_assigned_to AS technician,
        inc_close_code AS close_code,
        inc_close_notes AS close_notes
    FROM "db"."public"."servicenow_tickets_raw"
    WHERE inc_sys_created_on IS NOT NULL
        AND inc_resolved_at IS NOT NULL
        AND inc_number IS NOT NULL
)

SELECT * FROM cleaned
  );
  
[0m19:13:22.147699 [debug] [Thread-1  ]: SQL status: SELECT 4805 in 0.032 seconds
[0m19:13:22.156001 [debug] [Thread-1  ]: Using postgres connection "model.servicenow_analytics.servicenow_tickets_cleaned"
[0m19:13:22.156639 [debug] [Thread-1  ]: On model.servicenow_analytics.servicenow_tickets_cleaned: /* {"app": "dbt", "dbt_version": "1.9.0b2", "profile_name": "servicenow_analytics", "target_name": "dev", "node_id": "model.servicenow_analytics.servicenow_tickets_cleaned"} */
alter table "db"."analytics"."servicenow_tickets_cleaned__dbt_tmp" rename to "servicenow_tickets_cleaned"
[0m19:13:22.157675 [debug] [Thread-1  ]: SQL status: ALTER TABLE in 0.001 seconds
[0m19:13:22.179799 [debug] [Thread-1  ]: On model.servicenow_analytics.servicenow_tickets_cleaned: COMMIT
[0m19:13:22.180362 [debug] [Thread-1  ]: Using postgres connection "model.servicenow_analytics.servicenow_tickets_cleaned"
[0m19:13:22.180823 [debug] [Thread-1  ]: On model.servicenow_analytics.servicenow_tickets_cleaned: COMMIT
[0m19:13:22.183282 [debug] [Thread-1  ]: SQL status: COMMIT in 0.002 seconds
[0m19:13:22.191978 [debug] [Thread-1  ]: Applying DROP to: "db"."analytics"."servicenow_tickets_cleaned__dbt_backup"
[0m19:13:22.200375 [debug] [Thread-1  ]: Using postgres connection "model.servicenow_analytics.servicenow_tickets_cleaned"
[0m19:13:22.201433 [debug] [Thread-1  ]: On model.servicenow_analytics.servicenow_tickets_cleaned: /* {"app": "dbt", "dbt_version": "1.9.0b2", "profile_name": "servicenow_analytics", "target_name": "dev", "node_id": "model.servicenow_analytics.servicenow_tickets_cleaned"} */
drop table if exists "db"."analytics"."servicenow_tickets_cleaned__dbt_backup" cascade
[0m19:13:22.202484 [debug] [Thread-1  ]: SQL status: DROP TABLE in 0.000 seconds
[0m19:13:22.205519 [debug] [Thread-1  ]: On model.servicenow_analytics.servicenow_tickets_cleaned: Close
[0m19:13:22.207973 [debug] [Thread-1  ]: Sending event: {'category': 'dbt', 'action': 'run_model', 'label': 'f82b2339-10dd-4e64-8920-5132f10e43a5', 'context': [<snowplow_tracker.self_describing_json.SelfDescribingJson object at 0x1134d7ca0>]}
[0m19:13:22.210476 [info ] [Thread-1  ]: 1 of 1 OK created sql table model analytics.servicenow_tickets_cleaned ......... [[32mSELECT 4805[0m in 0.17s]
[0m19:13:22.212352 [debug] [Thread-1  ]: Finished running node model.servicenow_analytics.servicenow_tickets_cleaned
[0m19:13:22.214101 [debug] [MainThread]: Using postgres connection "master"
[0m19:13:22.214551 [debug] [MainThread]: On master: BEGIN
[0m19:13:22.214907 [debug] [MainThread]: Opening a new connection, currently in state closed
[0m19:13:22.227370 [debug] [MainThread]: SQL status: BEGIN in 0.012 seconds
[0m19:13:22.227858 [debug] [MainThread]: On master: COMMIT
[0m19:13:22.228266 [debug] [MainThread]: Using postgres connection "master"
[0m19:13:22.228789 [debug] [MainThread]: On master: COMMIT
[0m19:13:22.229368 [debug] [MainThread]: SQL status: COMMIT in 0.000 seconds
[0m19:13:22.230319 [debug] [MainThread]: On master: Close
[0m19:13:22.230871 [debug] [MainThread]: Connection 'master' was properly closed.
[0m19:13:22.231260 [debug] [MainThread]: Connection 'model.servicenow_analytics.servicenow_tickets_cleaned' was properly closed.
[0m19:13:22.231663 [info ] [MainThread]: 
[0m19:13:22.232362 [info ] [MainThread]: Finished running 1 table model in 0 hours 0 minutes and 0.41 seconds (0.41s).
[0m19:13:22.233327 [debug] [MainThread]: Command end result
[0m19:13:22.269446 [info ] [MainThread]: 
[0m19:13:22.270221 [info ] [MainThread]: [32mCompleted successfully[0m
[0m19:13:22.270708 [info ] [MainThread]: 
[0m19:13:22.271154 [info ] [MainThread]: Done. PASS=1 WARN=0 ERROR=0 SKIP=0 TOTAL=1
[0m19:13:22.273301 [debug] [MainThread]: Resource report: {"command_name": "run", "command_success": true, "command_wall_clock_time": 1.5860254, "process_user_time": 2.744736, "process_kernel_time": 0.391278, "process_mem_max_rss": "113360896", "process_in_blocks": "0", "process_out_blocks": "0"}
[0m19:13:22.274031 [debug] [MainThread]: Command `dbt run` succeeded at 19:13:22.273880 after 1.59 seconds
[0m19:13:22.274588 [debug] [MainThread]: Sending event: {'category': 'dbt', 'action': 'invocation', 'label': 'end', 'context': [<snowplow_tracker.self_describing_json.SelfDescribingJson object at 0x111fdce20>, <snowplow_tracker.self_describing_json.SelfDescribingJson object at 0x112f5fb80>, <snowplow_tracker.self_describing_json.SelfDescribingJson object at 0x11350c070>]}
[0m19:13:22.275161 [debug] [MainThread]: Flushing usage events
[0m19:13:23.292639 [debug] [MainThread]: An error was encountered while trying to flush usage events
[0m19:22:36.523238 [debug] [MainThread]: Sending event: {'category': 'dbt', 'action': 'invocation', 'label': 'start', 'context': [<snowplow_tracker.self_describing_json.SelfDescribingJson object at 0x1053d4d90>, <snowplow_tracker.self_describing_json.SelfDescribingJson object at 0x106143730>, <snowplow_tracker.self_describing_json.SelfDescribingJson object at 0x106172f70>]}


============================== 19:22:36.529145 | 1306f9a2-2389-4fb6-a7de-c55fa4e45d65 ==============================
[0m19:22:36.529145 [info ] [MainThread]: Running with dbt=1.9.0-b2
[0m19:22:36.529829 [debug] [MainThread]: running dbt with arguments {'printer_width': '80', 'indirect_selection': 'eager', 'write_json': 'True', 'log_cache_events': 'False', 'partial_parse': 'True', 'cache_selected_only': 'False', 'profiles_dir': '/Users/charanlobo/.dbt', 'debug': 'False', 'version_check': 'True', 'log_path': '/Users/charanlobo/dbt_servicenow_project/logs', 'fail_fast': 'False', 'warn_error': 'None', 'use_colors': 'True', 'use_experimental_parser': 'False', 'empty': 'False', 'quiet': 'False', 'no_print': 'None', 'log_format': 'default', 'static_parser': 'True', 'introspect': 'True', 'invocation_command': 'dbt run --select category_wise_tickets', 'target_path': 'None', 'warn_error_options': 'WarnErrorOptions(include=[], exclude=[])', 'send_anonymous_usage_stats': 'True'}
[0m19:22:36.754327 [debug] [MainThread]: Sending event: {'category': 'dbt', 'action': 'project_id', 'label': '1306f9a2-2389-4fb6-a7de-c55fa4e45d65', 'context': [<snowplow_tracker.self_describing_json.SelfDescribingJson object at 0x106347be0>]}
[0m19:22:36.821521 [debug] [MainThread]: Sending event: {'category': 'dbt', 'action': 'adapter_info', 'label': '1306f9a2-2389-4fb6-a7de-c55fa4e45d65', 'context': [<snowplow_tracker.self_describing_json.SelfDescribingJson object at 0x105b4de80>]}
[0m19:22:36.822978 [info ] [MainThread]: Registered adapter: postgres=1.8.2
[0m19:22:36.844412 [debug] [MainThread]: checksum: 4cfbbe2a671212f062e88a43cba5322b30b7e3e8e91b953aa4de249eeaade60f, vars: {}, profile: , target: , version: 1.9.0b2
[0m19:22:37.038567 [debug] [MainThread]: Partial parsing enabled: 0 files deleted, 2 files added, 1 files changed.
[0m19:22:37.039344 [debug] [MainThread]: Partial parsing: added file: servicenow_analytics://models/check.sql
[0m19:22:37.039923 [debug] [MainThread]: Partial parsing: added file: servicenow_analytics://models/staging/category_wise_tickets.sql
[0m19:22:37.040991 [debug] [MainThread]: Partial parsing: updated file: servicenow_analytics://models/sources.yml
[0m19:22:37.258264 [error] [MainThread]: Encountered an error:
Compilation Error
  dbt found two models with the name "check".
  
  Since these resources have the same name, dbt will be unable to find the correct resource
  when looking for ref("check").
  
  To fix this, change the name of one of these resources:
  - model.servicenow_analytics.check (models/staging/check.sql)
  - model.servicenow_analytics.check (models/check.sql)
[0m19:22:37.261264 [debug] [MainThread]: Resource report: {"command_name": "run", "command_wall_clock_time": 0.8171031, "process_user_time": 2.034284, "process_kernel_time": 0.309007, "process_mem_max_rss": "102006784", "command_success": false, "process_in_blocks": "0", "process_out_blocks": "0"}
[0m19:22:37.262104 [debug] [MainThread]: Command `dbt run` failed at 19:22:37.261956 after 0.82 seconds
[0m19:22:37.262664 [debug] [MainThread]: Sending event: {'category': 'dbt', 'action': 'invocation', 'label': 'end', 'context': [<snowplow_tracker.self_describing_json.SelfDescribingJson object at 0x1053d4d90>, <snowplow_tracker.self_describing_json.SelfDescribingJson object at 0x106eb07c0>, <snowplow_tracker.self_describing_json.SelfDescribingJson object at 0x106eb0ca0>]}
[0m19:22:37.263222 [debug] [MainThread]: Flushing usage events
[0m19:22:38.339961 [debug] [MainThread]: An error was encountered while trying to flush usage events
[0m19:24:44.149267 [debug] [MainThread]: Sending event: {'category': 'dbt', 'action': 'invocation', 'label': 'start', 'context': [<snowplow_tracker.self_describing_json.SelfDescribingJson object at 0x11220cdf0>, <snowplow_tracker.self_describing_json.SelfDescribingJson object at 0x112f3f760>, <snowplow_tracker.self_describing_json.SelfDescribingJson object at 0x112fa2520>]}


============================== 19:24:44.156575 | c15a5c6a-6c27-4e99-be63-c8051c9cd18e ==============================
[0m19:24:44.156575 [info ] [MainThread]: Running with dbt=1.9.0-b2
[0m19:24:44.157503 [debug] [MainThread]: running dbt with arguments {'printer_width': '80', 'indirect_selection': 'eager', 'write_json': 'True', 'log_cache_events': 'False', 'partial_parse': 'True', 'cache_selected_only': 'False', 'profiles_dir': '/Users/charanlobo/.dbt', 'version_check': 'True', 'warn_error': 'None', 'log_path': '/Users/charanlobo/dbt_servicenow_project/logs', 'fail_fast': 'False', 'debug': 'False', 'use_colors': 'True', 'use_experimental_parser': 'False', 'no_print': 'None', 'quiet': 'False', 'empty': 'False', 'log_format': 'default', 'invocation_command': 'dbt run --select category_wise_tickets', 'introspect': 'True', 'static_parser': 'True', 'target_path': 'None', 'warn_error_options': 'WarnErrorOptions(include=[], exclude=[])', 'send_anonymous_usage_stats': 'True'}
[0m19:24:44.425316 [debug] [MainThread]: Sending event: {'category': 'dbt', 'action': 'project_id', 'label': 'c15a5c6a-6c27-4e99-be63-c8051c9cd18e', 'context': [<snowplow_tracker.self_describing_json.SelfDescribingJson object at 0x1131ab790>]}
[0m19:24:44.494802 [debug] [MainThread]: Sending event: {'category': 'dbt', 'action': 'adapter_info', 'label': 'c15a5c6a-6c27-4e99-be63-c8051c9cd18e', 'context': [<snowplow_tracker.self_describing_json.SelfDescribingJson object at 0x1132fab50>]}
[0m19:24:44.496734 [info ] [MainThread]: Registered adapter: postgres=1.8.2
[0m19:24:44.518589 [debug] [MainThread]: checksum: 4cfbbe2a671212f062e88a43cba5322b30b7e3e8e91b953aa4de249eeaade60f, vars: {}, profile: , target: , version: 1.9.0b2
[0m19:24:44.692369 [debug] [MainThread]: Partial parsing enabled: 0 files deleted, 1 files added, 1 files changed.
[0m19:24:44.693094 [debug] [MainThread]: Partial parsing: added file: servicenow_analytics://models/staging/category_wise_tickets.sql
[0m19:24:44.693792 [debug] [MainThread]: Partial parsing: updated file: servicenow_analytics://models/sources.yml
[0m19:24:45.068754 [debug] [MainThread]: Sending event: {'category': 'dbt', 'action': 'load_project', 'label': 'c15a5c6a-6c27-4e99-be63-c8051c9cd18e', 'context': [<snowplow_tracker.self_describing_json.SelfDescribingJson object at 0x113df44c0>]}
[0m19:24:45.189504 [debug] [MainThread]: Sending event: {'category': 'dbt', 'action': 'resource_counts', 'label': 'c15a5c6a-6c27-4e99-be63-c8051c9cd18e', 'context': [<snowplow_tracker.self_describing_json.SelfDescribingJson object at 0x113e5ea00>]}
[0m19:24:45.190172 [info ] [MainThread]: Found 7 models, 1 source, 423 macros
[0m19:24:45.190644 [debug] [MainThread]: Sending event: {'category': 'dbt', 'action': 'runnable_timing', 'label': 'c15a5c6a-6c27-4e99-be63-c8051c9cd18e', 'context': [<snowplow_tracker.self_describing_json.SelfDescribingJson object at 0x1134bc100>]}
[0m19:24:45.192220 [info ] [MainThread]: 
[0m19:24:45.192767 [info ] [MainThread]: Concurrency: 4 threads (target='dev')
[0m19:24:45.193152 [info ] [MainThread]: 
[0m19:24:45.193776 [debug] [MainThread]: Acquiring new postgres connection 'master'
[0m19:24:45.194780 [debug] [ThreadPool]: Acquiring new postgres connection 'list_db'
[0m19:24:45.305619 [debug] [ThreadPool]: Using postgres connection "list_db"
[0m19:24:45.306233 [debug] [ThreadPool]: On list_db: /* {"app": "dbt", "dbt_version": "1.9.0b2", "profile_name": "servicenow_analytics", "target_name": "dev", "connection_name": "list_db"} */

    select distinct nspname from pg_namespace
  
[0m19:24:45.306706 [debug] [ThreadPool]: Opening a new connection, currently in state init
[0m19:24:45.342557 [debug] [ThreadPool]: SQL status: SELECT 6 in 0.036 seconds
[0m19:24:45.344051 [debug] [ThreadPool]: On list_db: Close
[0m19:24:45.349804 [debug] [ThreadPool]: Re-using an available connection from the pool (formerly list_db, now list_db_analytics)
[0m19:24:45.356625 [debug] [ThreadPool]: Using postgres connection "list_db_analytics"
[0m19:24:45.357112 [debug] [ThreadPool]: On list_db_analytics: BEGIN
[0m19:24:45.357467 [debug] [ThreadPool]: Opening a new connection, currently in state closed
[0m19:24:45.369596 [debug] [ThreadPool]: SQL status: BEGIN in 0.012 seconds
[0m19:24:45.370070 [debug] [ThreadPool]: Using postgres connection "list_db_analytics"
[0m19:24:45.370457 [debug] [ThreadPool]: On list_db_analytics: /* {"app": "dbt", "dbt_version": "1.9.0b2", "profile_name": "servicenow_analytics", "target_name": "dev", "connection_name": "list_db_analytics"} */
select
      'db' as database,
      tablename as name,
      schemaname as schema,
      'table' as type
    from pg_tables
    where schemaname ilike 'analytics'
    union all
    select
      'db' as database,
      viewname as name,
      schemaname as schema,
      'view' as type
    from pg_views
    where schemaname ilike 'analytics'
    union all
    select
      'db' as database,
      matviewname as name,
      schemaname as schema,
      'materialized_view' as type
    from pg_matviews
    where schemaname ilike 'analytics'
  
[0m19:24:45.376136 [debug] [ThreadPool]: SQL status: SELECT 5 in 0.005 seconds
[0m19:24:45.377638 [debug] [ThreadPool]: On list_db_analytics: ROLLBACK
[0m19:24:45.378206 [debug] [ThreadPool]: On list_db_analytics: Close
[0m19:24:45.384679 [debug] [MainThread]: Using postgres connection "master"
[0m19:24:45.385161 [debug] [MainThread]: On master: BEGIN
[0m19:24:45.385512 [debug] [MainThread]: Opening a new connection, currently in state init
[0m19:24:45.397759 [debug] [MainThread]: SQL status: BEGIN in 0.012 seconds
[0m19:24:45.398292 [debug] [MainThread]: Using postgres connection "master"
[0m19:24:45.398780 [debug] [MainThread]: On master: /* {"app": "dbt", "dbt_version": "1.9.0b2", "profile_name": "servicenow_analytics", "target_name": "dev", "connection_name": "master"} */
with relation as (
        select
            pg_rewrite.ev_class as class,
            pg_rewrite.oid as id
        from pg_rewrite
    ),
    class as (
        select
            oid as id,
            relname as name,
            relnamespace as schema,
            relkind as kind
        from pg_class
    ),
    dependency as (
        select distinct
            pg_depend.objid as id,
            pg_depend.refobjid as ref
        from pg_depend
    ),
    schema as (
        select
            pg_namespace.oid as id,
            pg_namespace.nspname as name
        from pg_namespace
        where nspname != 'information_schema' and nspname not like 'pg\_%'
    ),
    referenced as (
        select
            relation.id AS id,
            referenced_class.name ,
            referenced_class.schema ,
            referenced_class.kind
        from relation
        join class as referenced_class on relation.class=referenced_class.id
        where referenced_class.kind in ('r', 'v', 'm')
    ),
    relationships as (
        select
            referenced.name as referenced_name,
            referenced.schema as referenced_schema_id,
            dependent_class.name as dependent_name,
            dependent_class.schema as dependent_schema_id,
            referenced.kind as kind
        from referenced
        join dependency on referenced.id=dependency.id
        join class as dependent_class on dependency.ref=dependent_class.id
        where
            (referenced.name != dependent_class.name or
             referenced.schema != dependent_class.schema)
    )

    select
        referenced_schema.name as referenced_schema,
        relationships.referenced_name as referenced_name,
        dependent_schema.name as dependent_schema,
        relationships.dependent_name as dependent_name
    from relationships
    join schema as dependent_schema on relationships.dependent_schema_id=dependent_schema.id
    join schema as referenced_schema on relationships.referenced_schema_id=referenced_schema.id
    group by referenced_schema, referenced_name, dependent_schema, dependent_name
    order by referenced_schema, referenced_name, dependent_schema, dependent_name;
[0m19:24:45.404661 [debug] [MainThread]: SQL status: SELECT 0 in 0.005 seconds
[0m19:24:45.406131 [debug] [MainThread]: Sending event: {'category': 'dbt', 'action': 'runnable_timing', 'label': 'c15a5c6a-6c27-4e99-be63-c8051c9cd18e', 'context': [<snowplow_tracker.self_describing_json.SelfDescribingJson object at 0x11366a1f0>]}
[0m19:24:45.406833 [debug] [MainThread]: On master: ROLLBACK
[0m19:24:45.407541 [debug] [MainThread]: Using postgres connection "master"
[0m19:24:45.408016 [debug] [MainThread]: On master: BEGIN
[0m19:24:45.408682 [debug] [MainThread]: SQL status: BEGIN in 0.000 seconds
[0m19:24:45.409152 [debug] [MainThread]: On master: COMMIT
[0m19:24:45.409663 [debug] [MainThread]: Using postgres connection "master"
[0m19:24:45.410078 [debug] [MainThread]: On master: COMMIT
[0m19:24:45.410673 [debug] [MainThread]: SQL status: COMMIT in 0.000 seconds
[0m19:24:45.411135 [debug] [MainThread]: On master: Close
[0m19:24:45.414293 [debug] [Thread-1  ]: Began running node model.servicenow_analytics.category_wise_tickets
[0m19:24:45.415067 [info ] [Thread-1  ]: 1 of 1 START sql table model analytics.category_wise_tickets ................... [RUN]
[0m19:24:45.415751 [debug] [Thread-1  ]: Re-using an available connection from the pool (formerly list_db_analytics, now model.servicenow_analytics.category_wise_tickets)
[0m19:24:45.416286 [debug] [Thread-1  ]: Began compiling node model.servicenow_analytics.category_wise_tickets
[0m19:24:45.426693 [debug] [Thread-1  ]: Writing injected SQL for node "model.servicenow_analytics.category_wise_tickets"
[0m19:24:45.430962 [debug] [Thread-1  ]: Began executing node model.servicenow_analytics.category_wise_tickets
[0m19:24:45.487031 [debug] [Thread-1  ]: Writing runtime sql for node "model.servicenow_analytics.category_wise_tickets"
[0m19:24:45.488011 [debug] [Thread-1  ]: Using postgres connection "model.servicenow_analytics.category_wise_tickets"
[0m19:24:45.488568 [debug] [Thread-1  ]: On model.servicenow_analytics.category_wise_tickets: BEGIN
[0m19:24:45.488981 [debug] [Thread-1  ]: Opening a new connection, currently in state closed
[0m19:24:45.501249 [debug] [Thread-1  ]: SQL status: BEGIN in 0.012 seconds
[0m19:24:45.501786 [debug] [Thread-1  ]: Using postgres connection "model.servicenow_analytics.category_wise_tickets"
[0m19:24:45.502222 [debug] [Thread-1  ]: On model.servicenow_analytics.category_wise_tickets: /* {"app": "dbt", "dbt_version": "1.9.0b2", "profile_name": "servicenow_analytics", "target_name": "dev", "node_id": "model.servicenow_analytics.category_wise_tickets"} */

  
    

  create  table "db"."analytics"."category_wise_tickets__dbt_tmp"
  
  
    as
  
  (
    

-- Simple ticket count by category
SELECT
   inc_category, COUNT(*) AS ticket_count
FROM 
    "db"."public"."servicenow_tickets_raw"
GROUP BY 
    inc_category
ORDER BY 
    ticket_count DESC
  );
  
[0m19:24:45.515596 [debug] [Thread-1  ]: SQL status: SELECT 9 in 0.013 seconds
[0m19:24:45.522512 [debug] [Thread-1  ]: Using postgres connection "model.servicenow_analytics.category_wise_tickets"
[0m19:24:45.523045 [debug] [Thread-1  ]: On model.servicenow_analytics.category_wise_tickets: /* {"app": "dbt", "dbt_version": "1.9.0b2", "profile_name": "servicenow_analytics", "target_name": "dev", "node_id": "model.servicenow_analytics.category_wise_tickets"} */
alter table "db"."analytics"."category_wise_tickets__dbt_tmp" rename to "category_wise_tickets"
[0m19:24:45.524031 [debug] [Thread-1  ]: SQL status: ALTER TABLE in 0.001 seconds
[0m19:24:45.551798 [debug] [Thread-1  ]: On model.servicenow_analytics.category_wise_tickets: COMMIT
[0m19:24:45.552390 [debug] [Thread-1  ]: Using postgres connection "model.servicenow_analytics.category_wise_tickets"
[0m19:24:45.552890 [debug] [Thread-1  ]: On model.servicenow_analytics.category_wise_tickets: COMMIT
[0m19:24:45.554007 [debug] [Thread-1  ]: SQL status: COMMIT in 0.001 seconds
[0m19:24:45.561196 [debug] [Thread-1  ]: Applying DROP to: "db"."analytics"."category_wise_tickets__dbt_backup"
[0m19:24:45.566223 [debug] [Thread-1  ]: Using postgres connection "model.servicenow_analytics.category_wise_tickets"
[0m19:24:45.566769 [debug] [Thread-1  ]: On model.servicenow_analytics.category_wise_tickets: /* {"app": "dbt", "dbt_version": "1.9.0b2", "profile_name": "servicenow_analytics", "target_name": "dev", "node_id": "model.servicenow_analytics.category_wise_tickets"} */
drop table if exists "db"."analytics"."category_wise_tickets__dbt_backup" cascade
[0m19:24:45.567508 [debug] [Thread-1  ]: SQL status: DROP TABLE in 0.000 seconds
[0m19:24:45.570054 [debug] [Thread-1  ]: On model.servicenow_analytics.category_wise_tickets: Close
[0m19:24:45.571774 [debug] [Thread-1  ]: Sending event: {'category': 'dbt', 'action': 'run_model', 'label': 'c15a5c6a-6c27-4e99-be63-c8051c9cd18e', 'context': [<snowplow_tracker.self_describing_json.SelfDescribingJson object at 0x1134f8370>]}
[0m19:24:45.572664 [info ] [Thread-1  ]: 1 of 1 OK created sql table model analytics.category_wise_tickets .............. [[32mSELECT 9[0m in 0.16s]
[0m19:24:45.573432 [debug] [Thread-1  ]: Finished running node model.servicenow_analytics.category_wise_tickets
[0m19:24:45.574914 [debug] [MainThread]: Using postgres connection "master"
[0m19:24:45.575350 [debug] [MainThread]: On master: BEGIN
[0m19:24:45.575724 [debug] [MainThread]: Opening a new connection, currently in state closed
[0m19:24:45.590709 [debug] [MainThread]: SQL status: BEGIN in 0.015 seconds
[0m19:24:45.591880 [debug] [MainThread]: On master: COMMIT
[0m19:24:45.592624 [debug] [MainThread]: Using postgres connection "master"
[0m19:24:45.593412 [debug] [MainThread]: On master: COMMIT
[0m19:24:45.594383 [debug] [MainThread]: SQL status: COMMIT in 0.000 seconds
[0m19:24:45.594924 [debug] [MainThread]: On master: Close
[0m19:24:45.595584 [debug] [MainThread]: Connection 'master' was properly closed.
[0m19:24:45.596198 [debug] [MainThread]: Connection 'model.servicenow_analytics.category_wise_tickets' was properly closed.
[0m19:24:45.596886 [info ] [MainThread]: 
[0m19:24:45.598093 [info ] [MainThread]: Finished running 1 table model in 0 hours 0 minutes and 0.40 seconds (0.40s).
[0m19:24:45.599834 [debug] [MainThread]: Command end result
[0m19:24:45.655421 [info ] [MainThread]: 
[0m19:24:45.656134 [info ] [MainThread]: [32mCompleted successfully[0m
[0m19:24:45.656559 [info ] [MainThread]: 
[0m19:24:45.656994 [info ] [MainThread]: Done. PASS=1 WARN=0 ERROR=0 SKIP=0 TOTAL=1
[0m19:24:45.659230 [debug] [MainThread]: Resource report: {"command_name": "run", "command_success": true, "command_wall_clock_time": 1.5945493, "process_user_time": 2.708585, "process_kernel_time": 0.373689, "process_mem_max_rss": "113459200", "process_in_blocks": "0", "process_out_blocks": "0"}
[0m19:24:45.659918 [debug] [MainThread]: Command `dbt run` succeeded at 19:24:45.659795 after 1.60 seconds
[0m19:24:45.660372 [debug] [MainThread]: Sending event: {'category': 'dbt', 'action': 'invocation', 'label': 'end', 'context': [<snowplow_tracker.self_describing_json.SelfDescribingJson object at 0x11220cdf0>, <snowplow_tracker.self_describing_json.SelfDescribingJson object at 0x112400a90>, <snowplow_tracker.self_describing_json.SelfDescribingJson object at 0x1123f60a0>]}
[0m19:24:45.660814 [debug] [MainThread]: Flushing usage events
[0m19:24:46.706671 [debug] [MainThread]: An error was encountered while trying to flush usage events
[0m19:41:06.950435 [debug] [MainThread]: Sending event: {'category': 'dbt', 'action': 'invocation', 'label': 'start', 'context': [<snowplow_tracker.self_describing_json.SelfDescribingJson object at 0x10fbe76a0>, <snowplow_tracker.self_describing_json.SelfDescribingJson object at 0x110941430>, <snowplow_tracker.self_describing_json.SelfDescribingJson object at 0x110971c40>]}


============================== 19:41:06.958109 | 17962c2a-7f75-41fa-9ad5-382e515cf6ef ==============================
[0m19:41:06.958109 [info ] [MainThread]: Running with dbt=1.9.0-b2
[0m19:41:06.958942 [debug] [MainThread]: running dbt with arguments {'printer_width': '80', 'indirect_selection': 'eager', 'log_cache_events': 'False', 'write_json': 'True', 'partial_parse': 'True', 'cache_selected_only': 'False', 'warn_error': 'None', 'fail_fast': 'False', 'version_check': 'True', 'log_path': '/Users/charanlobo/dbt_servicenow_project/logs', 'debug': 'False', 'profiles_dir': '/Users/charanlobo/.dbt', 'use_colors': 'True', 'use_experimental_parser': 'False', 'no_print': 'None', 'quiet': 'False', 'empty': 'False', 'log_format': 'default', 'introspect': 'True', 'invocation_command': 'dbt run --select servicenow_tickets_cleaned', 'static_parser': 'True', 'target_path': 'None', 'warn_error_options': 'WarnErrorOptions(include=[], exclude=[])', 'send_anonymous_usage_stats': 'True'}
[0m19:41:07.215300 [debug] [MainThread]: Sending event: {'category': 'dbt', 'action': 'project_id', 'label': '17962c2a-7f75-41fa-9ad5-382e515cf6ef', 'context': [<snowplow_tracker.self_describing_json.SelfDescribingJson object at 0x110b6c910>]}
[0m19:41:07.292927 [debug] [MainThread]: Sending event: {'category': 'dbt', 'action': 'adapter_info', 'label': '17962c2a-7f75-41fa-9ad5-382e515cf6ef', 'context': [<snowplow_tracker.self_describing_json.SelfDescribingJson object at 0x10e556b80>]}
[0m19:41:07.294556 [info ] [MainThread]: Registered adapter: postgres=1.8.2
[0m19:41:07.319654 [debug] [MainThread]: checksum: 4cfbbe2a671212f062e88a43cba5322b30b7e3e8e91b953aa4de249eeaade60f, vars: {}, profile: , target: , version: 1.9.0b2
[0m19:41:07.517263 [debug] [MainThread]: Partial parsing enabled: 1 files deleted, 0 files added, 0 files changed.
[0m19:41:07.517804 [debug] [MainThread]: Partial parsing: deleted file: servicenow_analytics://models/staging/check.sql
[0m19:41:07.631480 [debug] [MainThread]: Sending event: {'category': 'dbt', 'action': 'load_project', 'label': '17962c2a-7f75-41fa-9ad5-382e515cf6ef', 'context': [<snowplow_tracker.self_describing_json.SelfDescribingJson object at 0x1110446d0>]}
[0m19:41:07.755628 [debug] [MainThread]: Sending event: {'category': 'dbt', 'action': 'resource_counts', 'label': '17962c2a-7f75-41fa-9ad5-382e515cf6ef', 'context': [<snowplow_tracker.self_describing_json.SelfDescribingJson object at 0x1111103d0>]}
[0m19:41:07.756218 [info ] [MainThread]: Found 6 models, 1 source, 423 macros
[0m19:41:07.756585 [debug] [MainThread]: Sending event: {'category': 'dbt', 'action': 'runnable_timing', 'label': '17962c2a-7f75-41fa-9ad5-382e515cf6ef', 'context': [<snowplow_tracker.self_describing_json.SelfDescribingJson object at 0x110f127c0>]}
[0m19:41:07.758146 [info ] [MainThread]: 
[0m19:41:07.758608 [info ] [MainThread]: Concurrency: 4 threads (target='dev')
[0m19:41:07.758918 [info ] [MainThread]: 
[0m19:41:07.759452 [debug] [MainThread]: Acquiring new postgres connection 'master'
[0m19:41:07.760392 [debug] [ThreadPool]: Acquiring new postgres connection 'list_db'
[0m19:41:07.821895 [debug] [ThreadPool]: Using postgres connection "list_db"
[0m19:41:07.822436 [debug] [ThreadPool]: On list_db: /* {"app": "dbt", "dbt_version": "1.9.0b2", "profile_name": "servicenow_analytics", "target_name": "dev", "connection_name": "list_db"} */

    select distinct nspname from pg_namespace
  
[0m19:41:07.822810 [debug] [ThreadPool]: Opening a new connection, currently in state init
[0m19:41:07.855675 [debug] [ThreadPool]: SQL status: SELECT 6 in 0.033 seconds
[0m19:41:07.857116 [debug] [ThreadPool]: On list_db: Close
[0m19:41:07.862802 [debug] [ThreadPool]: Re-using an available connection from the pool (formerly list_db, now list_db_analytics)
[0m19:41:07.869716 [debug] [ThreadPool]: Using postgres connection "list_db_analytics"
[0m19:41:07.870281 [debug] [ThreadPool]: On list_db_analytics: BEGIN
[0m19:41:07.870695 [debug] [ThreadPool]: Opening a new connection, currently in state closed
[0m19:41:07.886153 [debug] [ThreadPool]: SQL status: BEGIN in 0.015 seconds
[0m19:41:07.886646 [debug] [ThreadPool]: Using postgres connection "list_db_analytics"
[0m19:41:07.887019 [debug] [ThreadPool]: On list_db_analytics: /* {"app": "dbt", "dbt_version": "1.9.0b2", "profile_name": "servicenow_analytics", "target_name": "dev", "connection_name": "list_db_analytics"} */
select
      'db' as database,
      tablename as name,
      schemaname as schema,
      'table' as type
    from pg_tables
    where schemaname ilike 'analytics'
    union all
    select
      'db' as database,
      viewname as name,
      schemaname as schema,
      'view' as type
    from pg_views
    where schemaname ilike 'analytics'
    union all
    select
      'db' as database,
      matviewname as name,
      schemaname as schema,
      'materialized_view' as type
    from pg_matviews
    where schemaname ilike 'analytics'
  
[0m19:41:07.893368 [debug] [ThreadPool]: SQL status: SELECT 0 in 0.006 seconds
[0m19:41:07.894781 [debug] [ThreadPool]: On list_db_analytics: ROLLBACK
[0m19:41:07.895364 [debug] [ThreadPool]: On list_db_analytics: Close
[0m19:41:07.901415 [debug] [MainThread]: Using postgres connection "master"
[0m19:41:07.901845 [debug] [MainThread]: On master: BEGIN
[0m19:41:07.902157 [debug] [MainThread]: Opening a new connection, currently in state init
[0m19:41:07.915501 [debug] [MainThread]: SQL status: BEGIN in 0.013 seconds
[0m19:41:07.915940 [debug] [MainThread]: Using postgres connection "master"
[0m19:41:07.916360 [debug] [MainThread]: On master: /* {"app": "dbt", "dbt_version": "1.9.0b2", "profile_name": "servicenow_analytics", "target_name": "dev", "connection_name": "master"} */
with relation as (
        select
            pg_rewrite.ev_class as class,
            pg_rewrite.oid as id
        from pg_rewrite
    ),
    class as (
        select
            oid as id,
            relname as name,
            relnamespace as schema,
            relkind as kind
        from pg_class
    ),
    dependency as (
        select distinct
            pg_depend.objid as id,
            pg_depend.refobjid as ref
        from pg_depend
    ),
    schema as (
        select
            pg_namespace.oid as id,
            pg_namespace.nspname as name
        from pg_namespace
        where nspname != 'information_schema' and nspname not like 'pg\_%'
    ),
    referenced as (
        select
            relation.id AS id,
            referenced_class.name ,
            referenced_class.schema ,
            referenced_class.kind
        from relation
        join class as referenced_class on relation.class=referenced_class.id
        where referenced_class.kind in ('r', 'v', 'm')
    ),
    relationships as (
        select
            referenced.name as referenced_name,
            referenced.schema as referenced_schema_id,
            dependent_class.name as dependent_name,
            dependent_class.schema as dependent_schema_id,
            referenced.kind as kind
        from referenced
        join dependency on referenced.id=dependency.id
        join class as dependent_class on dependency.ref=dependent_class.id
        where
            (referenced.name != dependent_class.name or
             referenced.schema != dependent_class.schema)
    )

    select
        referenced_schema.name as referenced_schema,
        relationships.referenced_name as referenced_name,
        dependent_schema.name as dependent_schema,
        relationships.dependent_name as dependent_name
    from relationships
    join schema as dependent_schema on relationships.dependent_schema_id=dependent_schema.id
    join schema as referenced_schema on relationships.referenced_schema_id=referenced_schema.id
    group by referenced_schema, referenced_name, dependent_schema, dependent_name
    order by referenced_schema, referenced_name, dependent_schema, dependent_name;
[0m19:41:07.921658 [debug] [MainThread]: SQL status: SELECT 0 in 0.005 seconds
[0m19:41:07.922997 [debug] [MainThread]: Sending event: {'category': 'dbt', 'action': 'runnable_timing', 'label': '17962c2a-7f75-41fa-9ad5-382e515cf6ef', 'context': [<snowplow_tracker.self_describing_json.SelfDescribingJson object at 0x110946bb0>]}
[0m19:41:07.923548 [debug] [MainThread]: On master: ROLLBACK
[0m19:41:07.924239 [debug] [MainThread]: Using postgres connection "master"
[0m19:41:07.924843 [debug] [MainThread]: On master: BEGIN
[0m19:41:07.925491 [debug] [MainThread]: SQL status: BEGIN in 0.000 seconds
[0m19:41:07.925888 [debug] [MainThread]: On master: COMMIT
[0m19:41:07.926209 [debug] [MainThread]: Using postgres connection "master"
[0m19:41:07.926504 [debug] [MainThread]: On master: COMMIT
[0m19:41:07.926978 [debug] [MainThread]: SQL status: COMMIT in 0.000 seconds
[0m19:41:07.927346 [debug] [MainThread]: On master: Close
[0m19:41:07.931663 [debug] [Thread-1  ]: Began running node model.servicenow_analytics.servicenow_tickets_cleaned
[0m19:41:07.932394 [info ] [Thread-1  ]: 1 of 1 START sql table model analytics.servicenow_tickets_cleaned .............. [RUN]
[0m19:41:07.933076 [debug] [Thread-1  ]: Re-using an available connection from the pool (formerly list_db_analytics, now model.servicenow_analytics.servicenow_tickets_cleaned)
[0m19:41:07.933522 [debug] [Thread-1  ]: Began compiling node model.servicenow_analytics.servicenow_tickets_cleaned
[0m19:41:07.943385 [debug] [Thread-1  ]: Writing injected SQL for node "model.servicenow_analytics.servicenow_tickets_cleaned"
[0m19:41:07.944916 [debug] [Thread-1  ]: Began executing node model.servicenow_analytics.servicenow_tickets_cleaned
[0m19:41:07.989977 [debug] [Thread-1  ]: Writing runtime sql for node "model.servicenow_analytics.servicenow_tickets_cleaned"
[0m19:41:07.991598 [debug] [Thread-1  ]: Using postgres connection "model.servicenow_analytics.servicenow_tickets_cleaned"
[0m19:41:07.992200 [debug] [Thread-1  ]: On model.servicenow_analytics.servicenow_tickets_cleaned: BEGIN
[0m19:41:07.992625 [debug] [Thread-1  ]: Opening a new connection, currently in state closed
[0m19:41:08.007138 [debug] [Thread-1  ]: SQL status: BEGIN in 0.014 seconds
[0m19:41:08.007807 [debug] [Thread-1  ]: Using postgres connection "model.servicenow_analytics.servicenow_tickets_cleaned"
[0m19:41:08.008312 [debug] [Thread-1  ]: On model.servicenow_analytics.servicenow_tickets_cleaned: /* {"app": "dbt", "dbt_version": "1.9.0b2", "profile_name": "servicenow_analytics", "target_name": "dev", "node_id": "model.servicenow_analytics.servicenow_tickets_cleaned"} */

  
    

  create  table "db"."analytics"."servicenow_tickets_cleaned__dbt_tmp"
  
  
    as
  
  (
    

WITH cleaned AS (
    SELECT DISTINCT
        inc_number AS ticket_id,
        inc_category AS category,
        inc_priority AS priority,
        inc_sys_created_on AS created_date,
        inc_resolved_at AS resolved_date,
        inc_assignment_group AS assigned_group,
        inc_state AS status,
        inc_assigned_to AS technician,
        inc_close_code AS close_code,
        inc_close_notes AS close_notes
    FROM "db"."public"."servicenow_tickets_raw"
    WHERE inc_sys_created_on IS NOT NULL
        AND inc_resolved_at IS NOT NULL
        AND inc_number IS NOT NULL
)

SELECT * FROM cleaned
  );
  
[0m19:41:08.053459 [debug] [Thread-1  ]: SQL status: SELECT 4805 in 0.045 seconds
[0m19:41:08.061967 [debug] [Thread-1  ]: Using postgres connection "model.servicenow_analytics.servicenow_tickets_cleaned"
[0m19:41:08.062629 [debug] [Thread-1  ]: On model.servicenow_analytics.servicenow_tickets_cleaned: /* {"app": "dbt", "dbt_version": "1.9.0b2", "profile_name": "servicenow_analytics", "target_name": "dev", "node_id": "model.servicenow_analytics.servicenow_tickets_cleaned"} */
alter table "db"."analytics"."servicenow_tickets_cleaned__dbt_tmp" rename to "servicenow_tickets_cleaned"
[0m19:41:08.063819 [debug] [Thread-1  ]: SQL status: ALTER TABLE in 0.001 seconds
[0m19:41:08.084721 [debug] [Thread-1  ]: On model.servicenow_analytics.servicenow_tickets_cleaned: COMMIT
[0m19:41:08.085212 [debug] [Thread-1  ]: Using postgres connection "model.servicenow_analytics.servicenow_tickets_cleaned"
[0m19:41:08.085579 [debug] [Thread-1  ]: On model.servicenow_analytics.servicenow_tickets_cleaned: COMMIT
[0m19:41:08.101217 [debug] [Thread-1  ]: SQL status: COMMIT in 0.015 seconds
[0m19:41:08.111977 [debug] [Thread-1  ]: Applying DROP to: "db"."analytics"."servicenow_tickets_cleaned__dbt_backup"
[0m19:41:08.118754 [debug] [Thread-1  ]: Using postgres connection "model.servicenow_analytics.servicenow_tickets_cleaned"
[0m19:41:08.119269 [debug] [Thread-1  ]: On model.servicenow_analytics.servicenow_tickets_cleaned: /* {"app": "dbt", "dbt_version": "1.9.0b2", "profile_name": "servicenow_analytics", "target_name": "dev", "node_id": "model.servicenow_analytics.servicenow_tickets_cleaned"} */
drop table if exists "db"."analytics"."servicenow_tickets_cleaned__dbt_backup" cascade
[0m19:41:08.120104 [debug] [Thread-1  ]: SQL status: DROP TABLE in 0.000 seconds
[0m19:41:08.123064 [debug] [Thread-1  ]: On model.servicenow_analytics.servicenow_tickets_cleaned: Close
[0m19:41:08.125372 [debug] [Thread-1  ]: Sending event: {'category': 'dbt', 'action': 'run_model', 'label': '17962c2a-7f75-41fa-9ad5-382e515cf6ef', 'context': [<snowplow_tracker.self_describing_json.SelfDescribingJson object at 0x111689d60>]}
[0m19:41:08.126280 [info ] [Thread-1  ]: 1 of 1 OK created sql table model analytics.servicenow_tickets_cleaned ......... [[32mSELECT 4805[0m in 0.19s]
[0m19:41:08.127044 [debug] [Thread-1  ]: Finished running node model.servicenow_analytics.servicenow_tickets_cleaned
[0m19:41:08.128391 [debug] [MainThread]: Using postgres connection "master"
[0m19:41:08.128815 [debug] [MainThread]: On master: BEGIN
[0m19:41:08.129156 [debug] [MainThread]: Opening a new connection, currently in state closed
[0m19:41:08.142281 [debug] [MainThread]: SQL status: BEGIN in 0.013 seconds
[0m19:41:08.142905 [debug] [MainThread]: On master: COMMIT
[0m19:41:08.143341 [debug] [MainThread]: Using postgres connection "master"
[0m19:41:08.143755 [debug] [MainThread]: On master: COMMIT
[0m19:41:08.144334 [debug] [MainThread]: SQL status: COMMIT in 0.000 seconds
[0m19:41:08.144814 [debug] [MainThread]: On master: Close
[0m19:41:08.145455 [debug] [MainThread]: Connection 'master' was properly closed.
[0m19:41:08.145981 [debug] [MainThread]: Connection 'model.servicenow_analytics.servicenow_tickets_cleaned' was properly closed.
[0m19:41:08.146607 [info ] [MainThread]: 
[0m19:41:08.147294 [info ] [MainThread]: Finished running 1 table model in 0 hours 0 minutes and 0.39 seconds (0.39s).
[0m19:41:08.148374 [debug] [MainThread]: Command end result
[0m19:41:08.193913 [info ] [MainThread]: 
[0m19:41:08.194533 [info ] [MainThread]: [32mCompleted successfully[0m
[0m19:41:08.195315 [info ] [MainThread]: 
[0m19:41:08.196023 [info ] [MainThread]: Done. PASS=1 WARN=0 ERROR=0 SKIP=0 TOTAL=1
[0m19:41:08.200118 [debug] [MainThread]: Resource report: {"command_name": "run", "command_success": true, "command_wall_clock_time": 1.347245, "process_user_time": 2.510023, "process_kernel_time": 0.41204, "process_mem_max_rss": "109596672", "process_in_blocks": "0", "process_out_blocks": "0"}
[0m19:41:08.201116 [debug] [MainThread]: Command `dbt run` succeeded at 19:41:08.200881 after 1.35 seconds
[0m19:41:08.202017 [debug] [MainThread]: Sending event: {'category': 'dbt', 'action': 'invocation', 'label': 'end', 'context': [<snowplow_tracker.self_describing_json.SelfDescribingJson object at 0x10fbe76a0>, <snowplow_tracker.self_describing_json.SelfDescribingJson object at 0x10f0847c0>, <snowplow_tracker.self_describing_json.SelfDescribingJson object at 0x10e556b80>]}
[0m19:41:08.202739 [debug] [MainThread]: Flushing usage events
[0m19:41:09.362415 [debug] [MainThread]: An error was encountered while trying to flush usage events
[0m19:41:23.394287 [debug] [MainThread]: Sending event: {'category': 'dbt', 'action': 'invocation', 'label': 'start', 'context': [<snowplow_tracker.self_describing_json.SelfDescribingJson object at 0x10c1456d0>, <snowplow_tracker.self_describing_json.SelfDescribingJson object at 0x10cea9100>, <snowplow_tracker.self_describing_json.SelfDescribingJson object at 0x10ced9bb0>]}


============================== 19:41:23.399658 | ca4370d5-a014-4dcd-9ccc-4d1f4fd7bc12 ==============================
[0m19:41:23.399658 [info ] [MainThread]: Running with dbt=1.9.0-b2
[0m19:41:23.400255 [debug] [MainThread]: running dbt with arguments {'printer_width': '80', 'indirect_selection': 'eager', 'write_json': 'True', 'log_cache_events': 'False', 'partial_parse': 'True', 'cache_selected_only': 'False', 'warn_error': 'None', 'fail_fast': 'False', 'version_check': 'True', 'log_path': '/Users/charanlobo/dbt_servicenow_project/logs', 'profiles_dir': '/Users/charanlobo/.dbt', 'debug': 'False', 'use_colors': 'True', 'use_experimental_parser': 'False', 'empty': 'False', 'quiet': 'False', 'no_print': 'None', 'log_format': 'default', 'static_parser': 'True', 'invocation_command': 'dbt run --select category_wise_tickets', 'introspect': 'True', 'target_path': 'None', 'warn_error_options': 'WarnErrorOptions(include=[], exclude=[])', 'send_anonymous_usage_stats': 'True'}
[0m19:41:23.607044 [debug] [MainThread]: Sending event: {'category': 'dbt', 'action': 'project_id', 'label': 'ca4370d5-a014-4dcd-9ccc-4d1f4fd7bc12', 'context': [<snowplow_tracker.self_describing_json.SelfDescribingJson object at 0x10d0cfbb0>]}
[0m19:41:23.678142 [debug] [MainThread]: Sending event: {'category': 'dbt', 'action': 'adapter_info', 'label': 'ca4370d5-a014-4dcd-9ccc-4d1f4fd7bc12', 'context': [<snowplow_tracker.self_describing_json.SelfDescribingJson object at 0x10cea0040>]}
[0m19:41:23.679221 [info ] [MainThread]: Registered adapter: postgres=1.8.2
[0m19:41:23.700991 [debug] [MainThread]: checksum: 4cfbbe2a671212f062e88a43cba5322b30b7e3e8e91b953aa4de249eeaade60f, vars: {}, profile: , target: , version: 1.9.0b2
[0m19:41:23.887224 [debug] [MainThread]: Partial parsing enabled: 0 files deleted, 0 files added, 0 files changed.
[0m19:41:23.887664 [debug] [MainThread]: Partial parsing enabled, no changes found, skipping parsing
[0m19:41:23.934573 [debug] [MainThread]: Sending event: {'category': 'dbt', 'action': 'load_project', 'label': 'ca4370d5-a014-4dcd-9ccc-4d1f4fd7bc12', 'context': [<snowplow_tracker.self_describing_json.SelfDescribingJson object at 0x10d5dab20>]}
[0m19:41:24.059062 [debug] [MainThread]: Sending event: {'category': 'dbt', 'action': 'resource_counts', 'label': 'ca4370d5-a014-4dcd-9ccc-4d1f4fd7bc12', 'context': [<snowplow_tracker.self_describing_json.SelfDescribingJson object at 0x10d5fec40>]}
[0m19:41:24.059667 [info ] [MainThread]: Found 6 models, 1 source, 423 macros
[0m19:41:24.060042 [debug] [MainThread]: Sending event: {'category': 'dbt', 'action': 'runnable_timing', 'label': 'ca4370d5-a014-4dcd-9ccc-4d1f4fd7bc12', 'context': [<snowplow_tracker.self_describing_json.SelfDescribingJson object at 0x10d5f1a60>]}
[0m19:41:24.061391 [info ] [MainThread]: 
[0m19:41:24.061799 [info ] [MainThread]: Concurrency: 4 threads (target='dev')
[0m19:41:24.062111 [info ] [MainThread]: 
[0m19:41:24.062770 [debug] [MainThread]: Acquiring new postgres connection 'master'
[0m19:41:24.063958 [debug] [ThreadPool]: Acquiring new postgres connection 'list_db'
[0m19:41:24.121228 [debug] [ThreadPool]: Using postgres connection "list_db"
[0m19:41:24.121668 [debug] [ThreadPool]: On list_db: /* {"app": "dbt", "dbt_version": "1.9.0b2", "profile_name": "servicenow_analytics", "target_name": "dev", "connection_name": "list_db"} */

    select distinct nspname from pg_namespace
  
[0m19:41:24.121985 [debug] [ThreadPool]: Opening a new connection, currently in state init
[0m19:41:24.151953 [debug] [ThreadPool]: SQL status: SELECT 6 in 0.030 seconds
[0m19:41:24.153692 [debug] [ThreadPool]: On list_db: Close
[0m19:41:24.159498 [debug] [ThreadPool]: Re-using an available connection from the pool (formerly list_db, now list_db_analytics)
[0m19:41:24.166316 [debug] [ThreadPool]: Using postgres connection "list_db_analytics"
[0m19:41:24.166712 [debug] [ThreadPool]: On list_db_analytics: BEGIN
[0m19:41:24.167005 [debug] [ThreadPool]: Opening a new connection, currently in state closed
[0m19:41:24.180107 [debug] [ThreadPool]: SQL status: BEGIN in 0.013 seconds
[0m19:41:24.180701 [debug] [ThreadPool]: Using postgres connection "list_db_analytics"
[0m19:41:24.181079 [debug] [ThreadPool]: On list_db_analytics: /* {"app": "dbt", "dbt_version": "1.9.0b2", "profile_name": "servicenow_analytics", "target_name": "dev", "connection_name": "list_db_analytics"} */
select
      'db' as database,
      tablename as name,
      schemaname as schema,
      'table' as type
    from pg_tables
    where schemaname ilike 'analytics'
    union all
    select
      'db' as database,
      viewname as name,
      schemaname as schema,
      'view' as type
    from pg_views
    where schemaname ilike 'analytics'
    union all
    select
      'db' as database,
      matviewname as name,
      schemaname as schema,
      'materialized_view' as type
    from pg_matviews
    where schemaname ilike 'analytics'
  
[0m19:41:24.185432 [debug] [ThreadPool]: SQL status: SELECT 1 in 0.004 seconds
[0m19:41:24.187136 [debug] [ThreadPool]: On list_db_analytics: ROLLBACK
[0m19:41:24.187752 [debug] [ThreadPool]: On list_db_analytics: Close
[0m19:41:24.193662 [debug] [MainThread]: Using postgres connection "master"
[0m19:41:24.194091 [debug] [MainThread]: On master: BEGIN
[0m19:41:24.194416 [debug] [MainThread]: Opening a new connection, currently in state init
[0m19:41:24.210824 [debug] [MainThread]: SQL status: BEGIN in 0.016 seconds
[0m19:41:24.211296 [debug] [MainThread]: Using postgres connection "master"
[0m19:41:24.211821 [debug] [MainThread]: On master: /* {"app": "dbt", "dbt_version": "1.9.0b2", "profile_name": "servicenow_analytics", "target_name": "dev", "connection_name": "master"} */
with relation as (
        select
            pg_rewrite.ev_class as class,
            pg_rewrite.oid as id
        from pg_rewrite
    ),
    class as (
        select
            oid as id,
            relname as name,
            relnamespace as schema,
            relkind as kind
        from pg_class
    ),
    dependency as (
        select distinct
            pg_depend.objid as id,
            pg_depend.refobjid as ref
        from pg_depend
    ),
    schema as (
        select
            pg_namespace.oid as id,
            pg_namespace.nspname as name
        from pg_namespace
        where nspname != 'information_schema' and nspname not like 'pg\_%'
    ),
    referenced as (
        select
            relation.id AS id,
            referenced_class.name ,
            referenced_class.schema ,
            referenced_class.kind
        from relation
        join class as referenced_class on relation.class=referenced_class.id
        where referenced_class.kind in ('r', 'v', 'm')
    ),
    relationships as (
        select
            referenced.name as referenced_name,
            referenced.schema as referenced_schema_id,
            dependent_class.name as dependent_name,
            dependent_class.schema as dependent_schema_id,
            referenced.kind as kind
        from referenced
        join dependency on referenced.id=dependency.id
        join class as dependent_class on dependency.ref=dependent_class.id
        where
            (referenced.name != dependent_class.name or
             referenced.schema != dependent_class.schema)
    )

    select
        referenced_schema.name as referenced_schema,
        relationships.referenced_name as referenced_name,
        dependent_schema.name as dependent_schema,
        relationships.dependent_name as dependent_name
    from relationships
    join schema as dependent_schema on relationships.dependent_schema_id=dependent_schema.id
    join schema as referenced_schema on relationships.referenced_schema_id=referenced_schema.id
    group by referenced_schema, referenced_name, dependent_schema, dependent_name
    order by referenced_schema, referenced_name, dependent_schema, dependent_name;
[0m19:41:24.220762 [debug] [MainThread]: SQL status: SELECT 0 in 0.008 seconds
[0m19:41:24.222219 [debug] [MainThread]: Sending event: {'category': 'dbt', 'action': 'runnable_timing', 'label': 'ca4370d5-a014-4dcd-9ccc-4d1f4fd7bc12', 'context': [<snowplow_tracker.self_describing_json.SelfDescribingJson object at 0x10cea9fd0>]}
[0m19:41:24.222864 [debug] [MainThread]: On master: ROLLBACK
[0m19:41:24.223635 [debug] [MainThread]: Using postgres connection "master"
[0m19:41:24.224416 [debug] [MainThread]: On master: BEGIN
[0m19:41:24.226649 [debug] [MainThread]: SQL status: BEGIN in 0.000 seconds
[0m19:41:24.227282 [debug] [MainThread]: On master: COMMIT
[0m19:41:24.227690 [debug] [MainThread]: Using postgres connection "master"
[0m19:41:24.228043 [debug] [MainThread]: On master: COMMIT
[0m19:41:24.228588 [debug] [MainThread]: SQL status: COMMIT in 0.000 seconds
[0m19:41:24.229087 [debug] [MainThread]: On master: Close
[0m19:41:24.232423 [debug] [Thread-1  ]: Began running node model.servicenow_analytics.category_wise_tickets
[0m19:41:24.233115 [info ] [Thread-1  ]: 1 of 1 START sql table model analytics.category_wise_tickets ................... [RUN]
[0m19:41:24.233695 [debug] [Thread-1  ]: Re-using an available connection from the pool (formerly list_db_analytics, now model.servicenow_analytics.category_wise_tickets)
[0m19:41:24.234165 [debug] [Thread-1  ]: Began compiling node model.servicenow_analytics.category_wise_tickets
[0m19:41:24.245070 [debug] [Thread-1  ]: Writing injected SQL for node "model.servicenow_analytics.category_wise_tickets"
[0m19:41:24.246303 [debug] [Thread-1  ]: Began executing node model.servicenow_analytics.category_wise_tickets
[0m19:41:24.291984 [debug] [Thread-1  ]: Writing runtime sql for node "model.servicenow_analytics.category_wise_tickets"
[0m19:41:24.292854 [debug] [Thread-1  ]: Using postgres connection "model.servicenow_analytics.category_wise_tickets"
[0m19:41:24.293235 [debug] [Thread-1  ]: On model.servicenow_analytics.category_wise_tickets: BEGIN
[0m19:41:24.293582 [debug] [Thread-1  ]: Opening a new connection, currently in state closed
[0m19:41:24.305806 [debug] [Thread-1  ]: SQL status: BEGIN in 0.012 seconds
[0m19:41:24.306274 [debug] [Thread-1  ]: Using postgres connection "model.servicenow_analytics.category_wise_tickets"
[0m19:41:24.306661 [debug] [Thread-1  ]: On model.servicenow_analytics.category_wise_tickets: /* {"app": "dbt", "dbt_version": "1.9.0b2", "profile_name": "servicenow_analytics", "target_name": "dev", "node_id": "model.servicenow_analytics.category_wise_tickets"} */

  
    

  create  table "db"."analytics"."category_wise_tickets__dbt_tmp"
  
  
    as
  
  (
    

-- Simple ticket count by category
SELECT
   inc_category, COUNT(*) AS ticket_count
FROM 
    "db"."public"."servicenow_tickets_raw"
GROUP BY 
    inc_category
ORDER BY 
    ticket_count DESC
  );
  
[0m19:41:24.314129 [debug] [Thread-1  ]: SQL status: SELECT 9 in 0.007 seconds
[0m19:41:24.322797 [debug] [Thread-1  ]: Using postgres connection "model.servicenow_analytics.category_wise_tickets"
[0m19:41:24.323343 [debug] [Thread-1  ]: On model.servicenow_analytics.category_wise_tickets: /* {"app": "dbt", "dbt_version": "1.9.0b2", "profile_name": "servicenow_analytics", "target_name": "dev", "node_id": "model.servicenow_analytics.category_wise_tickets"} */
alter table "db"."analytics"."category_wise_tickets__dbt_tmp" rename to "category_wise_tickets"
[0m19:41:24.324661 [debug] [Thread-1  ]: SQL status: ALTER TABLE in 0.001 seconds
[0m19:41:24.345469 [debug] [Thread-1  ]: On model.servicenow_analytics.category_wise_tickets: COMMIT
[0m19:41:24.345973 [debug] [Thread-1  ]: Using postgres connection "model.servicenow_analytics.category_wise_tickets"
[0m19:41:24.346406 [debug] [Thread-1  ]: On model.servicenow_analytics.category_wise_tickets: COMMIT
[0m19:41:24.347960 [debug] [Thread-1  ]: SQL status: COMMIT in 0.001 seconds
[0m19:41:24.355051 [debug] [Thread-1  ]: Applying DROP to: "db"."analytics"."category_wise_tickets__dbt_backup"
[0m19:41:24.359910 [debug] [Thread-1  ]: Using postgres connection "model.servicenow_analytics.category_wise_tickets"
[0m19:41:24.360375 [debug] [Thread-1  ]: On model.servicenow_analytics.category_wise_tickets: /* {"app": "dbt", "dbt_version": "1.9.0b2", "profile_name": "servicenow_analytics", "target_name": "dev", "node_id": "model.servicenow_analytics.category_wise_tickets"} */
drop table if exists "db"."analytics"."category_wise_tickets__dbt_backup" cascade
[0m19:41:24.361153 [debug] [Thread-1  ]: SQL status: DROP TABLE in 0.000 seconds
[0m19:41:24.363753 [debug] [Thread-1  ]: On model.servicenow_analytics.category_wise_tickets: Close
[0m19:41:24.365546 [debug] [Thread-1  ]: Sending event: {'category': 'dbt', 'action': 'run_model', 'label': 'ca4370d5-a014-4dcd-9ccc-4d1f4fd7bc12', 'context': [<snowplow_tracker.self_describing_json.SelfDescribingJson object at 0x10deb53d0>]}
[0m19:41:24.366337 [info ] [Thread-1  ]: 1 of 1 OK created sql table model analytics.category_wise_tickets .............. [[32mSELECT 9[0m in 0.13s]
[0m19:41:24.367011 [debug] [Thread-1  ]: Finished running node model.servicenow_analytics.category_wise_tickets
[0m19:41:24.368310 [debug] [MainThread]: Using postgres connection "master"
[0m19:41:24.368659 [debug] [MainThread]: On master: BEGIN
[0m19:41:24.368961 [debug] [MainThread]: Opening a new connection, currently in state closed
[0m19:41:24.381761 [debug] [MainThread]: SQL status: BEGIN in 0.013 seconds
[0m19:41:24.382195 [debug] [MainThread]: On master: COMMIT
[0m19:41:24.382518 [debug] [MainThread]: Using postgres connection "master"
[0m19:41:24.382827 [debug] [MainThread]: On master: COMMIT
[0m19:41:24.383246 [debug] [MainThread]: SQL status: COMMIT in 0.000 seconds
[0m19:41:24.383580 [debug] [MainThread]: On master: Close
[0m19:41:24.384030 [debug] [MainThread]: Connection 'master' was properly closed.
[0m19:41:24.384331 [debug] [MainThread]: Connection 'model.servicenow_analytics.category_wise_tickets' was properly closed.
[0m19:41:24.384662 [info ] [MainThread]: 
[0m19:41:24.385023 [info ] [MainThread]: Finished running 1 table model in 0 hours 0 minutes and 0.32 seconds (0.32s).
[0m19:41:24.385817 [debug] [MainThread]: Command end result
[0m19:41:24.417889 [info ] [MainThread]: 
[0m19:41:24.418410 [info ] [MainThread]: [32mCompleted successfully[0m
[0m19:41:24.418731 [info ] [MainThread]: 
[0m19:41:24.419076 [info ] [MainThread]: Done. PASS=1 WARN=0 ERROR=0 SKIP=0 TOTAL=1
[0m19:41:24.421235 [debug] [MainThread]: Resource report: {"command_name": "run", "command_success": true, "command_wall_clock_time": 1.1080238, "process_user_time": 2.209808, "process_kernel_time": 0.290615, "process_mem_max_rss": "109121536", "process_in_blocks": "0", "process_out_blocks": "0"}
[0m19:41:24.421890 [debug] [MainThread]: Command `dbt run` succeeded at 19:41:24.421766 after 1.11 seconds
[0m19:41:24.422321 [debug] [MainThread]: Sending event: {'category': 'dbt', 'action': 'invocation', 'label': 'end', 'context': [<snowplow_tracker.self_describing_json.SelfDescribingJson object at 0x10c1456d0>, <snowplow_tracker.self_describing_json.SelfDescribingJson object at 0x10cea0040>, <snowplow_tracker.self_describing_json.SelfDescribingJson object at 0x10d0cfbb0>]}
[0m19:41:24.422725 [debug] [MainThread]: Flushing usage events
[0m19:41:25.350505 [debug] [MainThread]: An error was encountered while trying to flush usage events
[0m19:41:38.885616 [debug] [MainThread]: Sending event: {'category': 'dbt', 'action': 'invocation', 'label': 'start', 'context': [<snowplow_tracker.self_describing_json.SelfDescribingJson object at 0x1113296d0>, <snowplow_tracker.self_describing_json.SelfDescribingJson object at 0x112078130>, <snowplow_tracker.self_describing_json.SelfDescribingJson object at 0x1120bebb0>]}


============================== 19:41:38.890604 | f6c3a48f-1d40-41db-9cd8-f8afe50c22c0 ==============================
[0m19:41:38.890604 [info ] [MainThread]: Running with dbt=1.9.0-b2
[0m19:41:38.891574 [debug] [MainThread]: running dbt with arguments {'printer_width': '80', 'indirect_selection': 'eager', 'write_json': 'True', 'log_cache_events': 'False', 'partial_parse': 'True', 'cache_selected_only': 'False', 'warn_error': 'None', 'debug': 'False', 'profiles_dir': '/Users/charanlobo/.dbt', 'log_path': '/Users/charanlobo/dbt_servicenow_project/logs', 'fail_fast': 'False', 'version_check': 'True', 'use_colors': 'True', 'use_experimental_parser': 'False', 'no_print': 'None', 'quiet': 'False', 'empty': 'False', 'log_format': 'default', 'invocation_command': 'dbt run --select servicenow_tickets_date_extracted', 'static_parser': 'True', 'introspect': 'True', 'target_path': 'None', 'warn_error_options': 'WarnErrorOptions(include=[], exclude=[])', 'send_anonymous_usage_stats': 'True'}
[0m19:41:39.085700 [debug] [MainThread]: Sending event: {'category': 'dbt', 'action': 'project_id', 'label': 'f6c3a48f-1d40-41db-9cd8-f8afe50c22c0', 'context': [<snowplow_tracker.self_describing_json.SelfDescribingJson object at 0x1122b5bb0>]}
[0m19:41:39.152535 [debug] [MainThread]: Sending event: {'category': 'dbt', 'action': 'adapter_info', 'label': 'f6c3a48f-1d40-41db-9cd8-f8afe50c22c0', 'context': [<snowplow_tracker.self_describing_json.SelfDescribingJson object at 0x112077040>]}
[0m19:41:39.153591 [info ] [MainThread]: Registered adapter: postgres=1.8.2
[0m19:41:39.173357 [debug] [MainThread]: checksum: 4cfbbe2a671212f062e88a43cba5322b30b7e3e8e91b953aa4de249eeaade60f, vars: {}, profile: , target: , version: 1.9.0b2
[0m19:41:39.320957 [debug] [MainThread]: Partial parsing enabled: 0 files deleted, 0 files added, 0 files changed.
[0m19:41:39.321387 [debug] [MainThread]: Partial parsing enabled, no changes found, skipping parsing
[0m19:41:39.366625 [debug] [MainThread]: Sending event: {'category': 'dbt', 'action': 'load_project', 'label': 'f6c3a48f-1d40-41db-9cd8-f8afe50c22c0', 'context': [<snowplow_tracker.self_describing_json.SelfDescribingJson object at 0x11277fb20>]}
[0m19:41:39.480074 [debug] [MainThread]: Sending event: {'category': 'dbt', 'action': 'resource_counts', 'label': 'f6c3a48f-1d40-41db-9cd8-f8afe50c22c0', 'context': [<snowplow_tracker.self_describing_json.SelfDescribingJson object at 0x1127e3c40>]}
[0m19:41:39.480749 [info ] [MainThread]: Found 6 models, 1 source, 423 macros
[0m19:41:39.481141 [debug] [MainThread]: Sending event: {'category': 'dbt', 'action': 'runnable_timing', 'label': 'f6c3a48f-1d40-41db-9cd8-f8afe50c22c0', 'context': [<snowplow_tracker.self_describing_json.SelfDescribingJson object at 0x112796a60>]}
[0m19:41:39.482452 [info ] [MainThread]: 
[0m19:41:39.482821 [info ] [MainThread]: Concurrency: 4 threads (target='dev')
[0m19:41:39.483109 [info ] [MainThread]: 
[0m19:41:39.483628 [debug] [MainThread]: Acquiring new postgres connection 'master'
[0m19:41:39.484522 [debug] [ThreadPool]: Acquiring new postgres connection 'list_db'
[0m19:41:39.539992 [debug] [ThreadPool]: Using postgres connection "list_db"
[0m19:41:39.540421 [debug] [ThreadPool]: On list_db: /* {"app": "dbt", "dbt_version": "1.9.0b2", "profile_name": "servicenow_analytics", "target_name": "dev", "connection_name": "list_db"} */

    select distinct nspname from pg_namespace
  
[0m19:41:39.540736 [debug] [ThreadPool]: Opening a new connection, currently in state init
[0m19:41:39.567636 [debug] [ThreadPool]: SQL status: SELECT 6 in 0.027 seconds
[0m19:41:39.569066 [debug] [ThreadPool]: On list_db: Close
[0m19:41:39.574691 [debug] [ThreadPool]: Re-using an available connection from the pool (formerly list_db, now list_db_analytics)
[0m19:41:39.581517 [debug] [ThreadPool]: Using postgres connection "list_db_analytics"
[0m19:41:39.581992 [debug] [ThreadPool]: On list_db_analytics: BEGIN
[0m19:41:39.582276 [debug] [ThreadPool]: Opening a new connection, currently in state closed
[0m19:41:39.594613 [debug] [ThreadPool]: SQL status: BEGIN in 0.012 seconds
[0m19:41:39.595084 [debug] [ThreadPool]: Using postgres connection "list_db_analytics"
[0m19:41:39.595462 [debug] [ThreadPool]: On list_db_analytics: /* {"app": "dbt", "dbt_version": "1.9.0b2", "profile_name": "servicenow_analytics", "target_name": "dev", "connection_name": "list_db_analytics"} */
select
      'db' as database,
      tablename as name,
      schemaname as schema,
      'table' as type
    from pg_tables
    where schemaname ilike 'analytics'
    union all
    select
      'db' as database,
      viewname as name,
      schemaname as schema,
      'view' as type
    from pg_views
    where schemaname ilike 'analytics'
    union all
    select
      'db' as database,
      matviewname as name,
      schemaname as schema,
      'materialized_view' as type
    from pg_matviews
    where schemaname ilike 'analytics'
  
[0m19:41:39.600698 [debug] [ThreadPool]: SQL status: SELECT 2 in 0.005 seconds
[0m19:41:39.602252 [debug] [ThreadPool]: On list_db_analytics: ROLLBACK
[0m19:41:39.602833 [debug] [ThreadPool]: On list_db_analytics: Close
[0m19:41:39.609380 [debug] [MainThread]: Using postgres connection "master"
[0m19:41:39.609857 [debug] [MainThread]: On master: BEGIN
[0m19:41:39.610191 [debug] [MainThread]: Opening a new connection, currently in state init
[0m19:41:39.623933 [debug] [MainThread]: SQL status: BEGIN in 0.014 seconds
[0m19:41:39.624583 [debug] [MainThread]: Using postgres connection "master"
[0m19:41:39.625023 [debug] [MainThread]: On master: /* {"app": "dbt", "dbt_version": "1.9.0b2", "profile_name": "servicenow_analytics", "target_name": "dev", "connection_name": "master"} */
with relation as (
        select
            pg_rewrite.ev_class as class,
            pg_rewrite.oid as id
        from pg_rewrite
    ),
    class as (
        select
            oid as id,
            relname as name,
            relnamespace as schema,
            relkind as kind
        from pg_class
    ),
    dependency as (
        select distinct
            pg_depend.objid as id,
            pg_depend.refobjid as ref
        from pg_depend
    ),
    schema as (
        select
            pg_namespace.oid as id,
            pg_namespace.nspname as name
        from pg_namespace
        where nspname != 'information_schema' and nspname not like 'pg\_%'
    ),
    referenced as (
        select
            relation.id AS id,
            referenced_class.name ,
            referenced_class.schema ,
            referenced_class.kind
        from relation
        join class as referenced_class on relation.class=referenced_class.id
        where referenced_class.kind in ('r', 'v', 'm')
    ),
    relationships as (
        select
            referenced.name as referenced_name,
            referenced.schema as referenced_schema_id,
            dependent_class.name as dependent_name,
            dependent_class.schema as dependent_schema_id,
            referenced.kind as kind
        from referenced
        join dependency on referenced.id=dependency.id
        join class as dependent_class on dependency.ref=dependent_class.id
        where
            (referenced.name != dependent_class.name or
             referenced.schema != dependent_class.schema)
    )

    select
        referenced_schema.name as referenced_schema,
        relationships.referenced_name as referenced_name,
        dependent_schema.name as dependent_schema,
        relationships.dependent_name as dependent_name
    from relationships
    join schema as dependent_schema on relationships.dependent_schema_id=dependent_schema.id
    join schema as referenced_schema on relationships.referenced_schema_id=referenced_schema.id
    group by referenced_schema, referenced_name, dependent_schema, dependent_name
    order by referenced_schema, referenced_name, dependent_schema, dependent_name;
[0m19:41:39.630836 [debug] [MainThread]: SQL status: SELECT 0 in 0.005 seconds
[0m19:41:39.632142 [debug] [MainThread]: Sending event: {'category': 'dbt', 'action': 'runnable_timing', 'label': 'f6c3a48f-1d40-41db-9cd8-f8afe50c22c0', 'context': [<snowplow_tracker.self_describing_json.SelfDescribingJson object at 0x1127e3fa0>]}
[0m19:41:39.632640 [debug] [MainThread]: On master: ROLLBACK
[0m19:41:39.633202 [debug] [MainThread]: Using postgres connection "master"
[0m19:41:39.633513 [debug] [MainThread]: On master: BEGIN
[0m19:41:39.634026 [debug] [MainThread]: SQL status: BEGIN in 0.000 seconds
[0m19:41:39.634361 [debug] [MainThread]: On master: COMMIT
[0m19:41:39.634666 [debug] [MainThread]: Using postgres connection "master"
[0m19:41:39.634959 [debug] [MainThread]: On master: COMMIT
[0m19:41:39.635437 [debug] [MainThread]: SQL status: COMMIT in 0.000 seconds
[0m19:41:39.635768 [debug] [MainThread]: On master: Close
[0m19:41:39.638742 [debug] [Thread-1  ]: Began running node model.servicenow_analytics.servicenow_tickets_date_extracted
[0m19:41:39.639400 [info ] [Thread-1  ]: 1 of 1 START sql table model analytics.servicenow_tickets_date_extracted ....... [RUN]
[0m19:41:39.639919 [debug] [Thread-1  ]: Re-using an available connection from the pool (formerly list_db_analytics, now model.servicenow_analytics.servicenow_tickets_date_extracted)
[0m19:41:39.640452 [debug] [Thread-1  ]: Began compiling node model.servicenow_analytics.servicenow_tickets_date_extracted
[0m19:41:39.649879 [debug] [Thread-1  ]: Writing injected SQL for node "model.servicenow_analytics.servicenow_tickets_date_extracted"
[0m19:41:39.651773 [debug] [Thread-1  ]: Began executing node model.servicenow_analytics.servicenow_tickets_date_extracted
[0m19:41:39.696646 [debug] [Thread-1  ]: Writing runtime sql for node "model.servicenow_analytics.servicenow_tickets_date_extracted"
[0m19:41:39.697644 [debug] [Thread-1  ]: Using postgres connection "model.servicenow_analytics.servicenow_tickets_date_extracted"
[0m19:41:39.698050 [debug] [Thread-1  ]: On model.servicenow_analytics.servicenow_tickets_date_extracted: BEGIN
[0m19:41:39.698390 [debug] [Thread-1  ]: Opening a new connection, currently in state closed
[0m19:41:39.710930 [debug] [Thread-1  ]: SQL status: BEGIN in 0.012 seconds
[0m19:41:39.711400 [debug] [Thread-1  ]: Using postgres connection "model.servicenow_analytics.servicenow_tickets_date_extracted"
[0m19:41:39.711780 [debug] [Thread-1  ]: On model.servicenow_analytics.servicenow_tickets_date_extracted: /* {"app": "dbt", "dbt_version": "1.9.0b2", "profile_name": "servicenow_analytics", "target_name": "dev", "node_id": "model.servicenow_analytics.servicenow_tickets_date_extracted"} */

  
    

  create  table "db"."analytics"."servicenow_tickets_date_extracted__dbt_tmp"
  
  
    as
  
  (
    -- models/staging/servicenow_tickets_date_extracted.sql

SELECT
    *,
    EXTRACT(YEAR FROM created_date) AS created_year,
    EXTRACT(MONTH FROM created_date) AS created_month,
    EXTRACT(DAY FROM created_date) AS created_day
FROM "db"."analytics"."servicenow_tickets_cleaned"
  );
  
[0m19:41:39.734212 [debug] [Thread-1  ]: SQL status: SELECT 4805 in 0.022 seconds
[0m19:41:39.741590 [debug] [Thread-1  ]: Using postgres connection "model.servicenow_analytics.servicenow_tickets_date_extracted"
[0m19:41:39.742101 [debug] [Thread-1  ]: On model.servicenow_analytics.servicenow_tickets_date_extracted: /* {"app": "dbt", "dbt_version": "1.9.0b2", "profile_name": "servicenow_analytics", "target_name": "dev", "node_id": "model.servicenow_analytics.servicenow_tickets_date_extracted"} */
alter table "db"."analytics"."servicenow_tickets_date_extracted__dbt_tmp" rename to "servicenow_tickets_date_extracted"
[0m19:41:39.743311 [debug] [Thread-1  ]: SQL status: ALTER TABLE in 0.001 seconds
[0m19:41:39.763495 [debug] [Thread-1  ]: On model.servicenow_analytics.servicenow_tickets_date_extracted: COMMIT
[0m19:41:39.764033 [debug] [Thread-1  ]: Using postgres connection "model.servicenow_analytics.servicenow_tickets_date_extracted"
[0m19:41:39.764392 [debug] [Thread-1  ]: On model.servicenow_analytics.servicenow_tickets_date_extracted: COMMIT
[0m19:41:39.766741 [debug] [Thread-1  ]: SQL status: COMMIT in 0.002 seconds
[0m19:41:39.774310 [debug] [Thread-1  ]: Applying DROP to: "db"."analytics"."servicenow_tickets_date_extracted__dbt_backup"
[0m19:41:39.779459 [debug] [Thread-1  ]: Using postgres connection "model.servicenow_analytics.servicenow_tickets_date_extracted"
[0m19:41:39.779950 [debug] [Thread-1  ]: On model.servicenow_analytics.servicenow_tickets_date_extracted: /* {"app": "dbt", "dbt_version": "1.9.0b2", "profile_name": "servicenow_analytics", "target_name": "dev", "node_id": "model.servicenow_analytics.servicenow_tickets_date_extracted"} */
drop table if exists "db"."analytics"."servicenow_tickets_date_extracted__dbt_backup" cascade
[0m19:41:39.780804 [debug] [Thread-1  ]: SQL status: DROP TABLE in 0.000 seconds
[0m19:41:39.783429 [debug] [Thread-1  ]: On model.servicenow_analytics.servicenow_tickets_date_extracted: Close
[0m19:41:39.785057 [debug] [Thread-1  ]: Sending event: {'category': 'dbt', 'action': 'run_model', 'label': 'f6c3a48f-1d40-41db-9cd8-f8afe50c22c0', 'context': [<snowplow_tracker.self_describing_json.SelfDescribingJson object at 0x1130965e0>]}
[0m19:41:39.785834 [info ] [Thread-1  ]: 1 of 1 OK created sql table model analytics.servicenow_tickets_date_extracted .. [[32mSELECT 4805[0m in 0.14s]
[0m19:41:39.786523 [debug] [Thread-1  ]: Finished running node model.servicenow_analytics.servicenow_tickets_date_extracted
[0m19:41:39.787990 [debug] [MainThread]: Using postgres connection "master"
[0m19:41:39.788371 [debug] [MainThread]: On master: BEGIN
[0m19:41:39.788667 [debug] [MainThread]: Opening a new connection, currently in state closed
[0m19:41:39.802345 [debug] [MainThread]: SQL status: BEGIN in 0.014 seconds
[0m19:41:39.802814 [debug] [MainThread]: On master: COMMIT
[0m19:41:39.803158 [debug] [MainThread]: Using postgres connection "master"
[0m19:41:39.803454 [debug] [MainThread]: On master: COMMIT
[0m19:41:39.803987 [debug] [MainThread]: SQL status: COMMIT in 0.000 seconds
[0m19:41:39.804317 [debug] [MainThread]: On master: Close
[0m19:41:39.804758 [debug] [MainThread]: Connection 'master' was properly closed.
[0m19:41:39.805034 [debug] [MainThread]: Connection 'model.servicenow_analytics.servicenow_tickets_date_extracted' was properly closed.
[0m19:41:39.805341 [info ] [MainThread]: 
[0m19:41:39.805673 [info ] [MainThread]: Finished running 1 table model in 0 hours 0 minutes and 0.32 seconds (0.32s).
[0m19:41:39.806403 [debug] [MainThread]: Command end result
[0m19:41:39.837778 [info ] [MainThread]: 
[0m19:41:39.838330 [info ] [MainThread]: [32mCompleted successfully[0m
[0m19:41:39.838652 [info ] [MainThread]: 
[0m19:41:39.838985 [info ] [MainThread]: Done. PASS=1 WARN=0 ERROR=0 SKIP=0 TOTAL=1
[0m19:41:39.841134 [debug] [MainThread]: Resource report: {"command_name": "run", "command_success": true, "command_wall_clock_time": 1.0319037, "process_user_time": 2.131733, "process_kernel_time": 0.279547, "process_mem_max_rss": "109096960", "process_in_blocks": "0", "process_out_blocks": "0"}
[0m19:41:39.841800 [debug] [MainThread]: Command `dbt run` succeeded at 19:41:39.841683 after 1.03 seconds
[0m19:41:39.842216 [debug] [MainThread]: Sending event: {'category': 'dbt', 'action': 'invocation', 'label': 'end', 'context': [<snowplow_tracker.self_describing_json.SelfDescribingJson object at 0x1113296d0>, <snowplow_tracker.self_describing_json.SelfDescribingJson object at 0x1122b5bb0>, <snowplow_tracker.self_describing_json.SelfDescribingJson object at 0x113136790>]}
[0m19:41:39.842605 [debug] [MainThread]: Flushing usage events
[0m19:41:40.933377 [debug] [MainThread]: An error was encountered while trying to flush usage events
[0m19:41:54.583044 [debug] [MainThread]: Sending event: {'category': 'dbt', 'action': 'invocation', 'label': 'start', 'context': [<snowplow_tracker.self_describing_json.SelfDescribingJson object at 0x106af4640>, <snowplow_tracker.self_describing_json.SelfDescribingJson object at 0x10782a550>, <snowplow_tracker.self_describing_json.SelfDescribingJson object at 0x10787cbe0>]}


============================== 19:41:54.589195 | de29f6d5-9774-4c6f-aab0-126301347aae ==============================
[0m19:41:54.589195 [info ] [MainThread]: Running with dbt=1.9.0-b2
[0m19:41:54.589837 [debug] [MainThread]: running dbt with arguments {'printer_width': '80', 'indirect_selection': 'eager', 'log_cache_events': 'False', 'write_json': 'True', 'partial_parse': 'True', 'cache_selected_only': 'False', 'warn_error': 'None', 'fail_fast': 'False', 'debug': 'False', 'log_path': '/Users/charanlobo/dbt_servicenow_project/logs', 'version_check': 'True', 'profiles_dir': '/Users/charanlobo/.dbt', 'use_colors': 'True', 'use_experimental_parser': 'False', 'empty': 'False', 'quiet': 'False', 'no_print': 'None', 'log_format': 'default', 'static_parser': 'True', 'warn_error_options': 'WarnErrorOptions(include=[], exclude=[])', 'introspect': 'True', 'target_path': 'None', 'invocation_command': 'dbt run --select servicenow_tickets_avg_resolution_time', 'send_anonymous_usage_stats': 'True'}
[0m19:41:54.831870 [debug] [MainThread]: Sending event: {'category': 'dbt', 'action': 'project_id', 'label': 'de29f6d5-9774-4c6f-aab0-126301347aae', 'context': [<snowplow_tracker.self_describing_json.SelfDescribingJson object at 0x1078b1340>]}
[0m19:41:54.905546 [debug] [MainThread]: Sending event: {'category': 'dbt', 'action': 'adapter_info', 'label': 'de29f6d5-9774-4c6f-aab0-126301347aae', 'context': [<snowplow_tracker.self_describing_json.SelfDescribingJson object at 0x10721a040>]}
[0m19:41:54.907000 [info ] [MainThread]: Registered adapter: postgres=1.8.2
[0m19:41:54.928278 [debug] [MainThread]: checksum: 4cfbbe2a671212f062e88a43cba5322b30b7e3e8e91b953aa4de249eeaade60f, vars: {}, profile: , target: , version: 1.9.0b2
[0m19:41:55.248447 [debug] [MainThread]: Partial parsing enabled: 0 files deleted, 0 files added, 0 files changed.
[0m19:41:55.248911 [debug] [MainThread]: Partial parsing enabled, no changes found, skipping parsing
[0m19:41:55.343183 [debug] [MainThread]: Sending event: {'category': 'dbt', 'action': 'load_project', 'label': 'de29f6d5-9774-4c6f-aab0-126301347aae', 'context': [<snowplow_tracker.self_describing_json.SelfDescribingJson object at 0x107f49a90>]}
[0m19:41:55.485216 [debug] [MainThread]: Sending event: {'category': 'dbt', 'action': 'resource_counts', 'label': 'de29f6d5-9774-4c6f-aab0-126301347aae', 'context': [<snowplow_tracker.self_describing_json.SelfDescribingJson object at 0x107fb5bb0>]}
[0m19:41:55.485959 [info ] [MainThread]: Found 6 models, 1 source, 423 macros
[0m19:41:55.486737 [debug] [MainThread]: Sending event: {'category': 'dbt', 'action': 'runnable_timing', 'label': 'de29f6d5-9774-4c6f-aab0-126301347aae', 'context': [<snowplow_tracker.self_describing_json.SelfDescribingJson object at 0x107e00850>]}
[0m19:41:55.488735 [info ] [MainThread]: 
[0m19:41:55.489300 [info ] [MainThread]: Concurrency: 4 threads (target='dev')
[0m19:41:55.489709 [info ] [MainThread]: 
[0m19:41:55.490344 [debug] [MainThread]: Acquiring new postgres connection 'master'
[0m19:41:55.491725 [debug] [ThreadPool]: Acquiring new postgres connection 'list_db'
[0m19:41:55.550796 [debug] [ThreadPool]: Using postgres connection "list_db"
[0m19:41:55.551273 [debug] [ThreadPool]: On list_db: /* {"app": "dbt", "dbt_version": "1.9.0b2", "profile_name": "servicenow_analytics", "target_name": "dev", "connection_name": "list_db"} */

    select distinct nspname from pg_namespace
  
[0m19:41:55.551607 [debug] [ThreadPool]: Opening a new connection, currently in state init
[0m19:41:55.586615 [debug] [ThreadPool]: SQL status: SELECT 6 in 0.035 seconds
[0m19:41:55.588075 [debug] [ThreadPool]: On list_db: Close
[0m19:41:55.593675 [debug] [ThreadPool]: Re-using an available connection from the pool (formerly list_db, now list_db_analytics)
[0m19:41:55.600506 [debug] [ThreadPool]: Using postgres connection "list_db_analytics"
[0m19:41:55.600911 [debug] [ThreadPool]: On list_db_analytics: BEGIN
[0m19:41:55.601194 [debug] [ThreadPool]: Opening a new connection, currently in state closed
[0m19:41:55.613404 [debug] [ThreadPool]: SQL status: BEGIN in 0.012 seconds
[0m19:41:55.613806 [debug] [ThreadPool]: Using postgres connection "list_db_analytics"
[0m19:41:55.614138 [debug] [ThreadPool]: On list_db_analytics: /* {"app": "dbt", "dbt_version": "1.9.0b2", "profile_name": "servicenow_analytics", "target_name": "dev", "connection_name": "list_db_analytics"} */
select
      'db' as database,
      tablename as name,
      schemaname as schema,
      'table' as type
    from pg_tables
    where schemaname ilike 'analytics'
    union all
    select
      'db' as database,
      viewname as name,
      schemaname as schema,
      'view' as type
    from pg_views
    where schemaname ilike 'analytics'
    union all
    select
      'db' as database,
      matviewname as name,
      schemaname as schema,
      'materialized_view' as type
    from pg_matviews
    where schemaname ilike 'analytics'
  
[0m19:41:55.619483 [debug] [ThreadPool]: SQL status: SELECT 3 in 0.005 seconds
[0m19:41:55.621129 [debug] [ThreadPool]: On list_db_analytics: ROLLBACK
[0m19:41:55.621828 [debug] [ThreadPool]: On list_db_analytics: Close
[0m19:41:55.628680 [debug] [MainThread]: Using postgres connection "master"
[0m19:41:55.629147 [debug] [MainThread]: On master: BEGIN
[0m19:41:55.629482 [debug] [MainThread]: Opening a new connection, currently in state init
[0m19:41:55.642675 [debug] [MainThread]: SQL status: BEGIN in 0.013 seconds
[0m19:41:55.643138 [debug] [MainThread]: Using postgres connection "master"
[0m19:41:55.643606 [debug] [MainThread]: On master: /* {"app": "dbt", "dbt_version": "1.9.0b2", "profile_name": "servicenow_analytics", "target_name": "dev", "connection_name": "master"} */
with relation as (
        select
            pg_rewrite.ev_class as class,
            pg_rewrite.oid as id
        from pg_rewrite
    ),
    class as (
        select
            oid as id,
            relname as name,
            relnamespace as schema,
            relkind as kind
        from pg_class
    ),
    dependency as (
        select distinct
            pg_depend.objid as id,
            pg_depend.refobjid as ref
        from pg_depend
    ),
    schema as (
        select
            pg_namespace.oid as id,
            pg_namespace.nspname as name
        from pg_namespace
        where nspname != 'information_schema' and nspname not like 'pg\_%'
    ),
    referenced as (
        select
            relation.id AS id,
            referenced_class.name ,
            referenced_class.schema ,
            referenced_class.kind
        from relation
        join class as referenced_class on relation.class=referenced_class.id
        where referenced_class.kind in ('r', 'v', 'm')
    ),
    relationships as (
        select
            referenced.name as referenced_name,
            referenced.schema as referenced_schema_id,
            dependent_class.name as dependent_name,
            dependent_class.schema as dependent_schema_id,
            referenced.kind as kind
        from referenced
        join dependency on referenced.id=dependency.id
        join class as dependent_class on dependency.ref=dependent_class.id
        where
            (referenced.name != dependent_class.name or
             referenced.schema != dependent_class.schema)
    )

    select
        referenced_schema.name as referenced_schema,
        relationships.referenced_name as referenced_name,
        dependent_schema.name as dependent_schema,
        relationships.dependent_name as dependent_name
    from relationships
    join schema as dependent_schema on relationships.dependent_schema_id=dependent_schema.id
    join schema as referenced_schema on relationships.referenced_schema_id=referenced_schema.id
    group by referenced_schema, referenced_name, dependent_schema, dependent_name
    order by referenced_schema, referenced_name, dependent_schema, dependent_name;
[0m19:41:55.652416 [debug] [MainThread]: SQL status: SELECT 0 in 0.008 seconds
[0m19:41:55.654599 [debug] [MainThread]: Sending event: {'category': 'dbt', 'action': 'runnable_timing', 'label': 'de29f6d5-9774-4c6f-aab0-126301347aae', 'context': [<snowplow_tracker.self_describing_json.SelfDescribingJson object at 0x1054ddf10>]}
[0m19:41:55.655471 [debug] [MainThread]: On master: ROLLBACK
[0m19:41:55.656228 [debug] [MainThread]: Using postgres connection "master"
[0m19:41:55.656675 [debug] [MainThread]: On master: BEGIN
[0m19:41:55.657598 [debug] [MainThread]: SQL status: BEGIN in 0.000 seconds
[0m19:41:55.658083 [debug] [MainThread]: On master: COMMIT
[0m19:41:55.658705 [debug] [MainThread]: Using postgres connection "master"
[0m19:41:55.659185 [debug] [MainThread]: On master: COMMIT
[0m19:41:55.659899 [debug] [MainThread]: SQL status: COMMIT in 0.000 seconds
[0m19:41:55.660369 [debug] [MainThread]: On master: Close
[0m19:41:55.664388 [debug] [Thread-1  ]: Began running node model.servicenow_analytics.servicenow_tickets_avg_resolution_time
[0m19:41:55.665218 [info ] [Thread-1  ]: 1 of 1 START sql table model analytics.servicenow_tickets_avg_resolution_time .. [RUN]
[0m19:41:55.665904 [debug] [Thread-1  ]: Re-using an available connection from the pool (formerly list_db_analytics, now model.servicenow_analytics.servicenow_tickets_avg_resolution_time)
[0m19:41:55.666450 [debug] [Thread-1  ]: Began compiling node model.servicenow_analytics.servicenow_tickets_avg_resolution_time
[0m19:41:55.677406 [debug] [Thread-1  ]: Writing injected SQL for node "model.servicenow_analytics.servicenow_tickets_avg_resolution_time"
[0m19:41:55.678583 [debug] [Thread-1  ]: Began executing node model.servicenow_analytics.servicenow_tickets_avg_resolution_time
[0m19:41:55.722069 [debug] [Thread-1  ]: Writing runtime sql for node "model.servicenow_analytics.servicenow_tickets_avg_resolution_time"
[0m19:41:55.722921 [debug] [Thread-1  ]: Using postgres connection "model.servicenow_analytics.servicenow_tickets_avg_resolution_time"
[0m19:41:55.723310 [debug] [Thread-1  ]: On model.servicenow_analytics.servicenow_tickets_avg_resolution_time: BEGIN
[0m19:41:55.723662 [debug] [Thread-1  ]: Opening a new connection, currently in state closed
[0m19:41:55.736308 [debug] [Thread-1  ]: SQL status: BEGIN in 0.013 seconds
[0m19:41:55.736776 [debug] [Thread-1  ]: Using postgres connection "model.servicenow_analytics.servicenow_tickets_avg_resolution_time"
[0m19:41:55.737172 [debug] [Thread-1  ]: On model.servicenow_analytics.servicenow_tickets_avg_resolution_time: /* {"app": "dbt", "dbt_version": "1.9.0b2", "profile_name": "servicenow_analytics", "target_name": "dev", "node_id": "model.servicenow_analytics.servicenow_tickets_avg_resolution_time"} */

  
    

  create  table "db"."analytics"."servicenow_tickets_avg_resolution_time__dbt_tmp"
  
  
    as
  
  (
    -- models/staging/servicenow_tickets_avg_resolution_time.sql

SELECT
    category,
    priority,
    AVG(EXTRACT(EPOCH FROM (resolved_date - created_date)) / 3600) AS avg_resolution_time_hrs
FROM "db"."analytics"."servicenow_tickets_cleaned"
GROUP BY category, priority
  );
  
[0m19:41:55.747166 [debug] [Thread-1  ]: SQL status: SELECT 20 in 0.009 seconds
[0m19:41:55.757985 [debug] [Thread-1  ]: Using postgres connection "model.servicenow_analytics.servicenow_tickets_avg_resolution_time"
[0m19:41:55.758704 [debug] [Thread-1  ]: On model.servicenow_analytics.servicenow_tickets_avg_resolution_time: /* {"app": "dbt", "dbt_version": "1.9.0b2", "profile_name": "servicenow_analytics", "target_name": "dev", "node_id": "model.servicenow_analytics.servicenow_tickets_avg_resolution_time"} */
alter table "db"."analytics"."servicenow_tickets_avg_resolution_time__dbt_tmp" rename to "servicenow_tickets_avg_resolution_time"
[0m19:41:55.760176 [debug] [Thread-1  ]: SQL status: ALTER TABLE in 0.001 seconds
[0m19:41:55.783689 [debug] [Thread-1  ]: On model.servicenow_analytics.servicenow_tickets_avg_resolution_time: COMMIT
[0m19:41:55.784187 [debug] [Thread-1  ]: Using postgres connection "model.servicenow_analytics.servicenow_tickets_avg_resolution_time"
[0m19:41:55.784573 [debug] [Thread-1  ]: On model.servicenow_analytics.servicenow_tickets_avg_resolution_time: COMMIT
[0m19:41:55.785613 [debug] [Thread-1  ]: SQL status: COMMIT in 0.001 seconds
[0m19:41:55.793149 [debug] [Thread-1  ]: Applying DROP to: "db"."analytics"."servicenow_tickets_avg_resolution_time__dbt_backup"
[0m19:41:55.798065 [debug] [Thread-1  ]: Using postgres connection "model.servicenow_analytics.servicenow_tickets_avg_resolution_time"
[0m19:41:55.798508 [debug] [Thread-1  ]: On model.servicenow_analytics.servicenow_tickets_avg_resolution_time: /* {"app": "dbt", "dbt_version": "1.9.0b2", "profile_name": "servicenow_analytics", "target_name": "dev", "node_id": "model.servicenow_analytics.servicenow_tickets_avg_resolution_time"} */
drop table if exists "db"."analytics"."servicenow_tickets_avg_resolution_time__dbt_backup" cascade
[0m19:41:55.799265 [debug] [Thread-1  ]: SQL status: DROP TABLE in 0.000 seconds
[0m19:41:55.801607 [debug] [Thread-1  ]: On model.servicenow_analytics.servicenow_tickets_avg_resolution_time: Close
[0m19:41:55.803210 [debug] [Thread-1  ]: Sending event: {'category': 'dbt', 'action': 'run_model', 'label': 'de29f6d5-9774-4c6f-aab0-126301347aae', 'context': [<snowplow_tracker.self_describing_json.SelfDescribingJson object at 0x108866700>]}
[0m19:41:55.803997 [info ] [Thread-1  ]: 1 of 1 OK created sql table model analytics.servicenow_tickets_avg_resolution_time  [[32mSELECT 20[0m in 0.14s]
[0m19:41:55.804637 [debug] [Thread-1  ]: Finished running node model.servicenow_analytics.servicenow_tickets_avg_resolution_time
[0m19:41:55.805926 [debug] [MainThread]: Using postgres connection "master"
[0m19:41:55.806261 [debug] [MainThread]: On master: BEGIN
[0m19:41:55.806552 [debug] [MainThread]: Opening a new connection, currently in state closed
[0m19:41:55.818320 [debug] [MainThread]: SQL status: BEGIN in 0.012 seconds
[0m19:41:55.818775 [debug] [MainThread]: On master: COMMIT
[0m19:41:55.819158 [debug] [MainThread]: Using postgres connection "master"
[0m19:41:55.819546 [debug] [MainThread]: On master: COMMIT
[0m19:41:55.819995 [debug] [MainThread]: SQL status: COMMIT in 0.000 seconds
[0m19:41:55.820330 [debug] [MainThread]: On master: Close
[0m19:41:55.820846 [debug] [MainThread]: Connection 'master' was properly closed.
[0m19:41:55.821181 [debug] [MainThread]: Connection 'model.servicenow_analytics.servicenow_tickets_avg_resolution_time' was properly closed.
[0m19:41:55.821510 [info ] [MainThread]: 
[0m19:41:55.821904 [info ] [MainThread]: Finished running 1 table model in 0 hours 0 minutes and 0.33 seconds (0.33s).
[0m19:41:55.822733 [debug] [MainThread]: Command end result
[0m19:41:55.855937 [info ] [MainThread]: 
[0m19:41:55.856459 [info ] [MainThread]: [32mCompleted successfully[0m
[0m19:41:55.856779 [info ] [MainThread]: 
[0m19:41:55.857124 [info ] [MainThread]: Done. PASS=1 WARN=0 ERROR=0 SKIP=0 TOTAL=1
[0m19:41:55.860277 [debug] [MainThread]: Resource report: {"command_name": "run", "command_success": true, "command_wall_clock_time": 1.3647435, "process_user_time": 2.318804, "process_kernel_time": 0.37147, "process_mem_max_rss": "109170688", "process_in_blocks": "0", "process_out_blocks": "0"}
[0m19:41:55.861045 [debug] [MainThread]: Command `dbt run` succeeded at 19:41:55.860903 after 1.37 seconds
[0m19:41:55.861504 [debug] [MainThread]: Sending event: {'category': 'dbt', 'action': 'invocation', 'label': 'end', 'context': [<snowplow_tracker.self_describing_json.SelfDescribingJson object at 0x106af4640>, <snowplow_tracker.self_describing_json.SelfDescribingJson object at 0x106c9d460>, <snowplow_tracker.self_describing_json.SelfDescribingJson object at 0x10721a040>]}
[0m19:41:55.861999 [debug] [MainThread]: Flushing usage events
[0m19:41:57.042288 [debug] [MainThread]: An error was encountered while trying to flush usage events
[0m19:42:11.306455 [debug] [MainThread]: Sending event: {'category': 'dbt', 'action': 'invocation', 'label': 'start', 'context': [<snowplow_tracker.self_describing_json.SelfDescribingJson object at 0x10d3ed6a0>, <snowplow_tracker.self_describing_json.SelfDescribingJson object at 0x10e13d430>, <snowplow_tracker.self_describing_json.SelfDescribingJson object at 0x10e176c40>]}


============================== 19:42:11.313463 | f98f5941-1a10-4be2-8875-56a33a959ff3 ==============================
[0m19:42:11.313463 [info ] [MainThread]: Running with dbt=1.9.0-b2
[0m19:42:11.314451 [debug] [MainThread]: running dbt with arguments {'printer_width': '80', 'indirect_selection': 'eager', 'log_cache_events': 'False', 'write_json': 'True', 'partial_parse': 'True', 'cache_selected_only': 'False', 'warn_error': 'None', 'debug': 'False', 'profiles_dir': '/Users/charanlobo/.dbt', 'log_path': '/Users/charanlobo/dbt_servicenow_project/logs', 'version_check': 'True', 'fail_fast': 'False', 'use_colors': 'True', 'use_experimental_parser': 'False', 'empty': 'False', 'quiet': 'False', 'no_print': 'None', 'warn_error_options': 'WarnErrorOptions(include=[], exclude=[])', 'invocation_command': 'dbt run --select servicenow_tickets_closure_rate', 'log_format': 'default', 'introspect': 'True', 'target_path': 'None', 'static_parser': 'True', 'send_anonymous_usage_stats': 'True'}
[0m19:42:11.570016 [debug] [MainThread]: Sending event: {'category': 'dbt', 'action': 'project_id', 'label': 'f98f5941-1a10-4be2-8875-56a33a959ff3', 'context': [<snowplow_tracker.self_describing_json.SelfDescribingJson object at 0x10e37e4f0>]}
[0m19:42:11.645192 [debug] [MainThread]: Sending event: {'category': 'dbt', 'action': 'adapter_info', 'label': 'f98f5941-1a10-4be2-8875-56a33a959ff3', 'context': [<snowplow_tracker.self_describing_json.SelfDescribingJson object at 0x10bd5bb80>]}
[0m19:42:11.647102 [info ] [MainThread]: Registered adapter: postgres=1.8.2
[0m19:42:11.669002 [debug] [MainThread]: checksum: 4cfbbe2a671212f062e88a43cba5322b30b7e3e8e91b953aa4de249eeaade60f, vars: {}, profile: , target: , version: 1.9.0b2
[0m19:42:11.846656 [debug] [MainThread]: Partial parsing enabled: 0 files deleted, 0 files added, 0 files changed.
[0m19:42:11.847103 [debug] [MainThread]: Partial parsing enabled, no changes found, skipping parsing
[0m19:42:11.894565 [debug] [MainThread]: Sending event: {'category': 'dbt', 'action': 'load_project', 'label': 'f98f5941-1a10-4be2-8875-56a33a959ff3', 'context': [<snowplow_tracker.self_describing_json.SelfDescribingJson object at 0x10e842af0>]}
[0m19:42:12.026789 [debug] [MainThread]: Sending event: {'category': 'dbt', 'action': 'resource_counts', 'label': 'f98f5941-1a10-4be2-8875-56a33a959ff3', 'context': [<snowplow_tracker.self_describing_json.SelfDescribingJson object at 0x10e8aec10>]}
[0m19:42:12.027366 [info ] [MainThread]: Found 6 models, 1 source, 423 macros
[0m19:42:12.027723 [debug] [MainThread]: Sending event: {'category': 'dbt', 'action': 'runnable_timing', 'label': 'f98f5941-1a10-4be2-8875-56a33a959ff3', 'context': [<snowplow_tracker.self_describing_json.SelfDescribingJson object at 0x10e859a60>]}
[0m19:42:12.029205 [info ] [MainThread]: 
[0m19:42:12.029644 [info ] [MainThread]: Concurrency: 4 threads (target='dev')
[0m19:42:12.029968 [info ] [MainThread]: 
[0m19:42:12.030639 [debug] [MainThread]: Acquiring new postgres connection 'master'
[0m19:42:12.031768 [debug] [ThreadPool]: Acquiring new postgres connection 'list_db'
[0m19:42:12.094156 [debug] [ThreadPool]: Using postgres connection "list_db"
[0m19:42:12.094636 [debug] [ThreadPool]: On list_db: /* {"app": "dbt", "dbt_version": "1.9.0b2", "profile_name": "servicenow_analytics", "target_name": "dev", "connection_name": "list_db"} */

    select distinct nspname from pg_namespace
  
[0m19:42:12.094960 [debug] [ThreadPool]: Opening a new connection, currently in state init
[0m19:42:12.124479 [debug] [ThreadPool]: SQL status: SELECT 6 in 0.029 seconds
[0m19:42:12.125968 [debug] [ThreadPool]: On list_db: Close
[0m19:42:12.131658 [debug] [ThreadPool]: Re-using an available connection from the pool (formerly list_db, now list_db_analytics)
[0m19:42:12.138855 [debug] [ThreadPool]: Using postgres connection "list_db_analytics"
[0m19:42:12.139329 [debug] [ThreadPool]: On list_db_analytics: BEGIN
[0m19:42:12.139632 [debug] [ThreadPool]: Opening a new connection, currently in state closed
[0m19:42:12.153309 [debug] [ThreadPool]: SQL status: BEGIN in 0.014 seconds
[0m19:42:12.153797 [debug] [ThreadPool]: Using postgres connection "list_db_analytics"
[0m19:42:12.154168 [debug] [ThreadPool]: On list_db_analytics: /* {"app": "dbt", "dbt_version": "1.9.0b2", "profile_name": "servicenow_analytics", "target_name": "dev", "connection_name": "list_db_analytics"} */
select
      'db' as database,
      tablename as name,
      schemaname as schema,
      'table' as type
    from pg_tables
    where schemaname ilike 'analytics'
    union all
    select
      'db' as database,
      viewname as name,
      schemaname as schema,
      'view' as type
    from pg_views
    where schemaname ilike 'analytics'
    union all
    select
      'db' as database,
      matviewname as name,
      schemaname as schema,
      'materialized_view' as type
    from pg_matviews
    where schemaname ilike 'analytics'
  
[0m19:42:12.160064 [debug] [ThreadPool]: SQL status: SELECT 4 in 0.005 seconds
[0m19:42:12.161718 [debug] [ThreadPool]: On list_db_analytics: ROLLBACK
[0m19:42:12.162346 [debug] [ThreadPool]: On list_db_analytics: Close
[0m19:42:12.168376 [debug] [MainThread]: Using postgres connection "master"
[0m19:42:12.168802 [debug] [MainThread]: On master: BEGIN
[0m19:42:12.169157 [debug] [MainThread]: Opening a new connection, currently in state init
[0m19:42:12.181878 [debug] [MainThread]: SQL status: BEGIN in 0.013 seconds
[0m19:42:12.182309 [debug] [MainThread]: Using postgres connection "master"
[0m19:42:12.182721 [debug] [MainThread]: On master: /* {"app": "dbt", "dbt_version": "1.9.0b2", "profile_name": "servicenow_analytics", "target_name": "dev", "connection_name": "master"} */
with relation as (
        select
            pg_rewrite.ev_class as class,
            pg_rewrite.oid as id
        from pg_rewrite
    ),
    class as (
        select
            oid as id,
            relname as name,
            relnamespace as schema,
            relkind as kind
        from pg_class
    ),
    dependency as (
        select distinct
            pg_depend.objid as id,
            pg_depend.refobjid as ref
        from pg_depend
    ),
    schema as (
        select
            pg_namespace.oid as id,
            pg_namespace.nspname as name
        from pg_namespace
        where nspname != 'information_schema' and nspname not like 'pg\_%'
    ),
    referenced as (
        select
            relation.id AS id,
            referenced_class.name ,
            referenced_class.schema ,
            referenced_class.kind
        from relation
        join class as referenced_class on relation.class=referenced_class.id
        where referenced_class.kind in ('r', 'v', 'm')
    ),
    relationships as (
        select
            referenced.name as referenced_name,
            referenced.schema as referenced_schema_id,
            dependent_class.name as dependent_name,
            dependent_class.schema as dependent_schema_id,
            referenced.kind as kind
        from referenced
        join dependency on referenced.id=dependency.id
        join class as dependent_class on dependency.ref=dependent_class.id
        where
            (referenced.name != dependent_class.name or
             referenced.schema != dependent_class.schema)
    )

    select
        referenced_schema.name as referenced_schema,
        relationships.referenced_name as referenced_name,
        dependent_schema.name as dependent_schema,
        relationships.dependent_name as dependent_name
    from relationships
    join schema as dependent_schema on relationships.dependent_schema_id=dependent_schema.id
    join schema as referenced_schema on relationships.referenced_schema_id=referenced_schema.id
    group by referenced_schema, referenced_name, dependent_schema, dependent_name
    order by referenced_schema, referenced_name, dependent_schema, dependent_name;
[0m19:42:12.187488 [debug] [MainThread]: SQL status: SELECT 0 in 0.004 seconds
[0m19:42:12.188703 [debug] [MainThread]: Sending event: {'category': 'dbt', 'action': 'runnable_timing', 'label': 'f98f5941-1a10-4be2-8875-56a33a959ff3', 'context': [<snowplow_tracker.self_describing_json.SelfDescribingJson object at 0x10bdd6700>]}
[0m19:42:12.189164 [debug] [MainThread]: On master: ROLLBACK
[0m19:42:12.189760 [debug] [MainThread]: Using postgres connection "master"
[0m19:42:12.190266 [debug] [MainThread]: On master: BEGIN
[0m19:42:12.191003 [debug] [MainThread]: SQL status: BEGIN in 0.000 seconds
[0m19:42:12.191405 [debug] [MainThread]: On master: COMMIT
[0m19:42:12.191767 [debug] [MainThread]: Using postgres connection "master"
[0m19:42:12.192104 [debug] [MainThread]: On master: COMMIT
[0m19:42:12.192632 [debug] [MainThread]: SQL status: COMMIT in 0.000 seconds
[0m19:42:12.193023 [debug] [MainThread]: On master: Close
[0m19:42:12.196921 [debug] [Thread-1  ]: Began running node model.servicenow_analytics.servicenow_tickets_closure_rate
[0m19:42:12.198285 [info ] [Thread-1  ]: 1 of 1 START sql table model analytics.servicenow_tickets_closure_rate ......... [RUN]
[0m19:42:12.199494 [debug] [Thread-1  ]: Re-using an available connection from the pool (formerly list_db_analytics, now model.servicenow_analytics.servicenow_tickets_closure_rate)
[0m19:42:12.200192 [debug] [Thread-1  ]: Began compiling node model.servicenow_analytics.servicenow_tickets_closure_rate
[0m19:42:12.212645 [debug] [Thread-1  ]: Writing injected SQL for node "model.servicenow_analytics.servicenow_tickets_closure_rate"
[0m19:42:12.213735 [debug] [Thread-1  ]: Began executing node model.servicenow_analytics.servicenow_tickets_closure_rate
[0m19:42:12.267381 [debug] [Thread-1  ]: Writing runtime sql for node "model.servicenow_analytics.servicenow_tickets_closure_rate"
[0m19:42:12.268300 [debug] [Thread-1  ]: Using postgres connection "model.servicenow_analytics.servicenow_tickets_closure_rate"
[0m19:42:12.268704 [debug] [Thread-1  ]: On model.servicenow_analytics.servicenow_tickets_closure_rate: BEGIN
[0m19:42:12.269051 [debug] [Thread-1  ]: Opening a new connection, currently in state closed
[0m19:42:12.282619 [debug] [Thread-1  ]: SQL status: BEGIN in 0.013 seconds
[0m19:42:12.283112 [debug] [Thread-1  ]: Using postgres connection "model.servicenow_analytics.servicenow_tickets_closure_rate"
[0m19:42:12.283504 [debug] [Thread-1  ]: On model.servicenow_analytics.servicenow_tickets_closure_rate: /* {"app": "dbt", "dbt_version": "1.9.0b2", "profile_name": "servicenow_analytics", "target_name": "dev", "node_id": "model.servicenow_analytics.servicenow_tickets_closure_rate"} */

  
    

  create  table "db"."analytics"."servicenow_tickets_closure_rate__dbt_tmp"
  
  
    as
  
  (
    -- models/staging/servicenow_tickets_closure_rate.sql

SELECT
    assigned_group,
    COUNT(*) AS total_tickets,
    SUM(CASE WHEN status = 'Closed' THEN 1 ELSE 0 END) AS closed_tickets,
    ROUND(
        SUM(CASE WHEN status = 'Closed' THEN 1 ELSE 0 END)::DECIMAL
        / NULLIF(COUNT(*), 0), 2
    ) AS closure_rate
FROM "db"."analytics"."servicenow_tickets_cleaned"
GROUP BY assigned_group
  );
  
[0m19:42:12.291698 [debug] [Thread-1  ]: SQL status: SELECT 177 in 0.007 seconds
[0m19:42:12.299278 [debug] [Thread-1  ]: Using postgres connection "model.servicenow_analytics.servicenow_tickets_closure_rate"
[0m19:42:12.299760 [debug] [Thread-1  ]: On model.servicenow_analytics.servicenow_tickets_closure_rate: /* {"app": "dbt", "dbt_version": "1.9.0b2", "profile_name": "servicenow_analytics", "target_name": "dev", "node_id": "model.servicenow_analytics.servicenow_tickets_closure_rate"} */
alter table "db"."analytics"."servicenow_tickets_closure_rate__dbt_tmp" rename to "servicenow_tickets_closure_rate"
[0m19:42:12.301013 [debug] [Thread-1  ]: SQL status: ALTER TABLE in 0.001 seconds
[0m19:42:12.321508 [debug] [Thread-1  ]: On model.servicenow_analytics.servicenow_tickets_closure_rate: COMMIT
[0m19:42:12.321999 [debug] [Thread-1  ]: Using postgres connection "model.servicenow_analytics.servicenow_tickets_closure_rate"
[0m19:42:12.322350 [debug] [Thread-1  ]: On model.servicenow_analytics.servicenow_tickets_closure_rate: COMMIT
[0m19:42:12.323526 [debug] [Thread-1  ]: SQL status: COMMIT in 0.001 seconds
[0m19:42:12.330281 [debug] [Thread-1  ]: Applying DROP to: "db"."analytics"."servicenow_tickets_closure_rate__dbt_backup"
[0m19:42:12.334836 [debug] [Thread-1  ]: Using postgres connection "model.servicenow_analytics.servicenow_tickets_closure_rate"
[0m19:42:12.335278 [debug] [Thread-1  ]: On model.servicenow_analytics.servicenow_tickets_closure_rate: /* {"app": "dbt", "dbt_version": "1.9.0b2", "profile_name": "servicenow_analytics", "target_name": "dev", "node_id": "model.servicenow_analytics.servicenow_tickets_closure_rate"} */
drop table if exists "db"."analytics"."servicenow_tickets_closure_rate__dbt_backup" cascade
[0m19:42:12.336049 [debug] [Thread-1  ]: SQL status: DROP TABLE in 0.000 seconds
[0m19:42:12.338662 [debug] [Thread-1  ]: On model.servicenow_analytics.servicenow_tickets_closure_rate: Close
[0m19:42:12.340298 [debug] [Thread-1  ]: Sending event: {'category': 'dbt', 'action': 'run_model', 'label': 'f98f5941-1a10-4be2-8875-56a33a959ff3', 'context': [<snowplow_tracker.self_describing_json.SelfDescribingJson object at 0x10f163940>]}
[0m19:42:12.341403 [info ] [Thread-1  ]: 1 of 1 OK created sql table model analytics.servicenow_tickets_closure_rate .... [[32mSELECT 177[0m in 0.14s]
[0m19:42:12.342079 [debug] [Thread-1  ]: Finished running node model.servicenow_analytics.servicenow_tickets_closure_rate
[0m19:42:12.343434 [debug] [MainThread]: Using postgres connection "master"
[0m19:42:12.343785 [debug] [MainThread]: On master: BEGIN
[0m19:42:12.344069 [debug] [MainThread]: Opening a new connection, currently in state closed
[0m19:42:12.356147 [debug] [MainThread]: SQL status: BEGIN in 0.012 seconds
[0m19:42:12.356575 [debug] [MainThread]: On master: COMMIT
[0m19:42:12.356872 [debug] [MainThread]: Using postgres connection "master"
[0m19:42:12.357156 [debug] [MainThread]: On master: COMMIT
[0m19:42:12.357753 [debug] [MainThread]: SQL status: COMMIT in 0.000 seconds
[0m19:42:12.358233 [debug] [MainThread]: On master: Close
[0m19:42:12.358706 [debug] [MainThread]: Connection 'master' was properly closed.
[0m19:42:12.358992 [debug] [MainThread]: Connection 'model.servicenow_analytics.servicenow_tickets_closure_rate' was properly closed.
[0m19:42:12.359297 [info ] [MainThread]: 
[0m19:42:12.359636 [info ] [MainThread]: Finished running 1 table model in 0 hours 0 minutes and 0.33 seconds (0.33s).
[0m19:42:12.360377 [debug] [MainThread]: Command end result
[0m19:42:12.392780 [info ] [MainThread]: 
[0m19:42:12.393323 [info ] [MainThread]: [32mCompleted successfully[0m
[0m19:42:12.393637 [info ] [MainThread]: 
[0m19:42:12.393974 [info ] [MainThread]: Done. PASS=1 WARN=0 ERROR=0 SKIP=0 TOTAL=1
[0m19:42:12.396373 [debug] [MainThread]: Resource report: {"command_name": "run", "command_success": true, "command_wall_clock_time": 1.1799309, "process_user_time": 2.322045, "process_kernel_time": 0.388462, "process_mem_max_rss": "109080576", "process_in_blocks": "0", "process_out_blocks": "0"}
[0m19:42:12.397206 [debug] [MainThread]: Command `dbt run` succeeded at 19:42:12.397064 after 1.18 seconds
[0m19:42:12.397719 [debug] [MainThread]: Sending event: {'category': 'dbt', 'action': 'invocation', 'label': 'end', 'context': [<snowplow_tracker.self_describing_json.SelfDescribingJson object at 0x10d3ed6a0>, <snowplow_tracker.self_describing_json.SelfDescribingJson object at 0x10bd5bb80>, <snowplow_tracker.self_describing_json.SelfDescribingJson object at 0x10e37e4f0>]}
[0m19:42:12.398129 [debug] [MainThread]: Flushing usage events
[0m19:42:13.270490 [debug] [MainThread]: An error was encountered while trying to flush usage events
[0m19:42:27.111607 [debug] [MainThread]: Sending event: {'category': 'dbt', 'action': 'invocation', 'label': 'start', 'context': [<snowplow_tracker.self_describing_json.SelfDescribingJson object at 0x10d1a16a0>, <snowplow_tracker.self_describing_json.SelfDescribingJson object at 0x10def3430>, <snowplow_tracker.self_describing_json.SelfDescribingJson object at 0x10df29c40>]}


============================== 19:42:27.118088 | aa0fecd8-ed64-4a29-8d77-16bf4daaf7b8 ==============================
[0m19:42:27.118088 [info ] [MainThread]: Running with dbt=1.9.0-b2
[0m19:42:27.119062 [debug] [MainThread]: running dbt with arguments {'printer_width': '80', 'indirect_selection': 'eager', 'write_json': 'True', 'log_cache_events': 'False', 'partial_parse': 'True', 'cache_selected_only': 'False', 'profiles_dir': '/Users/charanlobo/.dbt', 'debug': 'False', 'fail_fast': 'False', 'log_path': '/Users/charanlobo/dbt_servicenow_project/logs', 'version_check': 'True', 'warn_error': 'None', 'use_colors': 'True', 'use_experimental_parser': 'False', 'no_print': 'None', 'quiet': 'False', 'empty': 'False', 'log_format': 'default', 'introspect': 'True', 'warn_error_options': 'WarnErrorOptions(include=[], exclude=[])', 'static_parser': 'True', 'target_path': 'None', 'invocation_command': 'dbt run --select servicenow_monthly_ticket_summary', 'send_anonymous_usage_stats': 'True'}
[0m19:42:27.327876 [debug] [MainThread]: Sending event: {'category': 'dbt', 'action': 'project_id', 'label': 'aa0fecd8-ed64-4a29-8d77-16bf4daaf7b8', 'context': [<snowplow_tracker.self_describing_json.SelfDescribingJson object at 0x10e1334f0>]}
[0m19:42:27.396848 [debug] [MainThread]: Sending event: {'category': 'dbt', 'action': 'adapter_info', 'label': 'aa0fecd8-ed64-4a29-8d77-16bf4daaf7b8', 'context': [<snowplow_tracker.self_describing_json.SelfDescribingJson object at 0x10bb04b80>]}
[0m19:42:27.398271 [info ] [MainThread]: Registered adapter: postgres=1.8.2
[0m19:42:27.419824 [debug] [MainThread]: checksum: 4cfbbe2a671212f062e88a43cba5322b30b7e3e8e91b953aa4de249eeaade60f, vars: {}, profile: , target: , version: 1.9.0b2
[0m19:42:27.592872 [debug] [MainThread]: Partial parsing enabled: 0 files deleted, 0 files added, 0 files changed.
[0m19:42:27.593312 [debug] [MainThread]: Partial parsing enabled, no changes found, skipping parsing
[0m19:42:27.638682 [debug] [MainThread]: Sending event: {'category': 'dbt', 'action': 'load_project', 'label': 'aa0fecd8-ed64-4a29-8d77-16bf4daaf7b8', 'context': [<snowplow_tracker.self_describing_json.SelfDescribingJson object at 0x10e5f7af0>]}
[0m19:42:27.763210 [debug] [MainThread]: Sending event: {'category': 'dbt', 'action': 'resource_counts', 'label': 'aa0fecd8-ed64-4a29-8d77-16bf4daaf7b8', 'context': [<snowplow_tracker.self_describing_json.SelfDescribingJson object at 0x10e65ac10>]}
[0m19:42:27.764017 [info ] [MainThread]: Found 6 models, 1 source, 423 macros
[0m19:42:27.764530 [debug] [MainThread]: Sending event: {'category': 'dbt', 'action': 'runnable_timing', 'label': 'aa0fecd8-ed64-4a29-8d77-16bf4daaf7b8', 'context': [<snowplow_tracker.self_describing_json.SelfDescribingJson object at 0x10e60fa30>]}
[0m19:42:27.766326 [info ] [MainThread]: 
[0m19:42:27.766845 [info ] [MainThread]: Concurrency: 4 threads (target='dev')
[0m19:42:27.767263 [info ] [MainThread]: 
[0m19:42:27.767992 [debug] [MainThread]: Acquiring new postgres connection 'master'
[0m19:42:27.769439 [debug] [ThreadPool]: Acquiring new postgres connection 'list_db'
[0m19:42:27.837014 [debug] [ThreadPool]: Using postgres connection "list_db"
[0m19:42:27.837475 [debug] [ThreadPool]: On list_db: /* {"app": "dbt", "dbt_version": "1.9.0b2", "profile_name": "servicenow_analytics", "target_name": "dev", "connection_name": "list_db"} */

    select distinct nspname from pg_namespace
  
[0m19:42:27.837797 [debug] [ThreadPool]: Opening a new connection, currently in state init
[0m19:42:27.867460 [debug] [ThreadPool]: SQL status: SELECT 6 in 0.030 seconds
[0m19:42:27.868928 [debug] [ThreadPool]: On list_db: Close
[0m19:42:27.875101 [debug] [ThreadPool]: Re-using an available connection from the pool (formerly list_db, now list_db_analytics)
[0m19:42:27.881929 [debug] [ThreadPool]: Using postgres connection "list_db_analytics"
[0m19:42:27.882357 [debug] [ThreadPool]: On list_db_analytics: BEGIN
[0m19:42:27.882647 [debug] [ThreadPool]: Opening a new connection, currently in state closed
[0m19:42:27.897984 [debug] [ThreadPool]: SQL status: BEGIN in 0.015 seconds
[0m19:42:27.898501 [debug] [ThreadPool]: Using postgres connection "list_db_analytics"
[0m19:42:27.898851 [debug] [ThreadPool]: On list_db_analytics: /* {"app": "dbt", "dbt_version": "1.9.0b2", "profile_name": "servicenow_analytics", "target_name": "dev", "connection_name": "list_db_analytics"} */
select
      'db' as database,
      tablename as name,
      schemaname as schema,
      'table' as type
    from pg_tables
    where schemaname ilike 'analytics'
    union all
    select
      'db' as database,
      viewname as name,
      schemaname as schema,
      'view' as type
    from pg_views
    where schemaname ilike 'analytics'
    union all
    select
      'db' as database,
      matviewname as name,
      schemaname as schema,
      'materialized_view' as type
    from pg_matviews
    where schemaname ilike 'analytics'
  
[0m19:42:27.903701 [debug] [ThreadPool]: SQL status: SELECT 5 in 0.004 seconds
[0m19:42:27.905272 [debug] [ThreadPool]: On list_db_analytics: ROLLBACK
[0m19:42:27.905812 [debug] [ThreadPool]: On list_db_analytics: Close
[0m19:42:27.911928 [debug] [MainThread]: Using postgres connection "master"
[0m19:42:27.912523 [debug] [MainThread]: On master: BEGIN
[0m19:42:27.912930 [debug] [MainThread]: Opening a new connection, currently in state init
[0m19:42:27.925575 [debug] [MainThread]: SQL status: BEGIN in 0.013 seconds
[0m19:42:27.926032 [debug] [MainThread]: Using postgres connection "master"
[0m19:42:27.926504 [debug] [MainThread]: On master: /* {"app": "dbt", "dbt_version": "1.9.0b2", "profile_name": "servicenow_analytics", "target_name": "dev", "connection_name": "master"} */
with relation as (
        select
            pg_rewrite.ev_class as class,
            pg_rewrite.oid as id
        from pg_rewrite
    ),
    class as (
        select
            oid as id,
            relname as name,
            relnamespace as schema,
            relkind as kind
        from pg_class
    ),
    dependency as (
        select distinct
            pg_depend.objid as id,
            pg_depend.refobjid as ref
        from pg_depend
    ),
    schema as (
        select
            pg_namespace.oid as id,
            pg_namespace.nspname as name
        from pg_namespace
        where nspname != 'information_schema' and nspname not like 'pg\_%'
    ),
    referenced as (
        select
            relation.id AS id,
            referenced_class.name ,
            referenced_class.schema ,
            referenced_class.kind
        from relation
        join class as referenced_class on relation.class=referenced_class.id
        where referenced_class.kind in ('r', 'v', 'm')
    ),
    relationships as (
        select
            referenced.name as referenced_name,
            referenced.schema as referenced_schema_id,
            dependent_class.name as dependent_name,
            dependent_class.schema as dependent_schema_id,
            referenced.kind as kind
        from referenced
        join dependency on referenced.id=dependency.id
        join class as dependent_class on dependency.ref=dependent_class.id
        where
            (referenced.name != dependent_class.name or
             referenced.schema != dependent_class.schema)
    )

    select
        referenced_schema.name as referenced_schema,
        relationships.referenced_name as referenced_name,
        dependent_schema.name as dependent_schema,
        relationships.dependent_name as dependent_name
    from relationships
    join schema as dependent_schema on relationships.dependent_schema_id=dependent_schema.id
    join schema as referenced_schema on relationships.referenced_schema_id=referenced_schema.id
    group by referenced_schema, referenced_name, dependent_schema, dependent_name
    order by referenced_schema, referenced_name, dependent_schema, dependent_name;
[0m19:42:27.931403 [debug] [MainThread]: SQL status: SELECT 0 in 0.004 seconds
[0m19:42:27.932661 [debug] [MainThread]: Sending event: {'category': 'dbt', 'action': 'runnable_timing', 'label': 'aa0fecd8-ed64-4a29-8d77-16bf4daaf7b8', 'context': [<snowplow_tracker.self_describing_json.SelfDescribingJson object at 0x10bb8b700>]}
[0m19:42:27.933144 [debug] [MainThread]: On master: ROLLBACK
[0m19:42:27.933691 [debug] [MainThread]: Using postgres connection "master"
[0m19:42:27.934067 [debug] [MainThread]: On master: BEGIN
[0m19:42:27.934593 [debug] [MainThread]: SQL status: BEGIN in 0.000 seconds
[0m19:42:27.934915 [debug] [MainThread]: On master: COMMIT
[0m19:42:27.935210 [debug] [MainThread]: Using postgres connection "master"
[0m19:42:27.935493 [debug] [MainThread]: On master: COMMIT
[0m19:42:27.935969 [debug] [MainThread]: SQL status: COMMIT in 0.000 seconds
[0m19:42:27.936285 [debug] [MainThread]: On master: Close
[0m19:42:27.939021 [debug] [Thread-1  ]: Began running node model.servicenow_analytics.servicenow_monthly_ticket_summary
[0m19:42:27.939638 [info ] [Thread-1  ]: 1 of 1 START sql table model analytics.servicenow_monthly_ticket_summary ....... [RUN]
[0m19:42:27.940133 [debug] [Thread-1  ]: Re-using an available connection from the pool (formerly list_db_analytics, now model.servicenow_analytics.servicenow_monthly_ticket_summary)
[0m19:42:27.940519 [debug] [Thread-1  ]: Began compiling node model.servicenow_analytics.servicenow_monthly_ticket_summary
[0m19:42:27.949765 [debug] [Thread-1  ]: Writing injected SQL for node "model.servicenow_analytics.servicenow_monthly_ticket_summary"
[0m19:42:27.950595 [debug] [Thread-1  ]: Began executing node model.servicenow_analytics.servicenow_monthly_ticket_summary
[0m19:42:27.994495 [debug] [Thread-1  ]: Writing runtime sql for node "model.servicenow_analytics.servicenow_monthly_ticket_summary"
[0m19:42:27.995386 [debug] [Thread-1  ]: Using postgres connection "model.servicenow_analytics.servicenow_monthly_ticket_summary"
[0m19:42:27.996001 [debug] [Thread-1  ]: On model.servicenow_analytics.servicenow_monthly_ticket_summary: BEGIN
[0m19:42:27.996433 [debug] [Thread-1  ]: Opening a new connection, currently in state closed
[0m19:42:28.009554 [debug] [Thread-1  ]: SQL status: BEGIN in 0.013 seconds
[0m19:42:28.010042 [debug] [Thread-1  ]: Using postgres connection "model.servicenow_analytics.servicenow_monthly_ticket_summary"
[0m19:42:28.010440 [debug] [Thread-1  ]: On model.servicenow_analytics.servicenow_monthly_ticket_summary: /* {"app": "dbt", "dbt_version": "1.9.0b2", "profile_name": "servicenow_analytics", "target_name": "dev", "node_id": "model.servicenow_analytics.servicenow_monthly_ticket_summary"} */

  
    

  create  table "db"."analytics"."servicenow_monthly_ticket_summary__dbt_tmp"
  
  
    as
  
  (
    -- models/staging/servicenow_monthly_ticket_summary.sql

SELECT
    DATE_TRUNC('month', created_date) AS month,
    category,
    priority,
    COUNT(*) AS total_tickets,
    ROUND(AVG(EXTRACT(EPOCH FROM (resolved_date - created_date)) / 3600), 2) AS avg_resolution_time_hrs,
    ROUND(
        SUM(CASE WHEN status = 'Closed' THEN 1 ELSE 0 END)::DECIMAL
        / NULLIF(COUNT(*), 0), 2
    ) AS closure_rate
FROM "db"."analytics"."servicenow_tickets_cleaned"
GROUP BY 1, 2, 3
ORDER BY 1
  );
  
[0m19:42:28.021633 [debug] [Thread-1  ]: SQL status: SELECT 20 in 0.011 seconds
[0m19:42:28.029855 [debug] [Thread-1  ]: Using postgres connection "model.servicenow_analytics.servicenow_monthly_ticket_summary"
[0m19:42:28.030422 [debug] [Thread-1  ]: On model.servicenow_analytics.servicenow_monthly_ticket_summary: /* {"app": "dbt", "dbt_version": "1.9.0b2", "profile_name": "servicenow_analytics", "target_name": "dev", "node_id": "model.servicenow_analytics.servicenow_monthly_ticket_summary"} */
alter table "db"."analytics"."servicenow_monthly_ticket_summary__dbt_tmp" rename to "servicenow_monthly_ticket_summary"
[0m19:42:28.031429 [debug] [Thread-1  ]: SQL status: ALTER TABLE in 0.001 seconds
[0m19:42:28.051722 [debug] [Thread-1  ]: On model.servicenow_analytics.servicenow_monthly_ticket_summary: COMMIT
[0m19:42:28.052209 [debug] [Thread-1  ]: Using postgres connection "model.servicenow_analytics.servicenow_monthly_ticket_summary"
[0m19:42:28.052567 [debug] [Thread-1  ]: On model.servicenow_analytics.servicenow_monthly_ticket_summary: COMMIT
[0m19:42:28.053625 [debug] [Thread-1  ]: SQL status: COMMIT in 0.001 seconds
[0m19:42:28.060920 [debug] [Thread-1  ]: Applying DROP to: "db"."analytics"."servicenow_monthly_ticket_summary__dbt_backup"
[0m19:42:28.065909 [debug] [Thread-1  ]: Using postgres connection "model.servicenow_analytics.servicenow_monthly_ticket_summary"
[0m19:42:28.066387 [debug] [Thread-1  ]: On model.servicenow_analytics.servicenow_monthly_ticket_summary: /* {"app": "dbt", "dbt_version": "1.9.0b2", "profile_name": "servicenow_analytics", "target_name": "dev", "node_id": "model.servicenow_analytics.servicenow_monthly_ticket_summary"} */
drop table if exists "db"."analytics"."servicenow_monthly_ticket_summary__dbt_backup" cascade
[0m19:42:28.067172 [debug] [Thread-1  ]: SQL status: DROP TABLE in 0.000 seconds
[0m19:42:28.069593 [debug] [Thread-1  ]: On model.servicenow_analytics.servicenow_monthly_ticket_summary: Close
[0m19:42:28.071132 [debug] [Thread-1  ]: Sending event: {'category': 'dbt', 'action': 'run_model', 'label': 'aa0fecd8-ed64-4a29-8d77-16bf4daaf7b8', 'context': [<snowplow_tracker.self_describing_json.SelfDescribingJson object at 0x10ef16b20>]}
[0m19:42:28.071874 [info ] [Thread-1  ]: 1 of 1 OK created sql table model analytics.servicenow_monthly_ticket_summary .. [[32mSELECT 20[0m in 0.13s]
[0m19:42:28.072518 [debug] [Thread-1  ]: Finished running node model.servicenow_analytics.servicenow_monthly_ticket_summary
[0m19:42:28.073794 [debug] [MainThread]: Using postgres connection "master"
[0m19:42:28.074152 [debug] [MainThread]: On master: BEGIN
[0m19:42:28.074452 [debug] [MainThread]: Opening a new connection, currently in state closed
[0m19:42:28.086750 [debug] [MainThread]: SQL status: BEGIN in 0.012 seconds
[0m19:42:28.087185 [debug] [MainThread]: On master: COMMIT
[0m19:42:28.087488 [debug] [MainThread]: Using postgres connection "master"
[0m19:42:28.087776 [debug] [MainThread]: On master: COMMIT
[0m19:42:28.088233 [debug] [MainThread]: SQL status: COMMIT in 0.000 seconds
[0m19:42:28.088545 [debug] [MainThread]: On master: Close
[0m19:42:28.088985 [debug] [MainThread]: Connection 'master' was properly closed.
[0m19:42:28.089272 [debug] [MainThread]: Connection 'model.servicenow_analytics.servicenow_monthly_ticket_summary' was properly closed.
[0m19:42:28.089585 [info ] [MainThread]: 
[0m19:42:28.089928 [info ] [MainThread]: Finished running 1 table model in 0 hours 0 minutes and 0.32 seconds (0.32s).
[0m19:42:28.090752 [debug] [MainThread]: Command end result
[0m19:42:28.122354 [info ] [MainThread]: 
[0m19:42:28.122889 [info ] [MainThread]: [32mCompleted successfully[0m
[0m19:42:28.123207 [info ] [MainThread]: 
[0m19:42:28.123546 [info ] [MainThread]: Done. PASS=1 WARN=0 ERROR=0 SKIP=0 TOTAL=1
[0m19:42:28.125998 [debug] [MainThread]: Resource report: {"command_name": "run", "command_success": true, "command_wall_clock_time": 1.1047375, "process_user_time": 2.317757, "process_kernel_time": 0.373163, "process_mem_max_rss": "109101056", "process_in_blocks": "0", "process_out_blocks": "0"}
[0m19:42:28.126767 [debug] [MainThread]: Command `dbt run` succeeded at 19:42:28.126640 after 1.11 seconds
[0m19:42:28.127206 [debug] [MainThread]: Sending event: {'category': 'dbt', 'action': 'invocation', 'label': 'end', 'context': [<snowplow_tracker.self_describing_json.SelfDescribingJson object at 0x10d1a16a0>, <snowplow_tracker.self_describing_json.SelfDescribingJson object at 0x10bb04b80>, <snowplow_tracker.self_describing_json.SelfDescribingJson object at 0x10e1334f0>]}
[0m19:42:28.127620 [debug] [MainThread]: Flushing usage events
[0m19:42:29.632508 [debug] [MainThread]: An error was encountered while trying to flush usage events
[0m20:00:24.201979 [debug] [MainThread]: Sending event: {'category': 'dbt', 'action': 'invocation', 'label': 'start', 'context': [<snowplow_tracker.self_describing_json.SelfDescribingJson object at 0x10512a6a0>, <snowplow_tracker.self_describing_json.SelfDescribingJson object at 0x105e84430>, <snowplow_tracker.self_describing_json.SelfDescribingJson object at 0x105eb4c40>]}


============================== 20:00:24.209354 | 1493eab8-3064-4b8a-9a39-b5fd85ef1531 ==============================
[0m20:00:24.209354 [info ] [MainThread]: Running with dbt=1.9.0-b2
[0m20:00:24.210241 [debug] [MainThread]: running dbt with arguments {'printer_width': '80', 'indirect_selection': 'eager', 'log_cache_events': 'False', 'write_json': 'True', 'partial_parse': 'True', 'cache_selected_only': 'False', 'warn_error': 'None', 'version_check': 'True', 'profiles_dir': '/Users/charanlobo/.dbt', 'log_path': '/Users/charanlobo/dbt_servicenow_project/logs', 'fail_fast': 'False', 'debug': 'False', 'use_colors': 'True', 'use_experimental_parser': 'False', 'empty': 'False', 'quiet': 'False', 'no_print': 'None', 'warn_error_options': 'WarnErrorOptions(include=[], exclude=[])', 'introspect': 'True', 'static_parser': 'True', 'invocation_command': 'dbt run --select servicenow_tickets_cleaned', 'target_path': 'None', 'log_format': 'default', 'send_anonymous_usage_stats': 'True'}
[0m20:00:24.502424 [debug] [MainThread]: Sending event: {'category': 'dbt', 'action': 'project_id', 'label': '1493eab8-3064-4b8a-9a39-b5fd85ef1531', 'context': [<snowplow_tracker.self_describing_json.SelfDescribingJson object at 0x1060a64f0>]}
[0m20:00:24.572659 [debug] [MainThread]: Sending event: {'category': 'dbt', 'action': 'adapter_info', 'label': '1493eab8-3064-4b8a-9a39-b5fd85ef1531', 'context': [<snowplow_tracker.self_describing_json.SelfDescribingJson object at 0x103a97b80>]}
[0m20:00:24.574691 [info ] [MainThread]: Registered adapter: postgres=1.8.2
[0m20:00:24.597808 [debug] [MainThread]: checksum: 4cfbbe2a671212f062e88a43cba5322b30b7e3e8e91b953aa4de249eeaade60f, vars: {}, profile: , target: , version: 1.9.0b2
[0m20:00:24.795928 [debug] [MainThread]: Partial parsing enabled: 0 files deleted, 0 files added, 0 files changed.
[0m20:00:24.796520 [debug] [MainThread]: Partial parsing enabled, no changes found, skipping parsing
[0m20:00:24.844079 [debug] [MainThread]: Sending event: {'category': 'dbt', 'action': 'load_project', 'label': '1493eab8-3064-4b8a-9a39-b5fd85ef1531', 'context': [<snowplow_tracker.self_describing_json.SelfDescribingJson object at 0x106580af0>]}
[0m20:00:24.978045 [debug] [MainThread]: Sending event: {'category': 'dbt', 'action': 'resource_counts', 'label': '1493eab8-3064-4b8a-9a39-b5fd85ef1531', 'context': [<snowplow_tracker.self_describing_json.SelfDescribingJson object at 0x1065e3c10>]}
[0m20:00:24.978693 [info ] [MainThread]: Found 6 models, 1 source, 423 macros
[0m20:00:24.979072 [debug] [MainThread]: Sending event: {'category': 'dbt', 'action': 'runnable_timing', 'label': '1493eab8-3064-4b8a-9a39-b5fd85ef1531', 'context': [<snowplow_tracker.self_describing_json.SelfDescribingJson object at 0x106597a30>]}
[0m20:00:24.980549 [info ] [MainThread]: 
[0m20:00:24.981100 [info ] [MainThread]: Concurrency: 4 threads (target='dev')
[0m20:00:24.981426 [info ] [MainThread]: 
[0m20:00:24.981998 [debug] [MainThread]: Acquiring new postgres connection 'master'
[0m20:00:24.982964 [debug] [ThreadPool]: Acquiring new postgres connection 'list_db'
[0m20:00:25.052563 [debug] [ThreadPool]: Using postgres connection "list_db"
[0m20:00:25.053018 [debug] [ThreadPool]: On list_db: /* {"app": "dbt", "dbt_version": "1.9.0b2", "profile_name": "servicenow_analytics", "target_name": "dev", "connection_name": "list_db"} */

    select distinct nspname from pg_namespace
  
[0m20:00:25.053328 [debug] [ThreadPool]: Opening a new connection, currently in state init
[0m20:00:25.082421 [debug] [ThreadPool]: SQL status: SELECT 6 in 0.029 seconds
[0m20:00:25.083912 [debug] [ThreadPool]: On list_db: Close
[0m20:00:25.089521 [debug] [ThreadPool]: Re-using an available connection from the pool (formerly list_db, now list_db_analytics)
[0m20:00:25.095811 [debug] [ThreadPool]: Using postgres connection "list_db_analytics"
[0m20:00:25.096176 [debug] [ThreadPool]: On list_db_analytics: BEGIN
[0m20:00:25.096459 [debug] [ThreadPool]: Opening a new connection, currently in state closed
[0m20:00:25.109883 [debug] [ThreadPool]: SQL status: BEGIN in 0.013 seconds
[0m20:00:25.110373 [debug] [ThreadPool]: Using postgres connection "list_db_analytics"
[0m20:00:25.110762 [debug] [ThreadPool]: On list_db_analytics: /* {"app": "dbt", "dbt_version": "1.9.0b2", "profile_name": "servicenow_analytics", "target_name": "dev", "connection_name": "list_db_analytics"} */
select
      'db' as database,
      tablename as name,
      schemaname as schema,
      'table' as type
    from pg_tables
    where schemaname ilike 'analytics'
    union all
    select
      'db' as database,
      viewname as name,
      schemaname as schema,
      'view' as type
    from pg_views
    where schemaname ilike 'analytics'
    union all
    select
      'db' as database,
      matviewname as name,
      schemaname as schema,
      'materialized_view' as type
    from pg_matviews
    where schemaname ilike 'analytics'
  
[0m20:00:25.118110 [debug] [ThreadPool]: SQL status: SELECT 6 in 0.007 seconds
[0m20:00:25.120223 [debug] [ThreadPool]: On list_db_analytics: ROLLBACK
[0m20:00:25.120959 [debug] [ThreadPool]: On list_db_analytics: Close
[0m20:00:25.128169 [debug] [MainThread]: Using postgres connection "master"
[0m20:00:25.128624 [debug] [MainThread]: On master: BEGIN
[0m20:00:25.128962 [debug] [MainThread]: Opening a new connection, currently in state init
[0m20:00:25.144002 [debug] [MainThread]: SQL status: BEGIN in 0.015 seconds
[0m20:00:25.144566 [debug] [MainThread]: Using postgres connection "master"
[0m20:00:25.145118 [debug] [MainThread]: On master: /* {"app": "dbt", "dbt_version": "1.9.0b2", "profile_name": "servicenow_analytics", "target_name": "dev", "connection_name": "master"} */
with relation as (
        select
            pg_rewrite.ev_class as class,
            pg_rewrite.oid as id
        from pg_rewrite
    ),
    class as (
        select
            oid as id,
            relname as name,
            relnamespace as schema,
            relkind as kind
        from pg_class
    ),
    dependency as (
        select distinct
            pg_depend.objid as id,
            pg_depend.refobjid as ref
        from pg_depend
    ),
    schema as (
        select
            pg_namespace.oid as id,
            pg_namespace.nspname as name
        from pg_namespace
        where nspname != 'information_schema' and nspname not like 'pg\_%'
    ),
    referenced as (
        select
            relation.id AS id,
            referenced_class.name ,
            referenced_class.schema ,
            referenced_class.kind
        from relation
        join class as referenced_class on relation.class=referenced_class.id
        where referenced_class.kind in ('r', 'v', 'm')
    ),
    relationships as (
        select
            referenced.name as referenced_name,
            referenced.schema as referenced_schema_id,
            dependent_class.name as dependent_name,
            dependent_class.schema as dependent_schema_id,
            referenced.kind as kind
        from referenced
        join dependency on referenced.id=dependency.id
        join class as dependent_class on dependency.ref=dependent_class.id
        where
            (referenced.name != dependent_class.name or
             referenced.schema != dependent_class.schema)
    )

    select
        referenced_schema.name as referenced_schema,
        relationships.referenced_name as referenced_name,
        dependent_schema.name as dependent_schema,
        relationships.dependent_name as dependent_name
    from relationships
    join schema as dependent_schema on relationships.dependent_schema_id=dependent_schema.id
    join schema as referenced_schema on relationships.referenced_schema_id=referenced_schema.id
    group by referenced_schema, referenced_name, dependent_schema, dependent_name
    order by referenced_schema, referenced_name, dependent_schema, dependent_name;
[0m20:00:25.152388 [debug] [MainThread]: SQL status: SELECT 0 in 0.006 seconds
[0m20:00:25.154749 [debug] [MainThread]: Sending event: {'category': 'dbt', 'action': 'runnable_timing', 'label': '1493eab8-3064-4b8a-9a39-b5fd85ef1531', 'context': [<snowplow_tracker.self_describing_json.SelfDescribingJson object at 0x106bc4d60>]}
[0m20:00:25.155461 [debug] [MainThread]: On master: ROLLBACK
[0m20:00:25.156254 [debug] [MainThread]: Using postgres connection "master"
[0m20:00:25.156720 [debug] [MainThread]: On master: BEGIN
[0m20:00:25.157484 [debug] [MainThread]: SQL status: BEGIN in 0.000 seconds
[0m20:00:25.157930 [debug] [MainThread]: On master: COMMIT
[0m20:00:25.158342 [debug] [MainThread]: Using postgres connection "master"
[0m20:00:25.158738 [debug] [MainThread]: On master: COMMIT
[0m20:00:25.159327 [debug] [MainThread]: SQL status: COMMIT in 0.000 seconds
[0m20:00:25.159763 [debug] [MainThread]: On master: Close
[0m20:00:25.163351 [debug] [Thread-1  ]: Began running node model.servicenow_analytics.servicenow_tickets_cleaned
[0m20:00:25.164236 [info ] [Thread-1  ]: 1 of 1 START sql table model analytics.servicenow_tickets_cleaned .............. [RUN]
[0m20:00:25.164913 [debug] [Thread-1  ]: Re-using an available connection from the pool (formerly list_db_analytics, now model.servicenow_analytics.servicenow_tickets_cleaned)
[0m20:00:25.165510 [debug] [Thread-1  ]: Began compiling node model.servicenow_analytics.servicenow_tickets_cleaned
[0m20:00:25.177265 [debug] [Thread-1  ]: Writing injected SQL for node "model.servicenow_analytics.servicenow_tickets_cleaned"
[0m20:00:25.179976 [debug] [Thread-1  ]: Began executing node model.servicenow_analytics.servicenow_tickets_cleaned
[0m20:00:25.235069 [debug] [Thread-1  ]: Writing runtime sql for node "model.servicenow_analytics.servicenow_tickets_cleaned"
[0m20:00:25.236081 [debug] [Thread-1  ]: Using postgres connection "model.servicenow_analytics.servicenow_tickets_cleaned"
[0m20:00:25.236474 [debug] [Thread-1  ]: On model.servicenow_analytics.servicenow_tickets_cleaned: BEGIN
[0m20:00:25.236814 [debug] [Thread-1  ]: Opening a new connection, currently in state closed
[0m20:00:25.249442 [debug] [Thread-1  ]: SQL status: BEGIN in 0.013 seconds
[0m20:00:25.249909 [debug] [Thread-1  ]: Using postgres connection "model.servicenow_analytics.servicenow_tickets_cleaned"
[0m20:00:25.250299 [debug] [Thread-1  ]: On model.servicenow_analytics.servicenow_tickets_cleaned: /* {"app": "dbt", "dbt_version": "1.9.0b2", "profile_name": "servicenow_analytics", "target_name": "dev", "node_id": "model.servicenow_analytics.servicenow_tickets_cleaned"} */

  
    

  create  table "db"."analytics"."servicenow_tickets_cleaned__dbt_tmp"
  
  
    as
  
  (
    

WITH cleaned AS (
    SELECT DISTINCT
        inc_number AS ticket_id,
        inc_category AS category,
        inc_priority AS priority,
        inc_sys_created_on AS created_date,
        inc_resolved_at AS resolved_date,
        inc_assignment_group AS assigned_group,
        inc_state AS status,
        inc_assigned_to AS technician,
        inc_close_code AS close_code,
        inc_close_notes AS close_notes
    FROM "db"."public"."servicenow_tickets_raw"
    WHERE inc_sys_created_on IS NOT NULL
        AND inc_resolved_at IS NOT NULL
        AND inc_number IS NOT NULL
)

SELECT * FROM cleaned
  );
  
[0m20:00:25.279012 [debug] [Thread-1  ]: SQL status: SELECT 4805 in 0.028 seconds
[0m20:00:25.291629 [debug] [Thread-1  ]: Using postgres connection "model.servicenow_analytics.servicenow_tickets_cleaned"
[0m20:00:25.292280 [debug] [Thread-1  ]: On model.servicenow_analytics.servicenow_tickets_cleaned: /* {"app": "dbt", "dbt_version": "1.9.0b2", "profile_name": "servicenow_analytics", "target_name": "dev", "node_id": "model.servicenow_analytics.servicenow_tickets_cleaned"} */
alter table "db"."analytics"."servicenow_tickets_cleaned" rename to "servicenow_tickets_cleaned__dbt_backup"
[0m20:00:25.293319 [debug] [Thread-1  ]: SQL status: ALTER TABLE in 0.001 seconds
[0m20:00:25.297910 [debug] [Thread-1  ]: Using postgres connection "model.servicenow_analytics.servicenow_tickets_cleaned"
[0m20:00:25.298471 [debug] [Thread-1  ]: On model.servicenow_analytics.servicenow_tickets_cleaned: /* {"app": "dbt", "dbt_version": "1.9.0b2", "profile_name": "servicenow_analytics", "target_name": "dev", "node_id": "model.servicenow_analytics.servicenow_tickets_cleaned"} */
alter table "db"."analytics"."servicenow_tickets_cleaned__dbt_tmp" rename to "servicenow_tickets_cleaned"
[0m20:00:25.299844 [debug] [Thread-1  ]: SQL status: ALTER TABLE in 0.001 seconds
[0m20:00:25.330331 [debug] [Thread-1  ]: On model.servicenow_analytics.servicenow_tickets_cleaned: COMMIT
[0m20:00:25.330814 [debug] [Thread-1  ]: Using postgres connection "model.servicenow_analytics.servicenow_tickets_cleaned"
[0m20:00:25.331241 [debug] [Thread-1  ]: On model.servicenow_analytics.servicenow_tickets_cleaned: COMMIT
[0m20:00:25.333780 [debug] [Thread-1  ]: SQL status: COMMIT in 0.002 seconds
[0m20:00:25.341411 [debug] [Thread-1  ]: Applying DROP to: "db"."analytics"."servicenow_tickets_cleaned__dbt_backup"
[0m20:00:25.346008 [debug] [Thread-1  ]: Using postgres connection "model.servicenow_analytics.servicenow_tickets_cleaned"
[0m20:00:25.346416 [debug] [Thread-1  ]: On model.servicenow_analytics.servicenow_tickets_cleaned: /* {"app": "dbt", "dbt_version": "1.9.0b2", "profile_name": "servicenow_analytics", "target_name": "dev", "node_id": "model.servicenow_analytics.servicenow_tickets_cleaned"} */
drop table if exists "db"."analytics"."servicenow_tickets_cleaned__dbt_backup" cascade
[0m20:00:25.352714 [debug] [Thread-1  ]: SQL status: DROP TABLE in 0.006 seconds
[0m20:00:25.355562 [debug] [Thread-1  ]: On model.servicenow_analytics.servicenow_tickets_cleaned: Close
[0m20:00:25.357583 [debug] [Thread-1  ]: Sending event: {'category': 'dbt', 'action': 'run_model', 'label': '1493eab8-3064-4b8a-9a39-b5fd85ef1531', 'context': [<snowplow_tracker.self_describing_json.SelfDescribingJson object at 0x106e924f0>]}
[0m20:00:25.358513 [info ] [Thread-1  ]: 1 of 1 OK created sql table model analytics.servicenow_tickets_cleaned ......... [[32mSELECT 4805[0m in 0.19s]
[0m20:00:25.359204 [debug] [Thread-1  ]: Finished running node model.servicenow_analytics.servicenow_tickets_cleaned
[0m20:00:25.360619 [debug] [MainThread]: Using postgres connection "master"
[0m20:00:25.360965 [debug] [MainThread]: On master: BEGIN
[0m20:00:25.361263 [debug] [MainThread]: Opening a new connection, currently in state closed
[0m20:00:25.374155 [debug] [MainThread]: SQL status: BEGIN in 0.013 seconds
[0m20:00:25.374598 [debug] [MainThread]: On master: COMMIT
[0m20:00:25.374911 [debug] [MainThread]: Using postgres connection "master"
[0m20:00:25.375208 [debug] [MainThread]: On master: COMMIT
[0m20:00:25.375610 [debug] [MainThread]: SQL status: COMMIT in 0.000 seconds
[0m20:00:25.375935 [debug] [MainThread]: On master: Close
[0m20:00:25.376387 [debug] [MainThread]: Connection 'master' was properly closed.
[0m20:00:25.376683 [debug] [MainThread]: Connection 'model.servicenow_analytics.servicenow_tickets_cleaned' was properly closed.
[0m20:00:25.377004 [info ] [MainThread]: 
[0m20:00:25.377351 [info ] [MainThread]: Finished running 1 table model in 0 hours 0 minutes and 0.40 seconds (0.40s).
[0m20:00:25.378092 [debug] [MainThread]: Command end result
[0m20:00:25.410666 [info ] [MainThread]: 
[0m20:00:25.411339 [info ] [MainThread]: [32mCompleted successfully[0m
[0m20:00:25.411687 [info ] [MainThread]: 
[0m20:00:25.412042 [info ] [MainThread]: Done. PASS=1 WARN=0 ERROR=0 SKIP=0 TOTAL=1
[0m20:00:25.414330 [debug] [MainThread]: Resource report: {"command_name": "run", "command_success": true, "command_wall_clock_time": 1.2997414, "process_user_time": 2.443615, "process_kernel_time": 0.439656, "process_mem_max_rss": "109002752", "process_in_blocks": "0", "process_out_blocks": "0"}
[0m20:00:25.415063 [debug] [MainThread]: Command `dbt run` succeeded at 20:00:25.414924 after 1.30 seconds
[0m20:00:25.415524 [debug] [MainThread]: Sending event: {'category': 'dbt', 'action': 'invocation', 'label': 'end', 'context': [<snowplow_tracker.self_describing_json.SelfDescribingJson object at 0x10512a6a0>, <snowplow_tracker.self_describing_json.SelfDescribingJson object at 0x106bd9460>, <snowplow_tracker.self_describing_json.SelfDescribingJson object at 0x103a97b80>]}
[0m20:00:25.415940 [debug] [MainThread]: Flushing usage events
[0m20:00:26.311978 [debug] [MainThread]: An error was encountered while trying to flush usage events
[0m20:00:41.166622 [debug] [MainThread]: Sending event: {'category': 'dbt', 'action': 'invocation', 'label': 'start', 'context': [<snowplow_tracker.self_describing_json.SelfDescribingJson object at 0x10dbdb700>, <snowplow_tracker.self_describing_json.SelfDescribingJson object at 0x10e911610>, <snowplow_tracker.self_describing_json.SelfDescribingJson object at 0x10e971250>]}


============================== 20:00:41.173884 | 570dfa75-1a7f-4583-8cd4-c09409a4d2e9 ==============================
[0m20:00:41.173884 [info ] [MainThread]: Running with dbt=1.9.0-b2
[0m20:00:41.174741 [debug] [MainThread]: running dbt with arguments {'printer_width': '80', 'indirect_selection': 'eager', 'write_json': 'True', 'log_cache_events': 'False', 'partial_parse': 'True', 'cache_selected_only': 'False', 'warn_error': 'None', 'version_check': 'True', 'fail_fast': 'False', 'log_path': '/Users/charanlobo/dbt_servicenow_project/logs', 'profiles_dir': '/Users/charanlobo/.dbt', 'debug': 'False', 'use_colors': 'True', 'use_experimental_parser': 'False', 'no_print': 'None', 'quiet': 'False', 'empty': 'False', 'warn_error_options': 'WarnErrorOptions(include=[], exclude=[])', 'introspect': 'True', 'invocation_command': 'dbt run --select category_wise_tickets', 'static_parser': 'True', 'target_path': 'None', 'log_format': 'default', 'send_anonymous_usage_stats': 'True'}
[0m20:00:41.388591 [debug] [MainThread]: Sending event: {'category': 'dbt', 'action': 'project_id', 'label': '570dfa75-1a7f-4583-8cd4-c09409a4d2e9', 'context': [<snowplow_tracker.self_describing_json.SelfDescribingJson object at 0x10eb67e50>]}
[0m20:00:41.456534 [debug] [MainThread]: Sending event: {'category': 'dbt', 'action': 'adapter_info', 'label': '570dfa75-1a7f-4583-8cd4-c09409a4d2e9', 'context': [<snowplow_tracker.self_describing_json.SelfDescribingJson object at 0x10e92a0a0>]}
[0m20:00:41.458262 [info ] [MainThread]: Registered adapter: postgres=1.8.2
[0m20:00:41.481362 [debug] [MainThread]: checksum: 4cfbbe2a671212f062e88a43cba5322b30b7e3e8e91b953aa4de249eeaade60f, vars: {}, profile: , target: , version: 1.9.0b2
[0m20:00:41.657198 [debug] [MainThread]: Partial parsing enabled: 0 files deleted, 0 files added, 0 files changed.
[0m20:00:41.657654 [debug] [MainThread]: Partial parsing enabled, no changes found, skipping parsing
[0m20:00:41.702251 [debug] [MainThread]: Sending event: {'category': 'dbt', 'action': 'load_project', 'label': '570dfa75-1a7f-4583-8cd4-c09409a4d2e9', 'context': [<snowplow_tracker.self_describing_json.SelfDescribingJson object at 0x10f071b50>]}
[0m20:00:41.825452 [debug] [MainThread]: Sending event: {'category': 'dbt', 'action': 'resource_counts', 'label': '570dfa75-1a7f-4583-8cd4-c09409a4d2e9', 'context': [<snowplow_tracker.self_describing_json.SelfDescribingJson object at 0x10f096c70>]}
[0m20:00:41.826120 [info ] [MainThread]: Found 6 models, 1 source, 423 macros
[0m20:00:41.826546 [debug] [MainThread]: Sending event: {'category': 'dbt', 'action': 'runnable_timing', 'label': '570dfa75-1a7f-4583-8cd4-c09409a4d2e9', 'context': [<snowplow_tracker.self_describing_json.SelfDescribingJson object at 0x10f089af0>]}
[0m20:00:41.828044 [info ] [MainThread]: 
[0m20:00:41.828481 [info ] [MainThread]: Concurrency: 4 threads (target='dev')
[0m20:00:41.828830 [info ] [MainThread]: 
[0m20:00:41.829453 [debug] [MainThread]: Acquiring new postgres connection 'master'
[0m20:00:41.830488 [debug] [ThreadPool]: Acquiring new postgres connection 'list_db'
[0m20:00:41.894514 [debug] [ThreadPool]: Using postgres connection "list_db"
[0m20:00:41.895037 [debug] [ThreadPool]: On list_db: /* {"app": "dbt", "dbt_version": "1.9.0b2", "profile_name": "servicenow_analytics", "target_name": "dev", "connection_name": "list_db"} */

    select distinct nspname from pg_namespace
  
[0m20:00:41.895407 [debug] [ThreadPool]: Opening a new connection, currently in state init
[0m20:00:41.932976 [debug] [ThreadPool]: SQL status: SELECT 6 in 0.038 seconds
[0m20:00:41.934380 [debug] [ThreadPool]: On list_db: Close
[0m20:00:41.939883 [debug] [ThreadPool]: Re-using an available connection from the pool (formerly list_db, now list_db_analytics)
[0m20:00:41.946216 [debug] [ThreadPool]: Using postgres connection "list_db_analytics"
[0m20:00:41.946585 [debug] [ThreadPool]: On list_db_analytics: BEGIN
[0m20:00:41.946877 [debug] [ThreadPool]: Opening a new connection, currently in state closed
[0m20:00:41.959205 [debug] [ThreadPool]: SQL status: BEGIN in 0.012 seconds
[0m20:00:41.959619 [debug] [ThreadPool]: Using postgres connection "list_db_analytics"
[0m20:00:41.959945 [debug] [ThreadPool]: On list_db_analytics: /* {"app": "dbt", "dbt_version": "1.9.0b2", "profile_name": "servicenow_analytics", "target_name": "dev", "connection_name": "list_db_analytics"} */
select
      'db' as database,
      tablename as name,
      schemaname as schema,
      'table' as type
    from pg_tables
    where schemaname ilike 'analytics'
    union all
    select
      'db' as database,
      viewname as name,
      schemaname as schema,
      'view' as type
    from pg_views
    where schemaname ilike 'analytics'
    union all
    select
      'db' as database,
      matviewname as name,
      schemaname as schema,
      'materialized_view' as type
    from pg_matviews
    where schemaname ilike 'analytics'
  
[0m20:00:41.965345 [debug] [ThreadPool]: SQL status: SELECT 6 in 0.005 seconds
[0m20:00:41.967004 [debug] [ThreadPool]: On list_db_analytics: ROLLBACK
[0m20:00:41.967647 [debug] [ThreadPool]: On list_db_analytics: Close
[0m20:00:41.974979 [debug] [MainThread]: Using postgres connection "master"
[0m20:00:41.975441 [debug] [MainThread]: On master: BEGIN
[0m20:00:41.975740 [debug] [MainThread]: Opening a new connection, currently in state init
[0m20:00:41.988451 [debug] [MainThread]: SQL status: BEGIN in 0.013 seconds
[0m20:00:41.988910 [debug] [MainThread]: Using postgres connection "master"
[0m20:00:41.989492 [debug] [MainThread]: On master: /* {"app": "dbt", "dbt_version": "1.9.0b2", "profile_name": "servicenow_analytics", "target_name": "dev", "connection_name": "master"} */
with relation as (
        select
            pg_rewrite.ev_class as class,
            pg_rewrite.oid as id
        from pg_rewrite
    ),
    class as (
        select
            oid as id,
            relname as name,
            relnamespace as schema,
            relkind as kind
        from pg_class
    ),
    dependency as (
        select distinct
            pg_depend.objid as id,
            pg_depend.refobjid as ref
        from pg_depend
    ),
    schema as (
        select
            pg_namespace.oid as id,
            pg_namespace.nspname as name
        from pg_namespace
        where nspname != 'information_schema' and nspname not like 'pg\_%'
    ),
    referenced as (
        select
            relation.id AS id,
            referenced_class.name ,
            referenced_class.schema ,
            referenced_class.kind
        from relation
        join class as referenced_class on relation.class=referenced_class.id
        where referenced_class.kind in ('r', 'v', 'm')
    ),
    relationships as (
        select
            referenced.name as referenced_name,
            referenced.schema as referenced_schema_id,
            dependent_class.name as dependent_name,
            dependent_class.schema as dependent_schema_id,
            referenced.kind as kind
        from referenced
        join dependency on referenced.id=dependency.id
        join class as dependent_class on dependency.ref=dependent_class.id
        where
            (referenced.name != dependent_class.name or
             referenced.schema != dependent_class.schema)
    )

    select
        referenced_schema.name as referenced_schema,
        relationships.referenced_name as referenced_name,
        dependent_schema.name as dependent_schema,
        relationships.dependent_name as dependent_name
    from relationships
    join schema as dependent_schema on relationships.dependent_schema_id=dependent_schema.id
    join schema as referenced_schema on relationships.referenced_schema_id=referenced_schema.id
    group by referenced_schema, referenced_name, dependent_schema, dependent_name
    order by referenced_schema, referenced_name, dependent_schema, dependent_name;
[0m20:00:41.995640 [debug] [MainThread]: SQL status: SELECT 0 in 0.006 seconds
[0m20:00:41.997944 [debug] [MainThread]: Sending event: {'category': 'dbt', 'action': 'runnable_timing', 'label': '570dfa75-1a7f-4583-8cd4-c09409a4d2e9', 'context': [<snowplow_tracker.self_describing_json.SelfDescribingJson object at 0x10c5c6f70>]}
[0m20:00:41.998895 [debug] [MainThread]: On master: ROLLBACK
[0m20:00:41.999798 [debug] [MainThread]: Using postgres connection "master"
[0m20:00:42.000369 [debug] [MainThread]: On master: BEGIN
[0m20:00:42.001417 [debug] [MainThread]: SQL status: BEGIN in 0.000 seconds
[0m20:00:42.002284 [debug] [MainThread]: On master: COMMIT
[0m20:00:42.002717 [debug] [MainThread]: Using postgres connection "master"
[0m20:00:42.003123 [debug] [MainThread]: On master: COMMIT
[0m20:00:42.003799 [debug] [MainThread]: SQL status: COMMIT in 0.000 seconds
[0m20:00:42.004262 [debug] [MainThread]: On master: Close
[0m20:00:42.008029 [debug] [Thread-1  ]: Began running node model.servicenow_analytics.category_wise_tickets
[0m20:00:42.008876 [info ] [Thread-1  ]: 1 of 1 START sql table model analytics.category_wise_tickets ................... [RUN]
[0m20:00:42.009568 [debug] [Thread-1  ]: Re-using an available connection from the pool (formerly list_db_analytics, now model.servicenow_analytics.category_wise_tickets)
[0m20:00:42.010099 [debug] [Thread-1  ]: Began compiling node model.servicenow_analytics.category_wise_tickets
[0m20:00:42.022118 [debug] [Thread-1  ]: Writing injected SQL for node "model.servicenow_analytics.category_wise_tickets"
[0m20:00:42.023778 [debug] [Thread-1  ]: Began executing node model.servicenow_analytics.category_wise_tickets
[0m20:00:42.167543 [debug] [Thread-1  ]: Writing runtime sql for node "model.servicenow_analytics.category_wise_tickets"
[0m20:00:42.169727 [debug] [Thread-1  ]: Using postgres connection "model.servicenow_analytics.category_wise_tickets"
[0m20:00:42.170413 [debug] [Thread-1  ]: On model.servicenow_analytics.category_wise_tickets: BEGIN
[0m20:00:42.170870 [debug] [Thread-1  ]: Opening a new connection, currently in state closed
[0m20:00:42.193894 [debug] [Thread-1  ]: SQL status: BEGIN in 0.023 seconds
[0m20:00:42.194430 [debug] [Thread-1  ]: Using postgres connection "model.servicenow_analytics.category_wise_tickets"
[0m20:00:42.194876 [debug] [Thread-1  ]: On model.servicenow_analytics.category_wise_tickets: /* {"app": "dbt", "dbt_version": "1.9.0b2", "profile_name": "servicenow_analytics", "target_name": "dev", "node_id": "model.servicenow_analytics.category_wise_tickets"} */

  
    

  create  table "db"."analytics"."category_wise_tickets__dbt_tmp"
  
  
    as
  
  (
    

-- Simple ticket count by category
SELECT
   inc_category, COUNT(*) AS ticket_count
FROM 
    "db"."public"."servicenow_tickets_raw"
GROUP BY 
    inc_category
ORDER BY 
    ticket_count DESC
  );
  
[0m20:00:42.203110 [debug] [Thread-1  ]: SQL status: SELECT 9 in 0.008 seconds
[0m20:00:42.212352 [debug] [Thread-1  ]: Using postgres connection "model.servicenow_analytics.category_wise_tickets"
[0m20:00:42.213047 [debug] [Thread-1  ]: On model.servicenow_analytics.category_wise_tickets: /* {"app": "dbt", "dbt_version": "1.9.0b2", "profile_name": "servicenow_analytics", "target_name": "dev", "node_id": "model.servicenow_analytics.category_wise_tickets"} */
alter table "db"."analytics"."category_wise_tickets" rename to "category_wise_tickets__dbt_backup"
[0m20:00:42.215592 [debug] [Thread-1  ]: SQL status: ALTER TABLE in 0.002 seconds
[0m20:00:42.230609 [debug] [Thread-1  ]: Using postgres connection "model.servicenow_analytics.category_wise_tickets"
[0m20:00:42.233779 [debug] [Thread-1  ]: On model.servicenow_analytics.category_wise_tickets: /* {"app": "dbt", "dbt_version": "1.9.0b2", "profile_name": "servicenow_analytics", "target_name": "dev", "node_id": "model.servicenow_analytics.category_wise_tickets"} */
alter table "db"."analytics"."category_wise_tickets__dbt_tmp" rename to "category_wise_tickets"
[0m20:00:42.238894 [debug] [Thread-1  ]: SQL status: ALTER TABLE in 0.004 seconds
[0m20:00:42.283336 [debug] [Thread-1  ]: On model.servicenow_analytics.category_wise_tickets: COMMIT
[0m20:00:42.283899 [debug] [Thread-1  ]: Using postgres connection "model.servicenow_analytics.category_wise_tickets"
[0m20:00:42.285832 [debug] [Thread-1  ]: On model.servicenow_analytics.category_wise_tickets: COMMIT
[0m20:00:42.287133 [debug] [Thread-1  ]: SQL status: COMMIT in 0.001 seconds
[0m20:00:42.295734 [debug] [Thread-1  ]: Applying DROP to: "db"."analytics"."category_wise_tickets__dbt_backup"
[0m20:00:42.300809 [debug] [Thread-1  ]: Using postgres connection "model.servicenow_analytics.category_wise_tickets"
[0m20:00:42.301293 [debug] [Thread-1  ]: On model.servicenow_analytics.category_wise_tickets: /* {"app": "dbt", "dbt_version": "1.9.0b2", "profile_name": "servicenow_analytics", "target_name": "dev", "node_id": "model.servicenow_analytics.category_wise_tickets"} */
drop table if exists "db"."analytics"."category_wise_tickets__dbt_backup" cascade
[0m20:00:42.304825 [debug] [Thread-1  ]: SQL status: DROP TABLE in 0.003 seconds
[0m20:00:42.308681 [debug] [Thread-1  ]: On model.servicenow_analytics.category_wise_tickets: Close
[0m20:00:42.310641 [debug] [Thread-1  ]: Sending event: {'category': 'dbt', 'action': 'run_model', 'label': '570dfa75-1a7f-4583-8cd4-c09409a4d2e9', 'context': [<snowplow_tracker.self_describing_json.SelfDescribingJson object at 0x10f9465b0>]}
[0m20:00:42.311627 [info ] [Thread-1  ]: 1 of 1 OK created sql table model analytics.category_wise_tickets .............. [[32mSELECT 9[0m in 0.30s]
[0m20:00:42.312612 [debug] [Thread-1  ]: Finished running node model.servicenow_analytics.category_wise_tickets
[0m20:00:42.314373 [debug] [MainThread]: Using postgres connection "master"
[0m20:00:42.314806 [debug] [MainThread]: On master: BEGIN
[0m20:00:42.315107 [debug] [MainThread]: Opening a new connection, currently in state closed
[0m20:00:42.328145 [debug] [MainThread]: SQL status: BEGIN in 0.013 seconds
[0m20:00:42.328600 [debug] [MainThread]: On master: COMMIT
[0m20:00:42.328922 [debug] [MainThread]: Using postgres connection "master"
[0m20:00:42.329215 [debug] [MainThread]: On master: COMMIT
[0m20:00:42.329720 [debug] [MainThread]: SQL status: COMMIT in 0.000 seconds
[0m20:00:42.330205 [debug] [MainThread]: On master: Close
[0m20:00:42.330713 [debug] [MainThread]: Connection 'master' was properly closed.
[0m20:00:42.331037 [debug] [MainThread]: Connection 'model.servicenow_analytics.category_wise_tickets' was properly closed.
[0m20:00:42.331361 [info ] [MainThread]: 
[0m20:00:42.331716 [info ] [MainThread]: Finished running 1 table model in 0 hours 0 minutes and 0.50 seconds (0.50s).
[0m20:00:42.332521 [debug] [MainThread]: Command end result
[0m20:00:42.364444 [info ] [MainThread]: 
[0m20:00:42.365021 [info ] [MainThread]: [32mCompleted successfully[0m
[0m20:00:42.365381 [info ] [MainThread]: 
[0m20:00:42.365739 [info ] [MainThread]: Done. PASS=1 WARN=0 ERROR=0 SKIP=0 TOTAL=1
[0m20:00:42.367745 [debug] [MainThread]: Resource report: {"command_name": "run", "command_success": true, "command_wall_clock_time": 1.2910204, "process_user_time": 2.381388, "process_kernel_time": 0.375894, "process_mem_max_rss": "109068288", "process_in_blocks": "0", "process_out_blocks": "0"}
[0m20:00:42.368408 [debug] [MainThread]: Command `dbt run` succeeded at 20:00:42.368254 after 1.29 seconds
[0m20:00:42.369029 [debug] [MainThread]: Sending event: {'category': 'dbt', 'action': 'invocation', 'label': 'end', 'context': [<snowplow_tracker.self_describing_json.SelfDescribingJson object at 0x10dbdb700>, <snowplow_tracker.self_describing_json.SelfDescribingJson object at 0x10e92a0a0>, <snowplow_tracker.self_describing_json.SelfDescribingJson object at 0x10eb67e50>]}
[0m20:00:42.369471 [debug] [MainThread]: Flushing usage events
[0m20:00:43.497702 [debug] [MainThread]: An error was encountered while trying to flush usage events
[0m20:00:56.918506 [debug] [MainThread]: Sending event: {'category': 'dbt', 'action': 'invocation', 'label': 'start', 'context': [<snowplow_tracker.self_describing_json.SelfDescribingJson object at 0x10b24d5b0>, <snowplow_tracker.self_describing_json.SelfDescribingJson object at 0x10bf71a30>, <snowplow_tracker.self_describing_json.SelfDescribingJson object at 0x10bfb87f0>]}


============================== 20:00:56.927126 | 20581e7c-11ca-40fc-8967-0597cae75cd5 ==============================
[0m20:00:56.927126 [info ] [MainThread]: Running with dbt=1.9.0-b2
[0m20:00:56.927856 [debug] [MainThread]: running dbt with arguments {'printer_width': '80', 'indirect_selection': 'eager', 'write_json': 'True', 'log_cache_events': 'False', 'partial_parse': 'True', 'cache_selected_only': 'False', 'warn_error': 'None', 'debug': 'False', 'fail_fast': 'False', 'log_path': '/Users/charanlobo/dbt_servicenow_project/logs', 'profiles_dir': '/Users/charanlobo/.dbt', 'version_check': 'True', 'use_colors': 'True', 'use_experimental_parser': 'False', 'empty': 'False', 'quiet': 'False', 'no_print': 'None', 'log_format': 'default', 'invocation_command': 'dbt run --select servicenow_tickets_date_extracted', 'static_parser': 'True', 'introspect': 'True', 'target_path': 'None', 'warn_error_options': 'WarnErrorOptions(include=[], exclude=[])', 'send_anonymous_usage_stats': 'True'}
[0m20:00:57.156647 [debug] [MainThread]: Sending event: {'category': 'dbt', 'action': 'project_id', 'label': '20581e7c-11ca-40fc-8967-0597cae75cd5', 'context': [<snowplow_tracker.self_describing_json.SelfDescribingJson object at 0x10c1c8e20>]}
[0m20:00:57.225247 [debug] [MainThread]: Sending event: {'category': 'dbt', 'action': 'adapter_info', 'label': '20581e7c-11ca-40fc-8967-0597cae75cd5', 'context': [<snowplow_tracker.self_describing_json.SelfDescribingJson object at 0x10bfc94f0>]}
[0m20:00:57.226772 [info ] [MainThread]: Registered adapter: postgres=1.8.2
[0m20:00:57.247793 [debug] [MainThread]: checksum: 4cfbbe2a671212f062e88a43cba5322b30b7e3e8e91b953aa4de249eeaade60f, vars: {}, profile: , target: , version: 1.9.0b2
[0m20:00:57.447765 [debug] [MainThread]: Partial parsing enabled: 0 files deleted, 0 files added, 0 files changed.
[0m20:00:57.448348 [debug] [MainThread]: Partial parsing enabled, no changes found, skipping parsing
[0m20:00:57.496738 [debug] [MainThread]: Sending event: {'category': 'dbt', 'action': 'load_project', 'label': '20581e7c-11ca-40fc-8967-0597cae75cd5', 'context': [<snowplow_tracker.self_describing_json.SelfDescribingJson object at 0x10c6a0a00>]}
[0m20:00:57.620588 [debug] [MainThread]: Sending event: {'category': 'dbt', 'action': 'resource_counts', 'label': '20581e7c-11ca-40fc-8967-0597cae75cd5', 'context': [<snowplow_tracker.self_describing_json.SelfDescribingJson object at 0x10c706b20>]}
[0m20:00:57.621424 [info ] [MainThread]: Found 6 models, 1 source, 423 macros
[0m20:00:57.622002 [debug] [MainThread]: Sending event: {'category': 'dbt', 'action': 'runnable_timing', 'label': '20581e7c-11ca-40fc-8967-0597cae75cd5', 'context': [<snowplow_tracker.self_describing_json.SelfDescribingJson object at 0x10c56ce80>]}
[0m20:00:57.624346 [info ] [MainThread]: 
[0m20:00:57.624916 [info ] [MainThread]: Concurrency: 4 threads (target='dev')
[0m20:00:57.625597 [info ] [MainThread]: 
[0m20:00:57.626365 [debug] [MainThread]: Acquiring new postgres connection 'master'
[0m20:00:57.627449 [debug] [ThreadPool]: Acquiring new postgres connection 'list_db'
[0m20:00:57.697623 [debug] [ThreadPool]: Using postgres connection "list_db"
[0m20:00:57.698104 [debug] [ThreadPool]: On list_db: /* {"app": "dbt", "dbt_version": "1.9.0b2", "profile_name": "servicenow_analytics", "target_name": "dev", "connection_name": "list_db"} */

    select distinct nspname from pg_namespace
  
[0m20:00:57.698442 [debug] [ThreadPool]: Opening a new connection, currently in state init
[0m20:00:57.732000 [debug] [ThreadPool]: SQL status: SELECT 6 in 0.033 seconds
[0m20:00:57.733463 [debug] [ThreadPool]: On list_db: Close
[0m20:00:57.739549 [debug] [ThreadPool]: Re-using an available connection from the pool (formerly list_db, now list_db_analytics)
[0m20:00:57.746107 [debug] [ThreadPool]: Using postgres connection "list_db_analytics"
[0m20:00:57.746506 [debug] [ThreadPool]: On list_db_analytics: BEGIN
[0m20:00:57.746795 [debug] [ThreadPool]: Opening a new connection, currently in state closed
[0m20:00:57.759307 [debug] [ThreadPool]: SQL status: BEGIN in 0.012 seconds
[0m20:00:57.759732 [debug] [ThreadPool]: Using postgres connection "list_db_analytics"
[0m20:00:57.760053 [debug] [ThreadPool]: On list_db_analytics: /* {"app": "dbt", "dbt_version": "1.9.0b2", "profile_name": "servicenow_analytics", "target_name": "dev", "connection_name": "list_db_analytics"} */
select
      'db' as database,
      tablename as name,
      schemaname as schema,
      'table' as type
    from pg_tables
    where schemaname ilike 'analytics'
    union all
    select
      'db' as database,
      viewname as name,
      schemaname as schema,
      'view' as type
    from pg_views
    where schemaname ilike 'analytics'
    union all
    select
      'db' as database,
      matviewname as name,
      schemaname as schema,
      'materialized_view' as type
    from pg_matviews
    where schemaname ilike 'analytics'
  
[0m20:00:57.764381 [debug] [ThreadPool]: SQL status: SELECT 6 in 0.004 seconds
[0m20:00:57.765905 [debug] [ThreadPool]: On list_db_analytics: ROLLBACK
[0m20:00:57.766512 [debug] [ThreadPool]: On list_db_analytics: Close
[0m20:00:57.773303 [debug] [MainThread]: Using postgres connection "master"
[0m20:00:57.773728 [debug] [MainThread]: On master: BEGIN
[0m20:00:57.774011 [debug] [MainThread]: Opening a new connection, currently in state init
[0m20:00:57.786670 [debug] [MainThread]: SQL status: BEGIN in 0.013 seconds
[0m20:00:57.787088 [debug] [MainThread]: Using postgres connection "master"
[0m20:00:57.787521 [debug] [MainThread]: On master: /* {"app": "dbt", "dbt_version": "1.9.0b2", "profile_name": "servicenow_analytics", "target_name": "dev", "connection_name": "master"} */
with relation as (
        select
            pg_rewrite.ev_class as class,
            pg_rewrite.oid as id
        from pg_rewrite
    ),
    class as (
        select
            oid as id,
            relname as name,
            relnamespace as schema,
            relkind as kind
        from pg_class
    ),
    dependency as (
        select distinct
            pg_depend.objid as id,
            pg_depend.refobjid as ref
        from pg_depend
    ),
    schema as (
        select
            pg_namespace.oid as id,
            pg_namespace.nspname as name
        from pg_namespace
        where nspname != 'information_schema' and nspname not like 'pg\_%'
    ),
    referenced as (
        select
            relation.id AS id,
            referenced_class.name ,
            referenced_class.schema ,
            referenced_class.kind
        from relation
        join class as referenced_class on relation.class=referenced_class.id
        where referenced_class.kind in ('r', 'v', 'm')
    ),
    relationships as (
        select
            referenced.name as referenced_name,
            referenced.schema as referenced_schema_id,
            dependent_class.name as dependent_name,
            dependent_class.schema as dependent_schema_id,
            referenced.kind as kind
        from referenced
        join dependency on referenced.id=dependency.id
        join class as dependent_class on dependency.ref=dependent_class.id
        where
            (referenced.name != dependent_class.name or
             referenced.schema != dependent_class.schema)
    )

    select
        referenced_schema.name as referenced_schema,
        relationships.referenced_name as referenced_name,
        dependent_schema.name as dependent_schema,
        relationships.dependent_name as dependent_name
    from relationships
    join schema as dependent_schema on relationships.dependent_schema_id=dependent_schema.id
    join schema as referenced_schema on relationships.referenced_schema_id=referenced_schema.id
    group by referenced_schema, referenced_name, dependent_schema, dependent_name
    order by referenced_schema, referenced_name, dependent_schema, dependent_name;
[0m20:00:57.795623 [debug] [MainThread]: SQL status: SELECT 0 in 0.007 seconds
[0m20:00:57.797473 [debug] [MainThread]: Sending event: {'category': 'dbt', 'action': 'runnable_timing', 'label': '20581e7c-11ca-40fc-8967-0597cae75cd5', 'context': [<snowplow_tracker.self_describing_json.SelfDescribingJson object at 0x10c706eb0>]}
[0m20:00:57.798077 [debug] [MainThread]: On master: ROLLBACK
[0m20:00:57.798651 [debug] [MainThread]: Using postgres connection "master"
[0m20:00:57.799007 [debug] [MainThread]: On master: BEGIN
[0m20:00:57.799700 [debug] [MainThread]: SQL status: BEGIN in 0.000 seconds
[0m20:00:57.800290 [debug] [MainThread]: On master: COMMIT
[0m20:00:57.800829 [debug] [MainThread]: Using postgres connection "master"
[0m20:00:57.801346 [debug] [MainThread]: On master: COMMIT
[0m20:00:57.802072 [debug] [MainThread]: SQL status: COMMIT in 0.000 seconds
[0m20:00:57.802760 [debug] [MainThread]: On master: Close
[0m20:00:57.806508 [debug] [Thread-1  ]: Began running node model.servicenow_analytics.servicenow_tickets_date_extracted
[0m20:00:57.807370 [info ] [Thread-1  ]: 1 of 1 START sql table model analytics.servicenow_tickets_date_extracted ....... [RUN]
[0m20:00:57.808048 [debug] [Thread-1  ]: Re-using an available connection from the pool (formerly list_db_analytics, now model.servicenow_analytics.servicenow_tickets_date_extracted)
[0m20:00:57.808579 [debug] [Thread-1  ]: Began compiling node model.servicenow_analytics.servicenow_tickets_date_extracted
[0m20:00:57.819972 [debug] [Thread-1  ]: Writing injected SQL for node "model.servicenow_analytics.servicenow_tickets_date_extracted"
[0m20:00:57.821480 [debug] [Thread-1  ]: Began executing node model.servicenow_analytics.servicenow_tickets_date_extracted
[0m20:00:57.864870 [debug] [Thread-1  ]: Writing runtime sql for node "model.servicenow_analytics.servicenow_tickets_date_extracted"
[0m20:00:57.866449 [debug] [Thread-1  ]: Using postgres connection "model.servicenow_analytics.servicenow_tickets_date_extracted"
[0m20:00:57.867001 [debug] [Thread-1  ]: On model.servicenow_analytics.servicenow_tickets_date_extracted: BEGIN
[0m20:00:57.867382 [debug] [Thread-1  ]: Opening a new connection, currently in state closed
[0m20:00:57.881185 [debug] [Thread-1  ]: SQL status: BEGIN in 0.014 seconds
[0m20:00:57.881677 [debug] [Thread-1  ]: Using postgres connection "model.servicenow_analytics.servicenow_tickets_date_extracted"
[0m20:00:57.882075 [debug] [Thread-1  ]: On model.servicenow_analytics.servicenow_tickets_date_extracted: /* {"app": "dbt", "dbt_version": "1.9.0b2", "profile_name": "servicenow_analytics", "target_name": "dev", "node_id": "model.servicenow_analytics.servicenow_tickets_date_extracted"} */

  
    

  create  table "db"."analytics"."servicenow_tickets_date_extracted__dbt_tmp"
  
  
    as
  
  (
    -- models/staging/servicenow_tickets_date_extracted.sql

SELECT
    *,
    EXTRACT(YEAR FROM created_date) AS created_year,
    EXTRACT(MONTH FROM created_date) AS created_month,
    EXTRACT(DAY FROM created_date) AS created_day
FROM "db"."analytics"."servicenow_tickets_cleaned"
  );
  
[0m20:00:57.902171 [debug] [Thread-1  ]: SQL status: SELECT 4805 in 0.019 seconds
[0m20:00:57.913214 [debug] [Thread-1  ]: Using postgres connection "model.servicenow_analytics.servicenow_tickets_date_extracted"
[0m20:00:57.913881 [debug] [Thread-1  ]: On model.servicenow_analytics.servicenow_tickets_date_extracted: /* {"app": "dbt", "dbt_version": "1.9.0b2", "profile_name": "servicenow_analytics", "target_name": "dev", "node_id": "model.servicenow_analytics.servicenow_tickets_date_extracted"} */
alter table "db"."analytics"."servicenow_tickets_date_extracted" rename to "servicenow_tickets_date_extracted__dbt_backup"
[0m20:00:57.915129 [debug] [Thread-1  ]: SQL status: ALTER TABLE in 0.001 seconds
[0m20:00:57.919815 [debug] [Thread-1  ]: Using postgres connection "model.servicenow_analytics.servicenow_tickets_date_extracted"
[0m20:00:57.920354 [debug] [Thread-1  ]: On model.servicenow_analytics.servicenow_tickets_date_extracted: /* {"app": "dbt", "dbt_version": "1.9.0b2", "profile_name": "servicenow_analytics", "target_name": "dev", "node_id": "model.servicenow_analytics.servicenow_tickets_date_extracted"} */
alter table "db"."analytics"."servicenow_tickets_date_extracted__dbt_tmp" rename to "servicenow_tickets_date_extracted"
[0m20:00:57.921588 [debug] [Thread-1  ]: SQL status: ALTER TABLE in 0.001 seconds
[0m20:00:57.946107 [debug] [Thread-1  ]: On model.servicenow_analytics.servicenow_tickets_date_extracted: COMMIT
[0m20:00:57.946686 [debug] [Thread-1  ]: Using postgres connection "model.servicenow_analytics.servicenow_tickets_date_extracted"
[0m20:00:57.947070 [debug] [Thread-1  ]: On model.servicenow_analytics.servicenow_tickets_date_extracted: COMMIT
[0m20:00:57.949529 [debug] [Thread-1  ]: SQL status: COMMIT in 0.002 seconds
[0m20:00:57.957132 [debug] [Thread-1  ]: Applying DROP to: "db"."analytics"."servicenow_tickets_date_extracted__dbt_backup"
[0m20:00:57.961804 [debug] [Thread-1  ]: Using postgres connection "model.servicenow_analytics.servicenow_tickets_date_extracted"
[0m20:00:57.962223 [debug] [Thread-1  ]: On model.servicenow_analytics.servicenow_tickets_date_extracted: /* {"app": "dbt", "dbt_version": "1.9.0b2", "profile_name": "servicenow_analytics", "target_name": "dev", "node_id": "model.servicenow_analytics.servicenow_tickets_date_extracted"} */
drop table if exists "db"."analytics"."servicenow_tickets_date_extracted__dbt_backup" cascade
[0m20:00:57.967065 [debug] [Thread-1  ]: SQL status: DROP TABLE in 0.004 seconds
[0m20:00:57.970204 [debug] [Thread-1  ]: On model.servicenow_analytics.servicenow_tickets_date_extracted: Close
[0m20:00:57.971994 [debug] [Thread-1  ]: Sending event: {'category': 'dbt', 'action': 'run_model', 'label': '20581e7c-11ca-40fc-8967-0597cae75cd5', 'context': [<snowplow_tracker.self_describing_json.SelfDescribingJson object at 0x10cfb7400>]}
[0m20:00:57.972972 [info ] [Thread-1  ]: 1 of 1 OK created sql table model analytics.servicenow_tickets_date_extracted .. [[32mSELECT 4805[0m in 0.16s]
[0m20:00:57.973732 [debug] [Thread-1  ]: Finished running node model.servicenow_analytics.servicenow_tickets_date_extracted
[0m20:00:57.975040 [debug] [MainThread]: Using postgres connection "master"
[0m20:00:57.975362 [debug] [MainThread]: On master: BEGIN
[0m20:00:57.975642 [debug] [MainThread]: Opening a new connection, currently in state closed
[0m20:00:57.987957 [debug] [MainThread]: SQL status: BEGIN in 0.012 seconds
[0m20:00:57.988404 [debug] [MainThread]: On master: COMMIT
[0m20:00:57.988722 [debug] [MainThread]: Using postgres connection "master"
[0m20:00:57.989023 [debug] [MainThread]: On master: COMMIT
[0m20:00:57.989624 [debug] [MainThread]: SQL status: COMMIT in 0.000 seconds
[0m20:00:57.989945 [debug] [MainThread]: On master: Close
[0m20:00:57.990385 [debug] [MainThread]: Connection 'master' was properly closed.
[0m20:00:57.990669 [debug] [MainThread]: Connection 'model.servicenow_analytics.servicenow_tickets_date_extracted' was properly closed.
[0m20:00:57.990970 [info ] [MainThread]: 
[0m20:00:57.991297 [info ] [MainThread]: Finished running 1 table model in 0 hours 0 minutes and 0.36 seconds (0.36s).
[0m20:00:57.992020 [debug] [MainThread]: Command end result
[0m20:00:58.023349 [info ] [MainThread]: 
[0m20:00:58.024084 [info ] [MainThread]: [32mCompleted successfully[0m
[0m20:00:58.024469 [info ] [MainThread]: 
[0m20:00:58.024832 [info ] [MainThread]: Done. PASS=1 WARN=0 ERROR=0 SKIP=0 TOTAL=1
[0m20:00:58.026965 [debug] [MainThread]: Resource report: {"command_name": "run", "command_success": true, "command_wall_clock_time": 1.1977314, "process_user_time": 2.332079, "process_kernel_time": 0.37138, "process_mem_max_rss": "108916736", "process_in_blocks": "0", "process_out_blocks": "0"}
[0m20:00:58.027705 [debug] [MainThread]: Command `dbt run` succeeded at 20:00:58.027545 after 1.20 seconds
[0m20:00:58.028173 [debug] [MainThread]: Sending event: {'category': 'dbt', 'action': 'invocation', 'label': 'end', 'context': [<snowplow_tracker.self_describing_json.SelfDescribingJson object at 0x10b24d5b0>, <snowplow_tracker.self_describing_json.SelfDescribingJson object at 0x10c32b4f0>, <snowplow_tracker.self_describing_json.SelfDescribingJson object at 0x10a7106d0>]}
[0m20:00:58.028610 [debug] [MainThread]: Flushing usage events
[0m20:00:59.231536 [debug] [MainThread]: An error was encountered while trying to flush usage events
[0m20:01:13.324496 [debug] [MainThread]: Sending event: {'category': 'dbt', 'action': 'invocation', 'label': 'start', 'context': [<snowplow_tracker.self_describing_json.SelfDescribingJson object at 0x1074896d0>, <snowplow_tracker.self_describing_json.SelfDescribingJson object at 0x1081f0c70>, <snowplow_tracker.self_describing_json.SelfDescribingJson object at 0x108212bb0>]}


============================== 20:01:13.331431 | 77d5e2d9-c571-4660-bcc0-c9701b4fb9df ==============================
[0m20:01:13.331431 [info ] [MainThread]: Running with dbt=1.9.0-b2
[0m20:01:13.332592 [debug] [MainThread]: running dbt with arguments {'printer_width': '80', 'indirect_selection': 'eager', 'log_cache_events': 'False', 'write_json': 'True', 'partial_parse': 'True', 'cache_selected_only': 'False', 'warn_error': 'None', 'debug': 'False', 'fail_fast': 'False', 'log_path': '/Users/charanlobo/dbt_servicenow_project/logs', 'profiles_dir': '/Users/charanlobo/.dbt', 'version_check': 'True', 'use_colors': 'True', 'use_experimental_parser': 'False', 'no_print': 'None', 'quiet': 'False', 'empty': 'False', 'warn_error_options': 'WarnErrorOptions(include=[], exclude=[])', 'static_parser': 'True', 'invocation_command': 'dbt run --select servicenow_tickets_avg_resolution_time', 'log_format': 'default', 'target_path': 'None', 'introspect': 'True', 'send_anonymous_usage_stats': 'True'}
[0m20:01:13.604334 [debug] [MainThread]: Sending event: {'category': 'dbt', 'action': 'project_id', 'label': '77d5e2d9-c571-4660-bcc0-c9701b4fb9df', 'context': [<snowplow_tracker.self_describing_json.SelfDescribingJson object at 0x1082ff640>]}
[0m20:01:13.677920 [debug] [MainThread]: Sending event: {'category': 'dbt', 'action': 'adapter_info', 'label': '77d5e2d9-c571-4660-bcc0-c9701b4fb9df', 'context': [<snowplow_tracker.self_describing_json.SelfDescribingJson object at 0x108094b50>]}
[0m20:01:13.679737 [info ] [MainThread]: Registered adapter: postgres=1.8.2
[0m20:01:13.702564 [debug] [MainThread]: checksum: 4cfbbe2a671212f062e88a43cba5322b30b7e3e8e91b953aa4de249eeaade60f, vars: {}, profile: , target: , version: 1.9.0b2
[0m20:01:13.882450 [debug] [MainThread]: Partial parsing enabled: 0 files deleted, 0 files added, 0 files changed.
[0m20:01:13.882948 [debug] [MainThread]: Partial parsing enabled, no changes found, skipping parsing
[0m20:01:13.929590 [debug] [MainThread]: Sending event: {'category': 'dbt', 'action': 'load_project', 'label': '77d5e2d9-c571-4660-bcc0-c9701b4fb9df', 'context': [<snowplow_tracker.self_describing_json.SelfDescribingJson object at 0x1088dfb80>]}
[0m20:01:14.052222 [debug] [MainThread]: Sending event: {'category': 'dbt', 'action': 'resource_counts', 'label': '77d5e2d9-c571-4660-bcc0-c9701b4fb9df', 'context': [<snowplow_tracker.self_describing_json.SelfDescribingJson object at 0x108942c40>]}
[0m20:01:14.052837 [info ] [MainThread]: Found 6 models, 1 source, 423 macros
[0m20:01:14.053202 [debug] [MainThread]: Sending event: {'category': 'dbt', 'action': 'runnable_timing', 'label': '77d5e2d9-c571-4660-bcc0-c9701b4fb9df', 'context': [<snowplow_tracker.self_describing_json.SelfDescribingJson object at 0x1088f7a60>]}
[0m20:01:14.054597 [info ] [MainThread]: 
[0m20:01:14.055032 [info ] [MainThread]: Concurrency: 4 threads (target='dev')
[0m20:01:14.055389 [info ] [MainThread]: 
[0m20:01:14.056095 [debug] [MainThread]: Acquiring new postgres connection 'master'
[0m20:01:14.057064 [debug] [ThreadPool]: Acquiring new postgres connection 'list_db'
[0m20:01:14.112963 [debug] [ThreadPool]: Using postgres connection "list_db"
[0m20:01:14.113421 [debug] [ThreadPool]: On list_db: /* {"app": "dbt", "dbt_version": "1.9.0b2", "profile_name": "servicenow_analytics", "target_name": "dev", "connection_name": "list_db"} */

    select distinct nspname from pg_namespace
  
[0m20:01:14.113733 [debug] [ThreadPool]: Opening a new connection, currently in state init
[0m20:01:14.141590 [debug] [ThreadPool]: SQL status: SELECT 6 in 0.028 seconds
[0m20:01:14.143010 [debug] [ThreadPool]: On list_db: Close
[0m20:01:14.148150 [debug] [ThreadPool]: Re-using an available connection from the pool (formerly list_db, now list_db_analytics)
[0m20:01:14.154924 [debug] [ThreadPool]: Using postgres connection "list_db_analytics"
[0m20:01:14.155373 [debug] [ThreadPool]: On list_db_analytics: BEGIN
[0m20:01:14.155767 [debug] [ThreadPool]: Opening a new connection, currently in state closed
[0m20:01:14.169029 [debug] [ThreadPool]: SQL status: BEGIN in 0.013 seconds
[0m20:01:14.169464 [debug] [ThreadPool]: Using postgres connection "list_db_analytics"
[0m20:01:14.169806 [debug] [ThreadPool]: On list_db_analytics: /* {"app": "dbt", "dbt_version": "1.9.0b2", "profile_name": "servicenow_analytics", "target_name": "dev", "connection_name": "list_db_analytics"} */
select
      'db' as database,
      tablename as name,
      schemaname as schema,
      'table' as type
    from pg_tables
    where schemaname ilike 'analytics'
    union all
    select
      'db' as database,
      viewname as name,
      schemaname as schema,
      'view' as type
    from pg_views
    where schemaname ilike 'analytics'
    union all
    select
      'db' as database,
      matviewname as name,
      schemaname as schema,
      'materialized_view' as type
    from pg_matviews
    where schemaname ilike 'analytics'
  
[0m20:01:14.175459 [debug] [ThreadPool]: SQL status: SELECT 6 in 0.005 seconds
[0m20:01:14.176972 [debug] [ThreadPool]: On list_db_analytics: ROLLBACK
[0m20:01:14.177547 [debug] [ThreadPool]: On list_db_analytics: Close
[0m20:01:14.183746 [debug] [MainThread]: Using postgres connection "master"
[0m20:01:14.184175 [debug] [MainThread]: On master: BEGIN
[0m20:01:14.184475 [debug] [MainThread]: Opening a new connection, currently in state init
[0m20:01:14.197240 [debug] [MainThread]: SQL status: BEGIN in 0.013 seconds
[0m20:01:14.197699 [debug] [MainThread]: Using postgres connection "master"
[0m20:01:14.198112 [debug] [MainThread]: On master: /* {"app": "dbt", "dbt_version": "1.9.0b2", "profile_name": "servicenow_analytics", "target_name": "dev", "connection_name": "master"} */
with relation as (
        select
            pg_rewrite.ev_class as class,
            pg_rewrite.oid as id
        from pg_rewrite
    ),
    class as (
        select
            oid as id,
            relname as name,
            relnamespace as schema,
            relkind as kind
        from pg_class
    ),
    dependency as (
        select distinct
            pg_depend.objid as id,
            pg_depend.refobjid as ref
        from pg_depend
    ),
    schema as (
        select
            pg_namespace.oid as id,
            pg_namespace.nspname as name
        from pg_namespace
        where nspname != 'information_schema' and nspname not like 'pg\_%'
    ),
    referenced as (
        select
            relation.id AS id,
            referenced_class.name ,
            referenced_class.schema ,
            referenced_class.kind
        from relation
        join class as referenced_class on relation.class=referenced_class.id
        where referenced_class.kind in ('r', 'v', 'm')
    ),
    relationships as (
        select
            referenced.name as referenced_name,
            referenced.schema as referenced_schema_id,
            dependent_class.name as dependent_name,
            dependent_class.schema as dependent_schema_id,
            referenced.kind as kind
        from referenced
        join dependency on referenced.id=dependency.id
        join class as dependent_class on dependency.ref=dependent_class.id
        where
            (referenced.name != dependent_class.name or
             referenced.schema != dependent_class.schema)
    )

    select
        referenced_schema.name as referenced_schema,
        relationships.referenced_name as referenced_name,
        dependent_schema.name as dependent_schema,
        relationships.dependent_name as dependent_name
    from relationships
    join schema as dependent_schema on relationships.dependent_schema_id=dependent_schema.id
    join schema as referenced_schema on relationships.referenced_schema_id=referenced_schema.id
    group by referenced_schema, referenced_name, dependent_schema, dependent_name
    order by referenced_schema, referenced_name, dependent_schema, dependent_name;
[0m20:01:14.203597 [debug] [MainThread]: SQL status: SELECT 0 in 0.005 seconds
[0m20:01:14.205202 [debug] [MainThread]: Sending event: {'category': 'dbt', 'action': 'runnable_timing', 'label': '77d5e2d9-c571-4660-bcc0-c9701b4fb9df', 'context': [<snowplow_tracker.self_describing_json.SelfDescribingJson object at 0x108942fa0>]}
[0m20:01:14.205852 [debug] [MainThread]: On master: ROLLBACK
[0m20:01:14.206488 [debug] [MainThread]: Using postgres connection "master"
[0m20:01:14.206810 [debug] [MainThread]: On master: BEGIN
[0m20:01:14.207299 [debug] [MainThread]: SQL status: BEGIN in 0.000 seconds
[0m20:01:14.207625 [debug] [MainThread]: On master: COMMIT
[0m20:01:14.207928 [debug] [MainThread]: Using postgres connection "master"
[0m20:01:14.208219 [debug] [MainThread]: On master: COMMIT
[0m20:01:14.208692 [debug] [MainThread]: SQL status: COMMIT in 0.000 seconds
[0m20:01:14.209019 [debug] [MainThread]: On master: Close
[0m20:01:14.211696 [debug] [Thread-1  ]: Began running node model.servicenow_analytics.servicenow_tickets_avg_resolution_time
[0m20:01:14.212359 [info ] [Thread-1  ]: 1 of 1 START sql table model analytics.servicenow_tickets_avg_resolution_time .. [RUN]
[0m20:01:14.212898 [debug] [Thread-1  ]: Re-using an available connection from the pool (formerly list_db_analytics, now model.servicenow_analytics.servicenow_tickets_avg_resolution_time)
[0m20:01:14.213301 [debug] [Thread-1  ]: Began compiling node model.servicenow_analytics.servicenow_tickets_avg_resolution_time
[0m20:01:14.223382 [debug] [Thread-1  ]: Writing injected SQL for node "model.servicenow_analytics.servicenow_tickets_avg_resolution_time"
[0m20:01:14.225343 [debug] [Thread-1  ]: Began executing node model.servicenow_analytics.servicenow_tickets_avg_resolution_time
[0m20:01:14.281209 [debug] [Thread-1  ]: Writing runtime sql for node "model.servicenow_analytics.servicenow_tickets_avg_resolution_time"
[0m20:01:14.282192 [debug] [Thread-1  ]: Using postgres connection "model.servicenow_analytics.servicenow_tickets_avg_resolution_time"
[0m20:01:14.282637 [debug] [Thread-1  ]: On model.servicenow_analytics.servicenow_tickets_avg_resolution_time: BEGIN
[0m20:01:14.283002 [debug] [Thread-1  ]: Opening a new connection, currently in state closed
[0m20:01:14.297559 [debug] [Thread-1  ]: SQL status: BEGIN in 0.014 seconds
[0m20:01:14.298071 [debug] [Thread-1  ]: Using postgres connection "model.servicenow_analytics.servicenow_tickets_avg_resolution_time"
[0m20:01:14.298485 [debug] [Thread-1  ]: On model.servicenow_analytics.servicenow_tickets_avg_resolution_time: /* {"app": "dbt", "dbt_version": "1.9.0b2", "profile_name": "servicenow_analytics", "target_name": "dev", "node_id": "model.servicenow_analytics.servicenow_tickets_avg_resolution_time"} */

  
    

  create  table "db"."analytics"."servicenow_tickets_avg_resolution_time__dbt_tmp"
  
  
    as
  
  (
    -- models/staging/servicenow_tickets_avg_resolution_time.sql

SELECT
    category,
    priority,
    AVG(EXTRACT(EPOCH FROM (resolved_date - created_date)) / 3600) AS avg_resolution_time_hrs
FROM "db"."analytics"."servicenow_tickets_cleaned"
GROUP BY category, priority
  );
  
[0m20:01:14.307197 [debug] [Thread-1  ]: SQL status: SELECT 20 in 0.008 seconds
[0m20:01:14.314218 [debug] [Thread-1  ]: Using postgres connection "model.servicenow_analytics.servicenow_tickets_avg_resolution_time"
[0m20:01:14.314733 [debug] [Thread-1  ]: On model.servicenow_analytics.servicenow_tickets_avg_resolution_time: /* {"app": "dbt", "dbt_version": "1.9.0b2", "profile_name": "servicenow_analytics", "target_name": "dev", "node_id": "model.servicenow_analytics.servicenow_tickets_avg_resolution_time"} */
alter table "db"."analytics"."servicenow_tickets_avg_resolution_time" rename to "servicenow_tickets_avg_resolution_time__dbt_backup"
[0m20:01:14.315753 [debug] [Thread-1  ]: SQL status: ALTER TABLE in 0.001 seconds
[0m20:01:14.319557 [debug] [Thread-1  ]: Using postgres connection "model.servicenow_analytics.servicenow_tickets_avg_resolution_time"
[0m20:01:14.320027 [debug] [Thread-1  ]: On model.servicenow_analytics.servicenow_tickets_avg_resolution_time: /* {"app": "dbt", "dbt_version": "1.9.0b2", "profile_name": "servicenow_analytics", "target_name": "dev", "node_id": "model.servicenow_analytics.servicenow_tickets_avg_resolution_time"} */
alter table "db"."analytics"."servicenow_tickets_avg_resolution_time__dbt_tmp" rename to "servicenow_tickets_avg_resolution_time"
[0m20:01:14.321251 [debug] [Thread-1  ]: SQL status: ALTER TABLE in 0.001 seconds
[0m20:01:14.342391 [debug] [Thread-1  ]: On model.servicenow_analytics.servicenow_tickets_avg_resolution_time: COMMIT
[0m20:01:14.342874 [debug] [Thread-1  ]: Using postgres connection "model.servicenow_analytics.servicenow_tickets_avg_resolution_time"
[0m20:01:14.343230 [debug] [Thread-1  ]: On model.servicenow_analytics.servicenow_tickets_avg_resolution_time: COMMIT
[0m20:01:14.344271 [debug] [Thread-1  ]: SQL status: COMMIT in 0.001 seconds
[0m20:01:14.351081 [debug] [Thread-1  ]: Applying DROP to: "db"."analytics"."servicenow_tickets_avg_resolution_time__dbt_backup"
[0m20:01:14.356289 [debug] [Thread-1  ]: Using postgres connection "model.servicenow_analytics.servicenow_tickets_avg_resolution_time"
[0m20:01:14.356824 [debug] [Thread-1  ]: On model.servicenow_analytics.servicenow_tickets_avg_resolution_time: /* {"app": "dbt", "dbt_version": "1.9.0b2", "profile_name": "servicenow_analytics", "target_name": "dev", "node_id": "model.servicenow_analytics.servicenow_tickets_avg_resolution_time"} */
drop table if exists "db"."analytics"."servicenow_tickets_avg_resolution_time__dbt_backup" cascade
[0m20:01:14.361454 [debug] [Thread-1  ]: SQL status: DROP TABLE in 0.004 seconds
[0m20:01:14.364217 [debug] [Thread-1  ]: On model.servicenow_analytics.servicenow_tickets_avg_resolution_time: Close
[0m20:01:14.366041 [debug] [Thread-1  ]: Sending event: {'category': 'dbt', 'action': 'run_model', 'label': '77d5e2d9-c571-4660-bcc0-c9701b4fb9df', 'context': [<snowplow_tracker.self_describing_json.SelfDescribingJson object at 0x1091e8580>]}
[0m20:01:14.366855 [info ] [Thread-1  ]: 1 of 1 OK created sql table model analytics.servicenow_tickets_avg_resolution_time  [[32mSELECT 20[0m in 0.15s]
[0m20:01:14.367493 [debug] [Thread-1  ]: Finished running node model.servicenow_analytics.servicenow_tickets_avg_resolution_time
[0m20:01:14.369098 [debug] [MainThread]: Using postgres connection "master"
[0m20:01:14.369502 [debug] [MainThread]: On master: BEGIN
[0m20:01:14.369788 [debug] [MainThread]: Opening a new connection, currently in state closed
[0m20:01:14.382309 [debug] [MainThread]: SQL status: BEGIN in 0.012 seconds
[0m20:01:14.382739 [debug] [MainThread]: On master: COMMIT
[0m20:01:14.383036 [debug] [MainThread]: Using postgres connection "master"
[0m20:01:14.383319 [debug] [MainThread]: On master: COMMIT
[0m20:01:14.383708 [debug] [MainThread]: SQL status: COMMIT in 0.000 seconds
[0m20:01:14.384014 [debug] [MainThread]: On master: Close
[0m20:01:14.384469 [debug] [MainThread]: Connection 'master' was properly closed.
[0m20:01:14.384769 [debug] [MainThread]: Connection 'model.servicenow_analytics.servicenow_tickets_avg_resolution_time' was properly closed.
[0m20:01:14.385176 [info ] [MainThread]: 
[0m20:01:14.385757 [info ] [MainThread]: Finished running 1 table model in 0 hours 0 minutes and 0.33 seconds (0.33s).
[0m20:01:14.386562 [debug] [MainThread]: Command end result
[0m20:01:14.418422 [info ] [MainThread]: 
[0m20:01:14.419152 [info ] [MainThread]: [32mCompleted successfully[0m
[0m20:01:14.419487 [info ] [MainThread]: 
[0m20:01:14.419831 [info ] [MainThread]: Done. PASS=1 WARN=0 ERROR=0 SKIP=0 TOTAL=1
[0m20:01:14.422022 [debug] [MainThread]: Resource report: {"command_name": "run", "command_success": true, "command_wall_clock_time": 1.182752, "process_user_time": 2.339513, "process_kernel_time": 0.393726, "process_mem_max_rss": "108994560", "process_in_blocks": "0", "process_out_blocks": "0"}
[0m20:01:14.422856 [debug] [MainThread]: Command `dbt run` succeeded at 20:01:14.422694 after 1.18 seconds
[0m20:01:14.423347 [debug] [MainThread]: Sending event: {'category': 'dbt', 'action': 'invocation', 'label': 'end', 'context': [<snowplow_tracker.self_describing_json.SelfDescribingJson object at 0x1074896d0>, <snowplow_tracker.self_describing_json.SelfDescribingJson object at 0x10769aa60>, <snowplow_tracker.self_describing_json.SelfDescribingJson object at 0x1082ff640>]}
[0m20:01:14.423839 [debug] [MainThread]: Flushing usage events
[0m20:01:15.614933 [debug] [MainThread]: An error was encountered while trying to flush usage events
[0m20:01:29.404843 [debug] [MainThread]: Sending event: {'category': 'dbt', 'action': 'invocation', 'label': 'start', 'context': [<snowplow_tracker.self_describing_json.SelfDescribingJson object at 0x10f7466a0>, <snowplow_tracker.self_describing_json.SelfDescribingJson object at 0x11049f430>, <snowplow_tracker.self_describing_json.SelfDescribingJson object at 0x1104cdc40>]}


============================== 20:01:29.411403 | c0d6207b-f666-4a8c-b811-5c785bd023ed ==============================
[0m20:01:29.411403 [info ] [MainThread]: Running with dbt=1.9.0-b2
[0m20:01:29.412168 [debug] [MainThread]: running dbt with arguments {'printer_width': '80', 'indirect_selection': 'eager', 'write_json': 'True', 'log_cache_events': 'False', 'partial_parse': 'True', 'cache_selected_only': 'False', 'warn_error': 'None', 'version_check': 'True', 'debug': 'False', 'log_path': '/Users/charanlobo/dbt_servicenow_project/logs', 'fail_fast': 'False', 'profiles_dir': '/Users/charanlobo/.dbt', 'use_colors': 'True', 'use_experimental_parser': 'False', 'no_print': 'None', 'quiet': 'False', 'empty': 'False', 'warn_error_options': 'WarnErrorOptions(include=[], exclude=[])', 'introspect': 'True', 'invocation_command': 'dbt run --select servicenow_tickets_closure_rate', 'static_parser': 'True', 'target_path': 'None', 'log_format': 'default', 'send_anonymous_usage_stats': 'True'}
[0m20:01:29.642588 [debug] [MainThread]: Sending event: {'category': 'dbt', 'action': 'project_id', 'label': 'c0d6207b-f666-4a8c-b811-5c785bd023ed', 'context': [<snowplow_tracker.self_describing_json.SelfDescribingJson object at 0x1106d74f0>]}
[0m20:01:29.712276 [debug] [MainThread]: Sending event: {'category': 'dbt', 'action': 'adapter_info', 'label': 'c0d6207b-f666-4a8c-b811-5c785bd023ed', 'context': [<snowplow_tracker.self_describing_json.SelfDescribingJson object at 0x10e0b4b80>]}
[0m20:01:29.713799 [info ] [MainThread]: Registered adapter: postgres=1.8.2
[0m20:01:29.736380 [debug] [MainThread]: checksum: 4cfbbe2a671212f062e88a43cba5322b30b7e3e8e91b953aa4de249eeaade60f, vars: {}, profile: , target: , version: 1.9.0b2
[0m20:01:29.921465 [debug] [MainThread]: Partial parsing enabled: 0 files deleted, 0 files added, 0 files changed.
[0m20:01:29.921995 [debug] [MainThread]: Partial parsing enabled, no changes found, skipping parsing
[0m20:01:29.970286 [debug] [MainThread]: Sending event: {'category': 'dbt', 'action': 'load_project', 'label': 'c0d6207b-f666-4a8c-b811-5c785bd023ed', 'context': [<snowplow_tracker.self_describing_json.SelfDescribingJson object at 0x110b99af0>]}
[0m20:01:30.223475 [debug] [MainThread]: Sending event: {'category': 'dbt', 'action': 'resource_counts', 'label': 'c0d6207b-f666-4a8c-b811-5c785bd023ed', 'context': [<snowplow_tracker.self_describing_json.SelfDescribingJson object at 0x110c07c10>]}
[0m20:01:30.224506 [info ] [MainThread]: Found 6 models, 1 source, 423 macros
[0m20:01:30.225262 [debug] [MainThread]: Sending event: {'category': 'dbt', 'action': 'runnable_timing', 'label': 'c0d6207b-f666-4a8c-b811-5c785bd023ed', 'context': [<snowplow_tracker.self_describing_json.SelfDescribingJson object at 0x110bb2a30>]}
[0m20:01:30.227458 [info ] [MainThread]: 
[0m20:01:30.228075 [info ] [MainThread]: Concurrency: 4 threads (target='dev')
[0m20:01:30.228863 [info ] [MainThread]: 
[0m20:01:30.230101 [debug] [MainThread]: Acquiring new postgres connection 'master'
[0m20:01:30.231347 [debug] [ThreadPool]: Acquiring new postgres connection 'list_db'
[0m20:01:30.308700 [debug] [ThreadPool]: Using postgres connection "list_db"
[0m20:01:30.309146 [debug] [ThreadPool]: On list_db: /* {"app": "dbt", "dbt_version": "1.9.0b2", "profile_name": "servicenow_analytics", "target_name": "dev", "connection_name": "list_db"} */

    select distinct nspname from pg_namespace
  
[0m20:01:30.309468 [debug] [ThreadPool]: Opening a new connection, currently in state init
[0m20:01:30.341500 [debug] [ThreadPool]: SQL status: SELECT 6 in 0.032 seconds
[0m20:01:30.342897 [debug] [ThreadPool]: On list_db: Close
[0m20:01:30.347880 [debug] [ThreadPool]: Re-using an available connection from the pool (formerly list_db, now list_db_analytics)
[0m20:01:30.354633 [debug] [ThreadPool]: Using postgres connection "list_db_analytics"
[0m20:01:30.355036 [debug] [ThreadPool]: On list_db_analytics: BEGIN
[0m20:01:30.355334 [debug] [ThreadPool]: Opening a new connection, currently in state closed
[0m20:01:30.367343 [debug] [ThreadPool]: SQL status: BEGIN in 0.012 seconds
[0m20:01:30.367813 [debug] [ThreadPool]: Using postgres connection "list_db_analytics"
[0m20:01:30.368300 [debug] [ThreadPool]: On list_db_analytics: /* {"app": "dbt", "dbt_version": "1.9.0b2", "profile_name": "servicenow_analytics", "target_name": "dev", "connection_name": "list_db_analytics"} */
select
      'db' as database,
      tablename as name,
      schemaname as schema,
      'table' as type
    from pg_tables
    where schemaname ilike 'analytics'
    union all
    select
      'db' as database,
      viewname as name,
      schemaname as schema,
      'view' as type
    from pg_views
    where schemaname ilike 'analytics'
    union all
    select
      'db' as database,
      matviewname as name,
      schemaname as schema,
      'materialized_view' as type
    from pg_matviews
    where schemaname ilike 'analytics'
  
[0m20:01:30.373602 [debug] [ThreadPool]: SQL status: SELECT 6 in 0.005 seconds
[0m20:01:30.375014 [debug] [ThreadPool]: On list_db_analytics: ROLLBACK
[0m20:01:30.375458 [debug] [ThreadPool]: On list_db_analytics: Close
[0m20:01:30.381300 [debug] [MainThread]: Using postgres connection "master"
[0m20:01:30.381693 [debug] [MainThread]: On master: BEGIN
[0m20:01:30.381984 [debug] [MainThread]: Opening a new connection, currently in state init
[0m20:01:30.394998 [debug] [MainThread]: SQL status: BEGIN in 0.013 seconds
[0m20:01:30.395410 [debug] [MainThread]: Using postgres connection "master"
[0m20:01:30.395816 [debug] [MainThread]: On master: /* {"app": "dbt", "dbt_version": "1.9.0b2", "profile_name": "servicenow_analytics", "target_name": "dev", "connection_name": "master"} */
with relation as (
        select
            pg_rewrite.ev_class as class,
            pg_rewrite.oid as id
        from pg_rewrite
    ),
    class as (
        select
            oid as id,
            relname as name,
            relnamespace as schema,
            relkind as kind
        from pg_class
    ),
    dependency as (
        select distinct
            pg_depend.objid as id,
            pg_depend.refobjid as ref
        from pg_depend
    ),
    schema as (
        select
            pg_namespace.oid as id,
            pg_namespace.nspname as name
        from pg_namespace
        where nspname != 'information_schema' and nspname not like 'pg\_%'
    ),
    referenced as (
        select
            relation.id AS id,
            referenced_class.name ,
            referenced_class.schema ,
            referenced_class.kind
        from relation
        join class as referenced_class on relation.class=referenced_class.id
        where referenced_class.kind in ('r', 'v', 'm')
    ),
    relationships as (
        select
            referenced.name as referenced_name,
            referenced.schema as referenced_schema_id,
            dependent_class.name as dependent_name,
            dependent_class.schema as dependent_schema_id,
            referenced.kind as kind
        from referenced
        join dependency on referenced.id=dependency.id
        join class as dependent_class on dependency.ref=dependent_class.id
        where
            (referenced.name != dependent_class.name or
             referenced.schema != dependent_class.schema)
    )

    select
        referenced_schema.name as referenced_schema,
        relationships.referenced_name as referenced_name,
        dependent_schema.name as dependent_schema,
        relationships.dependent_name as dependent_name
    from relationships
    join schema as dependent_schema on relationships.dependent_schema_id=dependent_schema.id
    join schema as referenced_schema on relationships.referenced_schema_id=referenced_schema.id
    group by referenced_schema, referenced_name, dependent_schema, dependent_name
    order by referenced_schema, referenced_name, dependent_schema, dependent_name;
[0m20:01:30.402480 [debug] [MainThread]: SQL status: SELECT 0 in 0.006 seconds
[0m20:01:30.404945 [debug] [MainThread]: Sending event: {'category': 'dbt', 'action': 'runnable_timing', 'label': 'c0d6207b-f666-4a8c-b811-5c785bd023ed', 'context': [<snowplow_tracker.self_describing_json.SelfDescribingJson object at 0x10e12f700>]}
[0m20:01:30.405953 [debug] [MainThread]: On master: ROLLBACK
[0m20:01:30.406949 [debug] [MainThread]: Using postgres connection "master"
[0m20:01:30.407534 [debug] [MainThread]: On master: BEGIN
[0m20:01:30.408326 [debug] [MainThread]: SQL status: BEGIN in 0.000 seconds
[0m20:01:30.408776 [debug] [MainThread]: On master: COMMIT
[0m20:01:30.409193 [debug] [MainThread]: Using postgres connection "master"
[0m20:01:30.409593 [debug] [MainThread]: On master: COMMIT
[0m20:01:30.410143 [debug] [MainThread]: SQL status: COMMIT in 0.000 seconds
[0m20:01:30.410592 [debug] [MainThread]: On master: Close
[0m20:01:30.414181 [debug] [Thread-1  ]: Began running node model.servicenow_analytics.servicenow_tickets_closure_rate
[0m20:01:30.415015 [info ] [Thread-1  ]: 1 of 1 START sql table model analytics.servicenow_tickets_closure_rate ......... [RUN]
[0m20:01:30.415703 [debug] [Thread-1  ]: Re-using an available connection from the pool (formerly list_db_analytics, now model.servicenow_analytics.servicenow_tickets_closure_rate)
[0m20:01:30.416242 [debug] [Thread-1  ]: Began compiling node model.servicenow_analytics.servicenow_tickets_closure_rate
[0m20:01:30.427226 [debug] [Thread-1  ]: Writing injected SQL for node "model.servicenow_analytics.servicenow_tickets_closure_rate"
[0m20:01:30.428021 [debug] [Thread-1  ]: Began executing node model.servicenow_analytics.servicenow_tickets_closure_rate
[0m20:01:30.471683 [debug] [Thread-1  ]: Writing runtime sql for node "model.servicenow_analytics.servicenow_tickets_closure_rate"
[0m20:01:30.473000 [debug] [Thread-1  ]: Using postgres connection "model.servicenow_analytics.servicenow_tickets_closure_rate"
[0m20:01:30.473485 [debug] [Thread-1  ]: On model.servicenow_analytics.servicenow_tickets_closure_rate: BEGIN
[0m20:01:30.473848 [debug] [Thread-1  ]: Opening a new connection, currently in state closed
[0m20:01:30.485925 [debug] [Thread-1  ]: SQL status: BEGIN in 0.012 seconds
[0m20:01:30.486381 [debug] [Thread-1  ]: Using postgres connection "model.servicenow_analytics.servicenow_tickets_closure_rate"
[0m20:01:30.486776 [debug] [Thread-1  ]: On model.servicenow_analytics.servicenow_tickets_closure_rate: /* {"app": "dbt", "dbt_version": "1.9.0b2", "profile_name": "servicenow_analytics", "target_name": "dev", "node_id": "model.servicenow_analytics.servicenow_tickets_closure_rate"} */

  
    

  create  table "db"."analytics"."servicenow_tickets_closure_rate__dbt_tmp"
  
  
    as
  
  (
    -- models/staging/servicenow_tickets_closure_rate.sql

SELECT
    assigned_group,
    COUNT(*) AS total_tickets,
    SUM(CASE WHEN status = 'Closed' THEN 1 ELSE 0 END) AS closed_tickets,
    ROUND(
        SUM(CASE WHEN status = 'Closed' THEN 1 ELSE 0 END)::DECIMAL
        / NULLIF(COUNT(*), 0), 2
    ) AS closure_rate
FROM "db"."analytics"."servicenow_tickets_cleaned"
GROUP BY assigned_group
  );
  
[0m20:01:30.495210 [debug] [Thread-1  ]: SQL status: SELECT 177 in 0.008 seconds
[0m20:01:30.503958 [debug] [Thread-1  ]: Using postgres connection "model.servicenow_analytics.servicenow_tickets_closure_rate"
[0m20:01:30.504581 [debug] [Thread-1  ]: On model.servicenow_analytics.servicenow_tickets_closure_rate: /* {"app": "dbt", "dbt_version": "1.9.0b2", "profile_name": "servicenow_analytics", "target_name": "dev", "node_id": "model.servicenow_analytics.servicenow_tickets_closure_rate"} */
alter table "db"."analytics"."servicenow_tickets_closure_rate" rename to "servicenow_tickets_closure_rate__dbt_backup"
[0m20:01:30.505475 [debug] [Thread-1  ]: SQL status: ALTER TABLE in 0.000 seconds
[0m20:01:30.509870 [debug] [Thread-1  ]: Using postgres connection "model.servicenow_analytics.servicenow_tickets_closure_rate"
[0m20:01:30.510364 [debug] [Thread-1  ]: On model.servicenow_analytics.servicenow_tickets_closure_rate: /* {"app": "dbt", "dbt_version": "1.9.0b2", "profile_name": "servicenow_analytics", "target_name": "dev", "node_id": "model.servicenow_analytics.servicenow_tickets_closure_rate"} */
alter table "db"."analytics"."servicenow_tickets_closure_rate__dbt_tmp" rename to "servicenow_tickets_closure_rate"
[0m20:01:30.511558 [debug] [Thread-1  ]: SQL status: ALTER TABLE in 0.001 seconds
[0m20:01:30.535091 [debug] [Thread-1  ]: On model.servicenow_analytics.servicenow_tickets_closure_rate: COMMIT
[0m20:01:30.535713 [debug] [Thread-1  ]: Using postgres connection "model.servicenow_analytics.servicenow_tickets_closure_rate"
[0m20:01:30.536130 [debug] [Thread-1  ]: On model.servicenow_analytics.servicenow_tickets_closure_rate: COMMIT
[0m20:01:30.537125 [debug] [Thread-1  ]: SQL status: COMMIT in 0.001 seconds
[0m20:01:30.544127 [debug] [Thread-1  ]: Applying DROP to: "db"."analytics"."servicenow_tickets_closure_rate__dbt_backup"
[0m20:01:30.548883 [debug] [Thread-1  ]: Using postgres connection "model.servicenow_analytics.servicenow_tickets_closure_rate"
[0m20:01:30.549344 [debug] [Thread-1  ]: On model.servicenow_analytics.servicenow_tickets_closure_rate: /* {"app": "dbt", "dbt_version": "1.9.0b2", "profile_name": "servicenow_analytics", "target_name": "dev", "node_id": "model.servicenow_analytics.servicenow_tickets_closure_rate"} */
drop table if exists "db"."analytics"."servicenow_tickets_closure_rate__dbt_backup" cascade
[0m20:01:30.553233 [debug] [Thread-1  ]: SQL status: DROP TABLE in 0.003 seconds
[0m20:01:30.556483 [debug] [Thread-1  ]: On model.servicenow_analytics.servicenow_tickets_closure_rate: Close
[0m20:01:30.558284 [debug] [Thread-1  ]: Sending event: {'category': 'dbt', 'action': 'run_model', 'label': 'c0d6207b-f666-4a8c-b811-5c785bd023ed', 'context': [<snowplow_tracker.self_describing_json.SelfDescribingJson object at 0x1114b0550>]}
[0m20:01:30.559094 [info ] [Thread-1  ]: 1 of 1 OK created sql table model analytics.servicenow_tickets_closure_rate .... [[32mSELECT 177[0m in 0.14s]
[0m20:01:30.559738 [debug] [Thread-1  ]: Finished running node model.servicenow_analytics.servicenow_tickets_closure_rate
[0m20:01:30.561058 [debug] [MainThread]: Using postgres connection "master"
[0m20:01:30.561385 [debug] [MainThread]: On master: BEGIN
[0m20:01:30.561671 [debug] [MainThread]: Opening a new connection, currently in state closed
[0m20:01:30.600774 [debug] [MainThread]: SQL status: BEGIN in 0.039 seconds
[0m20:01:30.601247 [debug] [MainThread]: On master: COMMIT
[0m20:01:30.601948 [debug] [MainThread]: Using postgres connection "master"
[0m20:01:30.608676 [debug] [MainThread]: On master: COMMIT
[0m20:01:30.631676 [debug] [MainThread]: SQL status: COMMIT in 0.000 seconds
[0m20:01:30.632198 [debug] [MainThread]: On master: Close
[0m20:01:30.632898 [debug] [MainThread]: Connection 'master' was properly closed.
[0m20:01:30.633232 [debug] [MainThread]: Connection 'model.servicenow_analytics.servicenow_tickets_closure_rate' was properly closed.
[0m20:01:30.633560 [info ] [MainThread]: 
[0m20:01:30.633907 [info ] [MainThread]: Finished running 1 table model in 0 hours 0 minutes and 0.40 seconds (0.40s).
[0m20:01:30.635061 [debug] [MainThread]: Command end result
[0m20:01:30.679937 [info ] [MainThread]: 
[0m20:01:30.680489 [info ] [MainThread]: [32mCompleted successfully[0m
[0m20:01:30.680809 [info ] [MainThread]: 
[0m20:01:30.681149 [info ] [MainThread]: Done. PASS=1 WARN=0 ERROR=0 SKIP=0 TOTAL=1
[0m20:01:30.683632 [debug] [MainThread]: Resource report: {"command_name": "run", "command_success": true, "command_wall_clock_time": 1.3666221, "process_user_time": 2.313613, "process_kernel_time": 0.365894, "process_mem_max_rss": "109076480", "process_in_blocks": "0", "process_out_blocks": "0"}
[0m20:01:30.684351 [debug] [MainThread]: Command `dbt run` succeeded at 20:01:30.684215 after 1.37 seconds
[0m20:01:30.684783 [debug] [MainThread]: Sending event: {'category': 'dbt', 'action': 'invocation', 'label': 'end', 'context': [<snowplow_tracker.self_describing_json.SelfDescribingJson object at 0x10f7466a0>, <snowplow_tracker.self_describing_json.SelfDescribingJson object at 0x10ebe37c0>, <snowplow_tracker.self_describing_json.SelfDescribingJson object at 0x10e0b4b80>]}
[0m20:01:30.685438 [debug] [MainThread]: Flushing usage events
[0m20:01:31.909518 [debug] [MainThread]: An error was encountered while trying to flush usage events
[0m20:01:46.116485 [debug] [MainThread]: Sending event: {'category': 'dbt', 'action': 'invocation', 'label': 'start', 'context': [<snowplow_tracker.self_describing_json.SelfDescribingJson object at 0x10b8bb6a0>, <snowplow_tracker.self_describing_json.SelfDescribingJson object at 0x10c608430>, <snowplow_tracker.self_describing_json.SelfDescribingJson object at 0x10c646c40>]}


============================== 20:01:46.124346 | 61e9ebee-f42f-4337-9c61-97317ae59019 ==============================
[0m20:01:46.124346 [info ] [MainThread]: Running with dbt=1.9.0-b2
[0m20:01:46.125217 [debug] [MainThread]: running dbt with arguments {'printer_width': '80', 'indirect_selection': 'eager', 'log_cache_events': 'False', 'write_json': 'True', 'partial_parse': 'True', 'cache_selected_only': 'False', 'profiles_dir': '/Users/charanlobo/.dbt', 'fail_fast': 'False', 'warn_error': 'None', 'log_path': '/Users/charanlobo/dbt_servicenow_project/logs', 'version_check': 'True', 'debug': 'False', 'use_colors': 'True', 'use_experimental_parser': 'False', 'no_print': 'None', 'quiet': 'False', 'empty': 'False', 'log_format': 'default', 'introspect': 'True', 'invocation_command': 'dbt run --select servicenow_monthly_ticket_summary', 'static_parser': 'True', 'target_path': 'None', 'warn_error_options': 'WarnErrorOptions(include=[], exclude=[])', 'send_anonymous_usage_stats': 'True'}
[0m20:01:46.394354 [debug] [MainThread]: Sending event: {'category': 'dbt', 'action': 'project_id', 'label': '61e9ebee-f42f-4337-9c61-97317ae59019', 'context': [<snowplow_tracker.self_describing_json.SelfDescribingJson object at 0x10c84c4f0>]}
[0m20:01:46.466196 [debug] [MainThread]: Sending event: {'category': 'dbt', 'action': 'adapter_info', 'label': '61e9ebee-f42f-4337-9c61-97317ae59019', 'context': [<snowplow_tracker.self_describing_json.SelfDescribingJson object at 0x10a229b80>]}
[0m20:01:46.467411 [info ] [MainThread]: Registered adapter: postgres=1.8.2
[0m20:01:46.489433 [debug] [MainThread]: checksum: 4cfbbe2a671212f062e88a43cba5322b30b7e3e8e91b953aa4de249eeaade60f, vars: {}, profile: , target: , version: 1.9.0b2
[0m20:01:46.672720 [debug] [MainThread]: Partial parsing enabled: 0 files deleted, 0 files added, 0 files changed.
[0m20:01:46.673228 [debug] [MainThread]: Partial parsing enabled, no changes found, skipping parsing
[0m20:01:46.720929 [debug] [MainThread]: Sending event: {'category': 'dbt', 'action': 'load_project', 'label': '61e9ebee-f42f-4337-9c61-97317ae59019', 'context': [<snowplow_tracker.self_describing_json.SelfDescribingJson object at 0x10cd10af0>]}
[0m20:01:46.843604 [debug] [MainThread]: Sending event: {'category': 'dbt', 'action': 'resource_counts', 'label': '61e9ebee-f42f-4337-9c61-97317ae59019', 'context': [<snowplow_tracker.self_describing_json.SelfDescribingJson object at 0x10cd73c10>]}
[0m20:01:46.844213 [info ] [MainThread]: Found 6 models, 1 source, 423 macros
[0m20:01:46.844588 [debug] [MainThread]: Sending event: {'category': 'dbt', 'action': 'runnable_timing', 'label': '61e9ebee-f42f-4337-9c61-97317ae59019', 'context': [<snowplow_tracker.self_describing_json.SelfDescribingJson object at 0x10cd28a30>]}
[0m20:01:46.845955 [info ] [MainThread]: 
[0m20:01:46.846344 [info ] [MainThread]: Concurrency: 4 threads (target='dev')
[0m20:01:46.846651 [info ] [MainThread]: 
[0m20:01:46.847262 [debug] [MainThread]: Acquiring new postgres connection 'master'
[0m20:01:46.848348 [debug] [ThreadPool]: Acquiring new postgres connection 'list_db'
[0m20:01:46.906050 [debug] [ThreadPool]: Using postgres connection "list_db"
[0m20:01:46.906506 [debug] [ThreadPool]: On list_db: /* {"app": "dbt", "dbt_version": "1.9.0b2", "profile_name": "servicenow_analytics", "target_name": "dev", "connection_name": "list_db"} */

    select distinct nspname from pg_namespace
  
[0m20:01:46.906832 [debug] [ThreadPool]: Opening a new connection, currently in state init
[0m20:01:46.936798 [debug] [ThreadPool]: SQL status: SELECT 6 in 0.030 seconds
[0m20:01:46.938362 [debug] [ThreadPool]: On list_db: Close
[0m20:01:46.943896 [debug] [ThreadPool]: Re-using an available connection from the pool (formerly list_db, now list_db_analytics)
[0m20:01:46.950340 [debug] [ThreadPool]: Using postgres connection "list_db_analytics"
[0m20:01:46.950760 [debug] [ThreadPool]: On list_db_analytics: BEGIN
[0m20:01:46.951053 [debug] [ThreadPool]: Opening a new connection, currently in state closed
[0m20:01:46.963616 [debug] [ThreadPool]: SQL status: BEGIN in 0.012 seconds
[0m20:01:46.964046 [debug] [ThreadPool]: Using postgres connection "list_db_analytics"
[0m20:01:46.964391 [debug] [ThreadPool]: On list_db_analytics: /* {"app": "dbt", "dbt_version": "1.9.0b2", "profile_name": "servicenow_analytics", "target_name": "dev", "connection_name": "list_db_analytics"} */
select
      'db' as database,
      tablename as name,
      schemaname as schema,
      'table' as type
    from pg_tables
    where schemaname ilike 'analytics'
    union all
    select
      'db' as database,
      viewname as name,
      schemaname as schema,
      'view' as type
    from pg_views
    where schemaname ilike 'analytics'
    union all
    select
      'db' as database,
      matviewname as name,
      schemaname as schema,
      'materialized_view' as type
    from pg_matviews
    where schemaname ilike 'analytics'
  
[0m20:01:46.968877 [debug] [ThreadPool]: SQL status: SELECT 6 in 0.004 seconds
[0m20:01:46.970416 [debug] [ThreadPool]: On list_db_analytics: ROLLBACK
[0m20:01:46.970937 [debug] [ThreadPool]: On list_db_analytics: Close
[0m20:01:46.977358 [debug] [MainThread]: Using postgres connection "master"
[0m20:01:46.977760 [debug] [MainThread]: On master: BEGIN
[0m20:01:46.978045 [debug] [MainThread]: Opening a new connection, currently in state init
[0m20:01:46.990417 [debug] [MainThread]: SQL status: BEGIN in 0.012 seconds
[0m20:01:46.990839 [debug] [MainThread]: Using postgres connection "master"
[0m20:01:46.991239 [debug] [MainThread]: On master: /* {"app": "dbt", "dbt_version": "1.9.0b2", "profile_name": "servicenow_analytics", "target_name": "dev", "connection_name": "master"} */
with relation as (
        select
            pg_rewrite.ev_class as class,
            pg_rewrite.oid as id
        from pg_rewrite
    ),
    class as (
        select
            oid as id,
            relname as name,
            relnamespace as schema,
            relkind as kind
        from pg_class
    ),
    dependency as (
        select distinct
            pg_depend.objid as id,
            pg_depend.refobjid as ref
        from pg_depend
    ),
    schema as (
        select
            pg_namespace.oid as id,
            pg_namespace.nspname as name
        from pg_namespace
        where nspname != 'information_schema' and nspname not like 'pg\_%'
    ),
    referenced as (
        select
            relation.id AS id,
            referenced_class.name ,
            referenced_class.schema ,
            referenced_class.kind
        from relation
        join class as referenced_class on relation.class=referenced_class.id
        where referenced_class.kind in ('r', 'v', 'm')
    ),
    relationships as (
        select
            referenced.name as referenced_name,
            referenced.schema as referenced_schema_id,
            dependent_class.name as dependent_name,
            dependent_class.schema as dependent_schema_id,
            referenced.kind as kind
        from referenced
        join dependency on referenced.id=dependency.id
        join class as dependent_class on dependency.ref=dependent_class.id
        where
            (referenced.name != dependent_class.name or
             referenced.schema != dependent_class.schema)
    )

    select
        referenced_schema.name as referenced_schema,
        relationships.referenced_name as referenced_name,
        dependent_schema.name as dependent_schema,
        relationships.dependent_name as dependent_name
    from relationships
    join schema as dependent_schema on relationships.dependent_schema_id=dependent_schema.id
    join schema as referenced_schema on relationships.referenced_schema_id=referenced_schema.id
    group by referenced_schema, referenced_name, dependent_schema, dependent_name
    order by referenced_schema, referenced_name, dependent_schema, dependent_name;
[0m20:01:46.995892 [debug] [MainThread]: SQL status: SELECT 0 in 0.004 seconds
[0m20:01:46.997472 [debug] [MainThread]: Sending event: {'category': 'dbt', 'action': 'runnable_timing', 'label': '61e9ebee-f42f-4337-9c61-97317ae59019', 'context': [<snowplow_tracker.self_describing_json.SelfDescribingJson object at 0x10d354a60>]}
[0m20:01:46.998043 [debug] [MainThread]: On master: ROLLBACK
[0m20:01:46.998553 [debug] [MainThread]: Using postgres connection "master"
[0m20:01:46.998867 [debug] [MainThread]: On master: BEGIN
[0m20:01:46.999354 [debug] [MainThread]: SQL status: BEGIN in 0.000 seconds
[0m20:01:46.999688 [debug] [MainThread]: On master: COMMIT
[0m20:01:47.000003 [debug] [MainThread]: Using postgres connection "master"
[0m20:01:47.000301 [debug] [MainThread]: On master: COMMIT
[0m20:01:47.000761 [debug] [MainThread]: SQL status: COMMIT in 0.000 seconds
[0m20:01:47.001344 [debug] [MainThread]: On master: Close
[0m20:01:47.004247 [debug] [Thread-1  ]: Began running node model.servicenow_analytics.servicenow_monthly_ticket_summary
[0m20:01:47.004910 [info ] [Thread-1  ]: 1 of 1 START sql table model analytics.servicenow_monthly_ticket_summary ....... [RUN]
[0m20:01:47.005566 [debug] [Thread-1  ]: Re-using an available connection from the pool (formerly list_db_analytics, now model.servicenow_analytics.servicenow_monthly_ticket_summary)
[0m20:01:47.006123 [debug] [Thread-1  ]: Began compiling node model.servicenow_analytics.servicenow_monthly_ticket_summary
[0m20:01:47.015497 [debug] [Thread-1  ]: Writing injected SQL for node "model.servicenow_analytics.servicenow_monthly_ticket_summary"
[0m20:01:47.016322 [debug] [Thread-1  ]: Began executing node model.servicenow_analytics.servicenow_monthly_ticket_summary
[0m20:01:47.059713 [debug] [Thread-1  ]: Writing runtime sql for node "model.servicenow_analytics.servicenow_monthly_ticket_summary"
[0m20:01:47.060571 [debug] [Thread-1  ]: Using postgres connection "model.servicenow_analytics.servicenow_monthly_ticket_summary"
[0m20:01:47.060947 [debug] [Thread-1  ]: On model.servicenow_analytics.servicenow_monthly_ticket_summary: BEGIN
[0m20:01:47.061290 [debug] [Thread-1  ]: Opening a new connection, currently in state closed
[0m20:01:47.074158 [debug] [Thread-1  ]: SQL status: BEGIN in 0.013 seconds
[0m20:01:47.074651 [debug] [Thread-1  ]: Using postgres connection "model.servicenow_analytics.servicenow_monthly_ticket_summary"
[0m20:01:47.075053 [debug] [Thread-1  ]: On model.servicenow_analytics.servicenow_monthly_ticket_summary: /* {"app": "dbt", "dbt_version": "1.9.0b2", "profile_name": "servicenow_analytics", "target_name": "dev", "node_id": "model.servicenow_analytics.servicenow_monthly_ticket_summary"} */

  
    

  create  table "db"."analytics"."servicenow_monthly_ticket_summary__dbt_tmp"
  
  
    as
  
  (
    -- models/staging/servicenow_monthly_ticket_summary.sql

SELECT
    DATE_TRUNC('month', created_date) AS month,
    category,
    priority,
    COUNT(*) AS total_tickets,
    ROUND(AVG(EXTRACT(EPOCH FROM (resolved_date - created_date)) / 3600), 2) AS avg_resolution_time_hrs,
    ROUND(
        SUM(CASE WHEN status = 'Closed' THEN 1 ELSE 0 END)::DECIMAL
        / NULLIF(COUNT(*), 0), 2
    ) AS closure_rate
FROM "db"."analytics"."servicenow_tickets_cleaned"
GROUP BY 1, 2, 3
ORDER BY 1
  );
  
[0m20:01:47.085146 [debug] [Thread-1  ]: SQL status: SELECT 20 in 0.010 seconds
[0m20:01:47.092622 [debug] [Thread-1  ]: Using postgres connection "model.servicenow_analytics.servicenow_monthly_ticket_summary"
[0m20:01:47.093107 [debug] [Thread-1  ]: On model.servicenow_analytics.servicenow_monthly_ticket_summary: /* {"app": "dbt", "dbt_version": "1.9.0b2", "profile_name": "servicenow_analytics", "target_name": "dev", "node_id": "model.servicenow_analytics.servicenow_monthly_ticket_summary"} */
alter table "db"."analytics"."servicenow_monthly_ticket_summary" rename to "servicenow_monthly_ticket_summary__dbt_backup"
[0m20:01:47.093933 [debug] [Thread-1  ]: SQL status: ALTER TABLE in 0.000 seconds
[0m20:01:47.097239 [debug] [Thread-1  ]: Using postgres connection "model.servicenow_analytics.servicenow_monthly_ticket_summary"
[0m20:01:47.097682 [debug] [Thread-1  ]: On model.servicenow_analytics.servicenow_monthly_ticket_summary: /* {"app": "dbt", "dbt_version": "1.9.0b2", "profile_name": "servicenow_analytics", "target_name": "dev", "node_id": "model.servicenow_analytics.servicenow_monthly_ticket_summary"} */
alter table "db"."analytics"."servicenow_monthly_ticket_summary__dbt_tmp" rename to "servicenow_monthly_ticket_summary"
[0m20:01:47.098632 [debug] [Thread-1  ]: SQL status: ALTER TABLE in 0.001 seconds
[0m20:01:47.120246 [debug] [Thread-1  ]: On model.servicenow_analytics.servicenow_monthly_ticket_summary: COMMIT
[0m20:01:47.120790 [debug] [Thread-1  ]: Using postgres connection "model.servicenow_analytics.servicenow_monthly_ticket_summary"
[0m20:01:47.121158 [debug] [Thread-1  ]: On model.servicenow_analytics.servicenow_monthly_ticket_summary: COMMIT
[0m20:01:47.122099 [debug] [Thread-1  ]: SQL status: COMMIT in 0.001 seconds
[0m20:01:47.128895 [debug] [Thread-1  ]: Applying DROP to: "db"."analytics"."servicenow_monthly_ticket_summary__dbt_backup"
[0m20:01:47.133549 [debug] [Thread-1  ]: Using postgres connection "model.servicenow_analytics.servicenow_monthly_ticket_summary"
[0m20:01:47.134001 [debug] [Thread-1  ]: On model.servicenow_analytics.servicenow_monthly_ticket_summary: /* {"app": "dbt", "dbt_version": "1.9.0b2", "profile_name": "servicenow_analytics", "target_name": "dev", "node_id": "model.servicenow_analytics.servicenow_monthly_ticket_summary"} */
drop table if exists "db"."analytics"."servicenow_monthly_ticket_summary__dbt_backup" cascade
[0m20:01:47.137779 [debug] [Thread-1  ]: SQL status: DROP TABLE in 0.003 seconds
[0m20:01:47.140583 [debug] [Thread-1  ]: On model.servicenow_analytics.servicenow_monthly_ticket_summary: Close
[0m20:01:47.142259 [debug] [Thread-1  ]: Sending event: {'category': 'dbt', 'action': 'run_model', 'label': '61e9ebee-f42f-4337-9c61-97317ae59019', 'context': [<snowplow_tracker.self_describing_json.SelfDescribingJson object at 0x10d6194f0>]}
[0m20:01:47.143075 [info ] [Thread-1  ]: 1 of 1 OK created sql table model analytics.servicenow_monthly_ticket_summary .. [[32mSELECT 20[0m in 0.14s]
[0m20:01:47.143739 [debug] [Thread-1  ]: Finished running node model.servicenow_analytics.servicenow_monthly_ticket_summary
[0m20:01:47.145099 [debug] [MainThread]: Using postgres connection "master"
[0m20:01:47.145422 [debug] [MainThread]: On master: BEGIN
[0m20:01:47.145707 [debug] [MainThread]: Opening a new connection, currently in state closed
[0m20:01:47.157724 [debug] [MainThread]: SQL status: BEGIN in 0.012 seconds
[0m20:01:47.158176 [debug] [MainThread]: On master: COMMIT
[0m20:01:47.158496 [debug] [MainThread]: Using postgres connection "master"
[0m20:01:47.158800 [debug] [MainThread]: On master: COMMIT
[0m20:01:47.159205 [debug] [MainThread]: SQL status: COMMIT in 0.000 seconds
[0m20:01:47.159537 [debug] [MainThread]: On master: Close
[0m20:01:47.159986 [debug] [MainThread]: Connection 'master' was properly closed.
[0m20:01:47.160284 [debug] [MainThread]: Connection 'model.servicenow_analytics.servicenow_monthly_ticket_summary' was properly closed.
[0m20:01:47.160616 [info ] [MainThread]: 
[0m20:01:47.160974 [info ] [MainThread]: Finished running 1 table model in 0 hours 0 minutes and 0.31 seconds (0.31s).
[0m20:01:47.161754 [debug] [MainThread]: Command end result
[0m20:01:47.193534 [info ] [MainThread]: 
[0m20:01:47.194058 [info ] [MainThread]: [32mCompleted successfully[0m
[0m20:01:47.194372 [info ] [MainThread]: 
[0m20:01:47.194708 [info ] [MainThread]: Done. PASS=1 WARN=0 ERROR=0 SKIP=0 TOTAL=1
[0m20:01:47.197162 [debug] [MainThread]: Resource report: {"command_name": "run", "command_success": true, "command_wall_clock_time": 1.1706455, "process_user_time": 2.268593, "process_kernel_time": 0.331238, "process_mem_max_rss": "109088768", "process_in_blocks": "0", "process_out_blocks": "0"}
[0m20:01:47.197892 [debug] [MainThread]: Command `dbt run` succeeded at 20:01:47.197769 after 1.17 seconds
[0m20:01:47.198313 [debug] [MainThread]: Sending event: {'category': 'dbt', 'action': 'invocation', 'label': 'end', 'context': [<snowplow_tracker.self_describing_json.SelfDescribingJson object at 0x10b8bb6a0>, <snowplow_tracker.self_describing_json.SelfDescribingJson object at 0x10cd28160>, <snowplow_tracker.self_describing_json.SelfDescribingJson object at 0x10ad587c0>]}
[0m20:01:47.198720 [debug] [MainThread]: Flushing usage events
[0m20:01:48.189222 [debug] [MainThread]: An error was encountered while trying to flush usage events
[0m00:20:28.757033 [debug] [MainThread]: Sending event: {'category': 'dbt', 'action': 'invocation', 'label': 'start', 'context': [<snowplow_tracker.self_describing_json.SelfDescribingJson object at 0x109b886d0>, <snowplow_tracker.self_describing_json.SelfDescribingJson object at 0x10a8e0bb0>, <snowplow_tracker.self_describing_json.SelfDescribingJson object at 0x10a91bbb0>]}


============================== 00:20:28.763255 | ec5365bc-db65-468b-9503-7e740dae9713 ==============================
[0m00:20:28.763255 [info ] [MainThread]: Running with dbt=1.9.0-b2
[0m00:20:28.763890 [debug] [MainThread]: running dbt with arguments {'printer_width': '80', 'indirect_selection': 'eager', 'log_cache_events': 'False', 'write_json': 'True', 'partial_parse': 'True', 'cache_selected_only': 'False', 'warn_error': 'None', 'debug': 'False', 'fail_fast': 'False', 'log_path': '/Users/charanlobo/dbt_servicenow_project/logs', 'version_check': 'True', 'profiles_dir': '/Users/charanlobo/.dbt', 'use_colors': 'True', 'use_experimental_parser': 'False', 'no_print': 'None', 'quiet': 'False', 'empty': 'False', 'log_format': 'default', 'introspect': 'True', 'static_parser': 'True', 'invocation_command': 'dbt run --select servicenow_tickets_cleaned', 'target_path': 'None', 'warn_error_options': 'WarnErrorOptions(include=[], exclude=[])', 'send_anonymous_usage_stats': 'True'}
[0m00:20:29.037633 [debug] [MainThread]: Sending event: {'category': 'dbt', 'action': 'project_id', 'label': 'ec5365bc-db65-468b-9503-7e740dae9713', 'context': [<snowplow_tracker.self_describing_json.SelfDescribingJson object at 0x10a9fc640>]}
[0m00:20:29.108583 [debug] [MainThread]: Sending event: {'category': 'dbt', 'action': 'adapter_info', 'label': 'ec5365bc-db65-468b-9503-7e740dae9713', 'context': [<snowplow_tracker.self_describing_json.SelfDescribingJson object at 0x10a78fb50>]}
[0m00:20:29.110729 [info ] [MainThread]: Registered adapter: postgres=1.8.2
[0m00:20:29.134960 [debug] [MainThread]: checksum: 4cfbbe2a671212f062e88a43cba5322b30b7e3e8e91b953aa4de249eeaade60f, vars: {}, profile: , target: , version: 1.9.0b2
[0m00:20:29.366496 [debug] [MainThread]: Partial parsing enabled: 0 files deleted, 0 files added, 1 files changed.
[0m00:20:29.367499 [debug] [MainThread]: Partial parsing: updated file: servicenow_analytics://models/staging/servicenow_tickets_cleaned.sql
[0m00:20:29.742790 [debug] [MainThread]: Sending event: {'category': 'dbt', 'action': 'load_project', 'label': 'ec5365bc-db65-468b-9503-7e740dae9713', 'context': [<snowplow_tracker.self_describing_json.SelfDescribingJson object at 0x10b67b520>]}
[0m00:20:29.927901 [debug] [MainThread]: Sending event: {'category': 'dbt', 'action': 'resource_counts', 'label': 'ec5365bc-db65-468b-9503-7e740dae9713', 'context': [<snowplow_tracker.self_describing_json.SelfDescribingJson object at 0x10b78db80>]}
[0m00:20:29.932511 [info ] [MainThread]: Found 6 models, 1 source, 423 macros
[0m00:20:29.933144 [debug] [MainThread]: Sending event: {'category': 'dbt', 'action': 'runnable_timing', 'label': 'ec5365bc-db65-468b-9503-7e740dae9713', 'context': [<snowplow_tracker.self_describing_json.SelfDescribingJson object at 0x10b75ccd0>]}
[0m00:20:29.934841 [info ] [MainThread]: 
[0m00:20:29.935521 [info ] [MainThread]: Concurrency: 4 threads (target='dev')
[0m00:20:29.936121 [info ] [MainThread]: 
[0m00:20:29.938179 [debug] [MainThread]: Acquiring new postgres connection 'master'
[0m00:20:29.939320 [debug] [ThreadPool]: Acquiring new postgres connection 'list_db'
[0m00:20:29.999932 [debug] [ThreadPool]: Using postgres connection "list_db"
[0m00:20:30.000387 [debug] [ThreadPool]: On list_db: /* {"app": "dbt", "dbt_version": "1.9.0b2", "profile_name": "servicenow_analytics", "target_name": "dev", "connection_name": "list_db"} */

    select distinct nspname from pg_namespace
  
[0m00:20:30.000772 [debug] [ThreadPool]: Opening a new connection, currently in state init
[0m00:20:30.034919 [debug] [ThreadPool]: SQL status: SELECT 6 in 0.034 seconds
[0m00:20:30.036763 [debug] [ThreadPool]: On list_db: Close
[0m00:20:30.042398 [debug] [ThreadPool]: Re-using an available connection from the pool (formerly list_db, now list_db_analytics)
[0m00:20:30.109012 [debug] [ThreadPool]: Using postgres connection "list_db_analytics"
[0m00:20:30.109567 [debug] [ThreadPool]: On list_db_analytics: BEGIN
[0m00:20:30.109953 [debug] [ThreadPool]: Opening a new connection, currently in state closed
[0m00:20:30.126536 [debug] [ThreadPool]: SQL status: BEGIN in 0.016 seconds
[0m00:20:30.127126 [debug] [ThreadPool]: Using postgres connection "list_db_analytics"
[0m00:20:30.127584 [debug] [ThreadPool]: On list_db_analytics: /* {"app": "dbt", "dbt_version": "1.9.0b2", "profile_name": "servicenow_analytics", "target_name": "dev", "connection_name": "list_db_analytics"} */
select
      'db' as database,
      tablename as name,
      schemaname as schema,
      'table' as type
    from pg_tables
    where schemaname ilike 'analytics'
    union all
    select
      'db' as database,
      viewname as name,
      schemaname as schema,
      'view' as type
    from pg_views
    where schemaname ilike 'analytics'
    union all
    select
      'db' as database,
      matviewname as name,
      schemaname as schema,
      'materialized_view' as type
    from pg_matviews
    where schemaname ilike 'analytics'
  
[0m00:20:30.135348 [debug] [ThreadPool]: SQL status: SELECT 0 in 0.007 seconds
[0m00:20:30.136997 [debug] [ThreadPool]: On list_db_analytics: ROLLBACK
[0m00:20:30.137648 [debug] [ThreadPool]: On list_db_analytics: Close
[0m00:20:30.143930 [debug] [MainThread]: Using postgres connection "master"
[0m00:20:30.144397 [debug] [MainThread]: On master: BEGIN
[0m00:20:30.144730 [debug] [MainThread]: Opening a new connection, currently in state init
[0m00:20:30.158151 [debug] [MainThread]: SQL status: BEGIN in 0.013 seconds
[0m00:20:30.158589 [debug] [MainThread]: Using postgres connection "master"
[0m00:20:30.159004 [debug] [MainThread]: On master: /* {"app": "dbt", "dbt_version": "1.9.0b2", "profile_name": "servicenow_analytics", "target_name": "dev", "connection_name": "master"} */
with relation as (
        select
            pg_rewrite.ev_class as class,
            pg_rewrite.oid as id
        from pg_rewrite
    ),
    class as (
        select
            oid as id,
            relname as name,
            relnamespace as schema,
            relkind as kind
        from pg_class
    ),
    dependency as (
        select distinct
            pg_depend.objid as id,
            pg_depend.refobjid as ref
        from pg_depend
    ),
    schema as (
        select
            pg_namespace.oid as id,
            pg_namespace.nspname as name
        from pg_namespace
        where nspname != 'information_schema' and nspname not like 'pg\_%'
    ),
    referenced as (
        select
            relation.id AS id,
            referenced_class.name ,
            referenced_class.schema ,
            referenced_class.kind
        from relation
        join class as referenced_class on relation.class=referenced_class.id
        where referenced_class.kind in ('r', 'v', 'm')
    ),
    relationships as (
        select
            referenced.name as referenced_name,
            referenced.schema as referenced_schema_id,
            dependent_class.name as dependent_name,
            dependent_class.schema as dependent_schema_id,
            referenced.kind as kind
        from referenced
        join dependency on referenced.id=dependency.id
        join class as dependent_class on dependency.ref=dependent_class.id
        where
            (referenced.name != dependent_class.name or
             referenced.schema != dependent_class.schema)
    )

    select
        referenced_schema.name as referenced_schema,
        relationships.referenced_name as referenced_name,
        dependent_schema.name as dependent_schema,
        relationships.dependent_name as dependent_name
    from relationships
    join schema as dependent_schema on relationships.dependent_schema_id=dependent_schema.id
    join schema as referenced_schema on relationships.referenced_schema_id=referenced_schema.id
    group by referenced_schema, referenced_name, dependent_schema, dependent_name
    order by referenced_schema, referenced_name, dependent_schema, dependent_name;
[0m00:20:30.167443 [debug] [MainThread]: SQL status: SELECT 0 in 0.008 seconds
[0m00:20:30.169580 [debug] [MainThread]: Sending event: {'category': 'dbt', 'action': 'runnable_timing', 'label': 'ec5365bc-db65-468b-9503-7e740dae9713', 'context': [<snowplow_tracker.self_describing_json.SelfDescribingJson object at 0x10b7e2f10>]}
[0m00:20:30.170336 [debug] [MainThread]: On master: ROLLBACK
[0m00:20:30.170913 [debug] [MainThread]: Using postgres connection "master"
[0m00:20:30.171253 [debug] [MainThread]: On master: BEGIN
[0m00:20:30.171843 [debug] [MainThread]: SQL status: BEGIN in 0.000 seconds
[0m00:20:30.172187 [debug] [MainThread]: On master: COMMIT
[0m00:20:30.172506 [debug] [MainThread]: Using postgres connection "master"
[0m00:20:30.172802 [debug] [MainThread]: On master: COMMIT
[0m00:20:30.173210 [debug] [MainThread]: SQL status: COMMIT in 0.000 seconds
[0m00:20:30.173534 [debug] [MainThread]: On master: Close
[0m00:20:30.176370 [debug] [Thread-1  ]: Began running node model.servicenow_analytics.servicenow_tickets_cleaned
[0m00:20:30.177173 [info ] [Thread-1  ]: 1 of 1 START sql table model analytics.servicenow_tickets_cleaned .............. [RUN]
[0m00:20:30.177698 [debug] [Thread-1  ]: Re-using an available connection from the pool (formerly list_db_analytics, now model.servicenow_analytics.servicenow_tickets_cleaned)
[0m00:20:30.178094 [debug] [Thread-1  ]: Began compiling node model.servicenow_analytics.servicenow_tickets_cleaned
[0m00:20:30.187618 [debug] [Thread-1  ]: Writing injected SQL for node "model.servicenow_analytics.servicenow_tickets_cleaned"
[0m00:20:30.190382 [debug] [Thread-1  ]: Began executing node model.servicenow_analytics.servicenow_tickets_cleaned
[0m00:20:30.233840 [debug] [Thread-1  ]: Writing runtime sql for node "model.servicenow_analytics.servicenow_tickets_cleaned"
[0m00:20:30.235242 [debug] [Thread-1  ]: Using postgres connection "model.servicenow_analytics.servicenow_tickets_cleaned"
[0m00:20:30.235758 [debug] [Thread-1  ]: On model.servicenow_analytics.servicenow_tickets_cleaned: BEGIN
[0m00:20:30.236120 [debug] [Thread-1  ]: Opening a new connection, currently in state closed
[0m00:20:30.248851 [debug] [Thread-1  ]: SQL status: BEGIN in 0.013 seconds
[0m00:20:30.249419 [debug] [Thread-1  ]: Using postgres connection "model.servicenow_analytics.servicenow_tickets_cleaned"
[0m00:20:30.249869 [debug] [Thread-1  ]: On model.servicenow_analytics.servicenow_tickets_cleaned: /* {"app": "dbt", "dbt_version": "1.9.0b2", "profile_name": "servicenow_analytics", "target_name": "dev", "node_id": "model.servicenow_analytics.servicenow_tickets_cleaned"} */

  
    

  create  table "db"."analytics"."servicenow_tickets_cleaned__dbt_tmp"
  
  
    as
  
  (
    

WITH cleaned AS (
    SELECT DISTINCT
        inc_number AS ticket_id,
        inc_category AS category,
        inc_priority AS priority,
        inc_sys_created_on AS created_date,
        inc_resolved_at AS resolved_date,
        inc_assignment_group AS assigned_group,
        inc_state AS status,
        inc_assigned_to AS technician,
        inc_close_code AS close_code,
        inc_close_notes AS close_notes
    FROM "db"."public"."servicenow_tickets_raw"
    WHERE inc_sys_created_on IS NOT NULL
        AND inc_number IS NOT NULL
)

SELECT * FROM cleaned
  );
  
[0m00:20:30.322189 [debug] [Thread-1  ]: SQL status: SELECT 4918 in 0.072 seconds
[0m00:20:30.330215 [debug] [Thread-1  ]: Using postgres connection "model.servicenow_analytics.servicenow_tickets_cleaned"
[0m00:20:30.330714 [debug] [Thread-1  ]: On model.servicenow_analytics.servicenow_tickets_cleaned: /* {"app": "dbt", "dbt_version": "1.9.0b2", "profile_name": "servicenow_analytics", "target_name": "dev", "node_id": "model.servicenow_analytics.servicenow_tickets_cleaned"} */
alter table "db"."analytics"."servicenow_tickets_cleaned__dbt_tmp" rename to "servicenow_tickets_cleaned"
[0m00:20:30.333255 [debug] [Thread-1  ]: SQL status: ALTER TABLE in 0.002 seconds
[0m00:20:30.357509 [debug] [Thread-1  ]: On model.servicenow_analytics.servicenow_tickets_cleaned: COMMIT
[0m00:20:30.358229 [debug] [Thread-1  ]: Using postgres connection "model.servicenow_analytics.servicenow_tickets_cleaned"
[0m00:20:30.358677 [debug] [Thread-1  ]: On model.servicenow_analytics.servicenow_tickets_cleaned: COMMIT
[0m00:20:30.362546 [debug] [Thread-1  ]: SQL status: COMMIT in 0.003 seconds
[0m00:20:30.372609 [debug] [Thread-1  ]: Applying DROP to: "db"."analytics"."servicenow_tickets_cleaned__dbt_backup"
[0m00:20:30.378348 [debug] [Thread-1  ]: Using postgres connection "model.servicenow_analytics.servicenow_tickets_cleaned"
[0m00:20:30.378872 [debug] [Thread-1  ]: On model.servicenow_analytics.servicenow_tickets_cleaned: /* {"app": "dbt", "dbt_version": "1.9.0b2", "profile_name": "servicenow_analytics", "target_name": "dev", "node_id": "model.servicenow_analytics.servicenow_tickets_cleaned"} */
drop table if exists "db"."analytics"."servicenow_tickets_cleaned__dbt_backup" cascade
[0m00:20:30.380122 [debug] [Thread-1  ]: SQL status: DROP TABLE in 0.001 seconds
[0m00:20:30.384439 [debug] [Thread-1  ]: On model.servicenow_analytics.servicenow_tickets_cleaned: Close
[0m00:20:30.387795 [debug] [Thread-1  ]: Sending event: {'category': 'dbt', 'action': 'run_model', 'label': 'ec5365bc-db65-468b-9503-7e740dae9713', 'context': [<snowplow_tracker.self_describing_json.SelfDescribingJson object at 0x109dc6520>]}
[0m00:20:30.389146 [info ] [Thread-1  ]: 1 of 1 OK created sql table model analytics.servicenow_tickets_cleaned ......... [[32mSELECT 4918[0m in 0.21s]
[0m00:20:30.390319 [debug] [Thread-1  ]: Finished running node model.servicenow_analytics.servicenow_tickets_cleaned
[0m00:20:30.392477 [debug] [MainThread]: Using postgres connection "master"
[0m00:20:30.392920 [debug] [MainThread]: On master: BEGIN
[0m00:20:30.393247 [debug] [MainThread]: Opening a new connection, currently in state closed
[0m00:20:30.406787 [debug] [MainThread]: SQL status: BEGIN in 0.013 seconds
[0m00:20:30.407538 [debug] [MainThread]: On master: COMMIT
[0m00:20:30.407929 [debug] [MainThread]: Using postgres connection "master"
[0m00:20:30.408228 [debug] [MainThread]: On master: COMMIT
[0m00:20:30.408747 [debug] [MainThread]: SQL status: COMMIT in 0.000 seconds
[0m00:20:30.409127 [debug] [MainThread]: On master: Close
[0m00:20:30.409672 [debug] [MainThread]: Connection 'master' was properly closed.
[0m00:20:30.410010 [debug] [MainThread]: Connection 'model.servicenow_analytics.servicenow_tickets_cleaned' was properly closed.
[0m00:20:30.410349 [info ] [MainThread]: 
[0m00:20:30.410701 [info ] [MainThread]: Finished running 1 table model in 0 hours 0 minutes and 0.47 seconds (0.47s).
[0m00:20:30.411645 [debug] [MainThread]: Command end result
[0m00:20:30.446706 [info ] [MainThread]: 
[0m00:20:30.447255 [info ] [MainThread]: [32mCompleted successfully[0m
[0m00:20:30.447565 [info ] [MainThread]: 
[0m00:20:30.447887 [info ] [MainThread]: Done. PASS=1 WARN=0 ERROR=0 SKIP=0 TOTAL=1
[0m00:20:30.451488 [debug] [MainThread]: Resource report: {"command_name": "run", "command_success": true, "command_wall_clock_time": 1.7958862, "process_user_time": 2.816255, "process_kernel_time": 0.468612, "process_mem_max_rss": "113197056", "process_in_blocks": "0", "process_out_blocks": "0"}
[0m00:20:30.452164 [debug] [MainThread]: Command `dbt run` succeeded at 00:20:30.452028 after 1.80 seconds
[0m00:20:30.452674 [debug] [MainThread]: Sending event: {'category': 'dbt', 'action': 'invocation', 'label': 'end', 'context': [<snowplow_tracker.self_describing_json.SelfDescribingJson object at 0x109b886d0>, <snowplow_tracker.self_describing_json.SelfDescribingJson object at 0x10b0d8040>, <snowplow_tracker.self_describing_json.SelfDescribingJson object at 0x109d40a60>]}
[0m00:20:30.453080 [debug] [MainThread]: Flushing usage events
[0m00:20:31.727582 [debug] [MainThread]: An error was encountered while trying to flush usage events
[0m00:20:47.235391 [debug] [MainThread]: Sending event: {'category': 'dbt', 'action': 'invocation', 'label': 'start', 'context': [<snowplow_tracker.self_describing_json.SelfDescribingJson object at 0x1110746a0>, <snowplow_tracker.self_describing_json.SelfDescribingJson object at 0x111dac850>, <snowplow_tracker.self_describing_json.SelfDescribingJson object at 0x111e01b80>]}


============================== 00:20:47.243483 | 92743a46-639a-4adb-b851-b8e752be8972 ==============================
[0m00:20:47.243483 [info ] [MainThread]: Running with dbt=1.9.0-b2
[0m00:20:47.244385 [debug] [MainThread]: running dbt with arguments {'printer_width': '80', 'indirect_selection': 'eager', 'write_json': 'True', 'log_cache_events': 'False', 'partial_parse': 'True', 'cache_selected_only': 'False', 'warn_error': 'None', 'debug': 'False', 'fail_fast': 'False', 'log_path': '/Users/charanlobo/dbt_servicenow_project/logs', 'version_check': 'True', 'profiles_dir': '/Users/charanlobo/.dbt', 'use_colors': 'True', 'use_experimental_parser': 'False', 'empty': 'False', 'quiet': 'False', 'no_print': 'None', 'log_format': 'default', 'introspect': 'True', 'static_parser': 'True', 'invocation_command': 'dbt run --select category_wise_tickets', 'target_path': 'None', 'warn_error_options': 'WarnErrorOptions(include=[], exclude=[])', 'send_anonymous_usage_stats': 'True'}
[0m00:20:47.483112 [debug] [MainThread]: Sending event: {'category': 'dbt', 'action': 'project_id', 'label': '92743a46-639a-4adb-b851-b8e752be8972', 'context': [<snowplow_tracker.self_describing_json.SelfDescribingJson object at 0x111fff9d0>]}
[0m00:20:47.552514 [debug] [MainThread]: Sending event: {'category': 'dbt', 'action': 'adapter_info', 'label': '92743a46-639a-4adb-b851-b8e752be8972', 'context': [<snowplow_tracker.self_describing_json.SelfDescribingJson object at 0x10f9e3b80>]}
[0m00:20:47.553934 [info ] [MainThread]: Registered adapter: postgres=1.8.2
[0m00:20:47.575072 [debug] [MainThread]: checksum: 4cfbbe2a671212f062e88a43cba5322b30b7e3e8e91b953aa4de249eeaade60f, vars: {}, profile: , target: , version: 1.9.0b2
[0m00:20:47.764579 [debug] [MainThread]: Partial parsing enabled: 0 files deleted, 0 files added, 0 files changed.
[0m00:20:47.765073 [debug] [MainThread]: Partial parsing enabled, no changes found, skipping parsing
[0m00:20:47.821890 [debug] [MainThread]: Sending event: {'category': 'dbt', 'action': 'load_project', 'label': '92743a46-639a-4adb-b851-b8e752be8972', 'context': [<snowplow_tracker.self_describing_json.SelfDescribingJson object at 0x1124caac0>]}
[0m00:20:47.961605 [debug] [MainThread]: Sending event: {'category': 'dbt', 'action': 'resource_counts', 'label': '92743a46-639a-4adb-b851-b8e752be8972', 'context': [<snowplow_tracker.self_describing_json.SelfDescribingJson object at 0x11252ebe0>]}
[0m00:20:47.962223 [info ] [MainThread]: Found 6 models, 1 source, 423 macros
[0m00:20:47.962606 [debug] [MainThread]: Sending event: {'category': 'dbt', 'action': 'runnable_timing', 'label': '92743a46-639a-4adb-b851-b8e752be8972', 'context': [<snowplow_tracker.self_describing_json.SelfDescribingJson object at 0x112354e50>]}
[0m00:20:47.963960 [info ] [MainThread]: 
[0m00:20:47.964349 [info ] [MainThread]: Concurrency: 4 threads (target='dev')
[0m00:20:47.964664 [info ] [MainThread]: 
[0m00:20:47.965221 [debug] [MainThread]: Acquiring new postgres connection 'master'
[0m00:20:47.966182 [debug] [ThreadPool]: Acquiring new postgres connection 'list_db'
[0m00:20:48.026278 [debug] [ThreadPool]: Using postgres connection "list_db"
[0m00:20:48.026759 [debug] [ThreadPool]: On list_db: /* {"app": "dbt", "dbt_version": "1.9.0b2", "profile_name": "servicenow_analytics", "target_name": "dev", "connection_name": "list_db"} */

    select distinct nspname from pg_namespace
  
[0m00:20:48.027097 [debug] [ThreadPool]: Opening a new connection, currently in state init
[0m00:20:48.065072 [debug] [ThreadPool]: SQL status: SELECT 6 in 0.038 seconds
[0m00:20:48.066539 [debug] [ThreadPool]: On list_db: Close
[0m00:20:48.072219 [debug] [ThreadPool]: Re-using an available connection from the pool (formerly list_db, now list_db_analytics)
[0m00:20:48.079091 [debug] [ThreadPool]: Using postgres connection "list_db_analytics"
[0m00:20:48.079528 [debug] [ThreadPool]: On list_db_analytics: BEGIN
[0m00:20:48.079820 [debug] [ThreadPool]: Opening a new connection, currently in state closed
[0m00:20:48.092063 [debug] [ThreadPool]: SQL status: BEGIN in 0.012 seconds
[0m00:20:48.092507 [debug] [ThreadPool]: Using postgres connection "list_db_analytics"
[0m00:20:48.092844 [debug] [ThreadPool]: On list_db_analytics: /* {"app": "dbt", "dbt_version": "1.9.0b2", "profile_name": "servicenow_analytics", "target_name": "dev", "connection_name": "list_db_analytics"} */
select
      'db' as database,
      tablename as name,
      schemaname as schema,
      'table' as type
    from pg_tables
    where schemaname ilike 'analytics'
    union all
    select
      'db' as database,
      viewname as name,
      schemaname as schema,
      'view' as type
    from pg_views
    where schemaname ilike 'analytics'
    union all
    select
      'db' as database,
      matviewname as name,
      schemaname as schema,
      'materialized_view' as type
    from pg_matviews
    where schemaname ilike 'analytics'
  
[0m00:20:48.097924 [debug] [ThreadPool]: SQL status: SELECT 1 in 0.005 seconds
[0m00:20:48.099284 [debug] [ThreadPool]: On list_db_analytics: ROLLBACK
[0m00:20:48.099733 [debug] [ThreadPool]: On list_db_analytics: Close
[0m00:20:48.105479 [debug] [MainThread]: Using postgres connection "master"
[0m00:20:48.105917 [debug] [MainThread]: On master: BEGIN
[0m00:20:48.106206 [debug] [MainThread]: Opening a new connection, currently in state init
[0m00:20:48.118293 [debug] [MainThread]: SQL status: BEGIN in 0.012 seconds
[0m00:20:48.118759 [debug] [MainThread]: Using postgres connection "master"
[0m00:20:48.119302 [debug] [MainThread]: On master: /* {"app": "dbt", "dbt_version": "1.9.0b2", "profile_name": "servicenow_analytics", "target_name": "dev", "connection_name": "master"} */
with relation as (
        select
            pg_rewrite.ev_class as class,
            pg_rewrite.oid as id
        from pg_rewrite
    ),
    class as (
        select
            oid as id,
            relname as name,
            relnamespace as schema,
            relkind as kind
        from pg_class
    ),
    dependency as (
        select distinct
            pg_depend.objid as id,
            pg_depend.refobjid as ref
        from pg_depend
    ),
    schema as (
        select
            pg_namespace.oid as id,
            pg_namespace.nspname as name
        from pg_namespace
        where nspname != 'information_schema' and nspname not like 'pg\_%'
    ),
    referenced as (
        select
            relation.id AS id,
            referenced_class.name ,
            referenced_class.schema ,
            referenced_class.kind
        from relation
        join class as referenced_class on relation.class=referenced_class.id
        where referenced_class.kind in ('r', 'v', 'm')
    ),
    relationships as (
        select
            referenced.name as referenced_name,
            referenced.schema as referenced_schema_id,
            dependent_class.name as dependent_name,
            dependent_class.schema as dependent_schema_id,
            referenced.kind as kind
        from referenced
        join dependency on referenced.id=dependency.id
        join class as dependent_class on dependency.ref=dependent_class.id
        where
            (referenced.name != dependent_class.name or
             referenced.schema != dependent_class.schema)
    )

    select
        referenced_schema.name as referenced_schema,
        relationships.referenced_name as referenced_name,
        dependent_schema.name as dependent_schema,
        relationships.dependent_name as dependent_name
    from relationships
    join schema as dependent_schema on relationships.dependent_schema_id=dependent_schema.id
    join schema as referenced_schema on relationships.referenced_schema_id=referenced_schema.id
    group by referenced_schema, referenced_name, dependent_schema, dependent_name
    order by referenced_schema, referenced_name, dependent_schema, dependent_name;
[0m00:20:48.126015 [debug] [MainThread]: SQL status: SELECT 0 in 0.006 seconds
[0m00:20:48.127357 [debug] [MainThread]: Sending event: {'category': 'dbt', 'action': 'runnable_timing', 'label': '92743a46-639a-4adb-b851-b8e752be8972', 'context': [<snowplow_tracker.self_describing_json.SelfDescribingJson object at 0x10fa5e700>]}
[0m00:20:48.127883 [debug] [MainThread]: On master: ROLLBACK
[0m00:20:48.128335 [debug] [MainThread]: Using postgres connection "master"
[0m00:20:48.128641 [debug] [MainThread]: On master: BEGIN
[0m00:20:48.129156 [debug] [MainThread]: SQL status: BEGIN in 0.000 seconds
[0m00:20:48.129476 [debug] [MainThread]: On master: COMMIT
[0m00:20:48.129773 [debug] [MainThread]: Using postgres connection "master"
[0m00:20:48.130058 [debug] [MainThread]: On master: COMMIT
[0m00:20:48.130495 [debug] [MainThread]: SQL status: COMMIT in 0.000 seconds
[0m00:20:48.130854 [debug] [MainThread]: On master: Close
[0m00:20:48.133783 [debug] [Thread-1  ]: Began running node model.servicenow_analytics.category_wise_tickets
[0m00:20:48.134544 [info ] [Thread-1  ]: 1 of 1 START sql table model analytics.category_wise_tickets ................... [RUN]
[0m00:20:48.135125 [debug] [Thread-1  ]: Re-using an available connection from the pool (formerly list_db_analytics, now model.servicenow_analytics.category_wise_tickets)
[0m00:20:48.135712 [debug] [Thread-1  ]: Began compiling node model.servicenow_analytics.category_wise_tickets
[0m00:20:48.145508 [debug] [Thread-1  ]: Writing injected SQL for node "model.servicenow_analytics.category_wise_tickets"
[0m00:20:48.147122 [debug] [Thread-1  ]: Began executing node model.servicenow_analytics.category_wise_tickets
[0m00:20:48.190248 [debug] [Thread-1  ]: Writing runtime sql for node "model.servicenow_analytics.category_wise_tickets"
[0m00:20:48.191546 [debug] [Thread-1  ]: Using postgres connection "model.servicenow_analytics.category_wise_tickets"
[0m00:20:48.192007 [debug] [Thread-1  ]: On model.servicenow_analytics.category_wise_tickets: BEGIN
[0m00:20:48.192368 [debug] [Thread-1  ]: Opening a new connection, currently in state closed
[0m00:20:48.204537 [debug] [Thread-1  ]: SQL status: BEGIN in 0.012 seconds
[0m00:20:48.205013 [debug] [Thread-1  ]: Using postgres connection "model.servicenow_analytics.category_wise_tickets"
[0m00:20:48.205396 [debug] [Thread-1  ]: On model.servicenow_analytics.category_wise_tickets: /* {"app": "dbt", "dbt_version": "1.9.0b2", "profile_name": "servicenow_analytics", "target_name": "dev", "node_id": "model.servicenow_analytics.category_wise_tickets"} */

  
    

  create  table "db"."analytics"."category_wise_tickets__dbt_tmp"
  
  
    as
  
  (
    

-- Simple ticket count by category
SELECT
   inc_category, COUNT(*) AS ticket_count
FROM 
    "db"."public"."servicenow_tickets_raw"
GROUP BY 
    inc_category
ORDER BY 
    ticket_count DESC
  );
  
[0m00:20:48.216559 [debug] [Thread-1  ]: SQL status: SELECT 9 in 0.011 seconds
[0m00:20:48.223800 [debug] [Thread-1  ]: Using postgres connection "model.servicenow_analytics.category_wise_tickets"
[0m00:20:48.224313 [debug] [Thread-1  ]: On model.servicenow_analytics.category_wise_tickets: /* {"app": "dbt", "dbt_version": "1.9.0b2", "profile_name": "servicenow_analytics", "target_name": "dev", "node_id": "model.servicenow_analytics.category_wise_tickets"} */
alter table "db"."analytics"."category_wise_tickets__dbt_tmp" rename to "category_wise_tickets"
[0m00:20:48.225282 [debug] [Thread-1  ]: SQL status: ALTER TABLE in 0.001 seconds
[0m00:20:48.244869 [debug] [Thread-1  ]: On model.servicenow_analytics.category_wise_tickets: COMMIT
[0m00:20:48.245355 [debug] [Thread-1  ]: Using postgres connection "model.servicenow_analytics.category_wise_tickets"
[0m00:20:48.245713 [debug] [Thread-1  ]: On model.servicenow_analytics.category_wise_tickets: COMMIT
[0m00:20:48.246710 [debug] [Thread-1  ]: SQL status: COMMIT in 0.001 seconds
[0m00:20:48.254470 [debug] [Thread-1  ]: Applying DROP to: "db"."analytics"."category_wise_tickets__dbt_backup"
[0m00:20:48.259773 [debug] [Thread-1  ]: Using postgres connection "model.servicenow_analytics.category_wise_tickets"
[0m00:20:48.260270 [debug] [Thread-1  ]: On model.servicenow_analytics.category_wise_tickets: /* {"app": "dbt", "dbt_version": "1.9.0b2", "profile_name": "servicenow_analytics", "target_name": "dev", "node_id": "model.servicenow_analytics.category_wise_tickets"} */
drop table if exists "db"."analytics"."category_wise_tickets__dbt_backup" cascade
[0m00:20:48.260951 [debug] [Thread-1  ]: SQL status: DROP TABLE in 0.000 seconds
[0m00:20:48.263517 [debug] [Thread-1  ]: On model.servicenow_analytics.category_wise_tickets: Close
[0m00:20:48.265154 [debug] [Thread-1  ]: Sending event: {'category': 'dbt', 'action': 'run_model', 'label': '92743a46-639a-4adb-b851-b8e752be8972', 'context': [<snowplow_tracker.self_describing_json.SelfDescribingJson object at 0x112dedfd0>]}
[0m00:20:48.265940 [info ] [Thread-1  ]: 1 of 1 OK created sql table model analytics.category_wise_tickets .............. [[32mSELECT 9[0m in 0.13s]
[0m00:20:48.266652 [debug] [Thread-1  ]: Finished running node model.servicenow_analytics.category_wise_tickets
[0m00:20:48.268165 [debug] [MainThread]: Using postgres connection "master"
[0m00:20:48.268627 [debug] [MainThread]: On master: BEGIN
[0m00:20:48.269115 [debug] [MainThread]: Opening a new connection, currently in state closed
[0m00:20:48.281170 [debug] [MainThread]: SQL status: BEGIN in 0.012 seconds
[0m00:20:48.281873 [debug] [MainThread]: On master: COMMIT
[0m00:20:48.282318 [debug] [MainThread]: Using postgres connection "master"
[0m00:20:48.282667 [debug] [MainThread]: On master: COMMIT
[0m00:20:48.283359 [debug] [MainThread]: SQL status: COMMIT in 0.000 seconds
[0m00:20:48.283885 [debug] [MainThread]: On master: Close
[0m00:20:48.284805 [debug] [MainThread]: Connection 'master' was properly closed.
[0m00:20:48.285475 [debug] [MainThread]: Connection 'model.servicenow_analytics.category_wise_tickets' was properly closed.
[0m00:20:48.286117 [info ] [MainThread]: 
[0m00:20:48.286979 [info ] [MainThread]: Finished running 1 table model in 0 hours 0 minutes and 0.32 seconds (0.32s).
[0m00:20:48.288222 [debug] [MainThread]: Command end result
[0m00:20:48.328201 [info ] [MainThread]: 
[0m00:20:48.329090 [info ] [MainThread]: [32mCompleted successfully[0m
[0m00:20:48.329685 [info ] [MainThread]: 
[0m00:20:48.330290 [info ] [MainThread]: Done. PASS=1 WARN=0 ERROR=0 SKIP=0 TOTAL=1
[0m00:20:48.333445 [debug] [MainThread]: Resource report: {"command_name": "run", "command_success": true, "command_wall_clock_time": 1.1952808, "process_user_time": 2.485041, "process_kernel_time": 0.435658, "process_mem_max_rss": "108982272", "process_in_blocks": "0", "process_out_blocks": "0"}
[0m00:20:48.334637 [debug] [MainThread]: Command `dbt run` succeeded at 00:20:48.334374 after 1.20 seconds
[0m00:20:48.335557 [debug] [MainThread]: Sending event: {'category': 'dbt', 'action': 'invocation', 'label': 'end', 'context': [<snowplow_tracker.self_describing_json.SelfDescribingJson object at 0x1110746a0>, <snowplow_tracker.self_describing_json.SelfDescribingJson object at 0x112157550>, <snowplow_tracker.self_describing_json.SelfDescribingJson object at 0x112157220>]}
[0m00:20:48.336300 [debug] [MainThread]: Flushing usage events
[0m00:20:49.220562 [debug] [MainThread]: An error was encountered while trying to flush usage events
[0m00:21:02.078110 [debug] [MainThread]: Sending event: {'category': 'dbt', 'action': 'invocation', 'label': 'start', 'context': [<snowplow_tracker.self_describing_json.SelfDescribingJson object at 0x106fef6a0>, <snowplow_tracker.self_describing_json.SelfDescribingJson object at 0x107d3c430>, <snowplow_tracker.self_describing_json.SelfDescribingJson object at 0x107d7bc40>]}


============================== 00:21:02.082816 | bf275460-bc3d-4be7-9bfe-e66967144627 ==============================
[0m00:21:02.082816 [info ] [MainThread]: Running with dbt=1.9.0-b2
[0m00:21:02.083426 [debug] [MainThread]: running dbt with arguments {'printer_width': '80', 'indirect_selection': 'eager', 'write_json': 'True', 'log_cache_events': 'False', 'partial_parse': 'True', 'cache_selected_only': 'False', 'profiles_dir': '/Users/charanlobo/.dbt', 'fail_fast': 'False', 'debug': 'False', 'log_path': '/Users/charanlobo/dbt_servicenow_project/logs', 'version_check': 'True', 'warn_error': 'None', 'use_colors': 'True', 'use_experimental_parser': 'False', 'empty': 'False', 'quiet': 'False', 'no_print': 'None', 'warn_error_options': 'WarnErrorOptions(include=[], exclude=[])', 'invocation_command': 'dbt run --select servicenow_tickets_date_extracted', 'introspect': 'True', 'log_format': 'default', 'target_path': 'None', 'static_parser': 'True', 'send_anonymous_usage_stats': 'True'}
[0m00:21:02.285703 [debug] [MainThread]: Sending event: {'category': 'dbt', 'action': 'project_id', 'label': 'bf275460-bc3d-4be7-9bfe-e66967144627', 'context': [<snowplow_tracker.self_describing_json.SelfDescribingJson object at 0x107f70910>]}
[0m00:21:02.355347 [debug] [MainThread]: Sending event: {'category': 'dbt', 'action': 'adapter_info', 'label': 'bf275460-bc3d-4be7-9bfe-e66967144627', 'context': [<snowplow_tracker.self_describing_json.SelfDescribingJson object at 0x10595db80>]}
[0m00:21:02.356332 [info ] [MainThread]: Registered adapter: postgres=1.8.2
[0m00:21:02.376538 [debug] [MainThread]: checksum: 4cfbbe2a671212f062e88a43cba5322b30b7e3e8e91b953aa4de249eeaade60f, vars: {}, profile: , target: , version: 1.9.0b2
[0m00:21:02.524014 [debug] [MainThread]: Partial parsing enabled: 0 files deleted, 0 files added, 0 files changed.
[0m00:21:02.524705 [debug] [MainThread]: Partial parsing enabled, no changes found, skipping parsing
[0m00:21:02.570567 [debug] [MainThread]: Sending event: {'category': 'dbt', 'action': 'load_project', 'label': 'bf275460-bc3d-4be7-9bfe-e66967144627', 'context': [<snowplow_tracker.self_describing_json.SelfDescribingJson object at 0x108444af0>]}
[0m00:21:02.686637 [debug] [MainThread]: Sending event: {'category': 'dbt', 'action': 'resource_counts', 'label': 'bf275460-bc3d-4be7-9bfe-e66967144627', 'context': [<snowplow_tracker.self_describing_json.SelfDescribingJson object at 0x1084adc10>]}
[0m00:21:02.687247 [info ] [MainThread]: Found 6 models, 1 source, 423 macros
[0m00:21:02.687609 [debug] [MainThread]: Sending event: {'category': 'dbt', 'action': 'runnable_timing', 'label': 'bf275460-bc3d-4be7-9bfe-e66967144627', 'context': [<snowplow_tracker.self_describing_json.SelfDescribingJson object at 0x10845ba30>]}
[0m00:21:02.688919 [info ] [MainThread]: 
[0m00:21:02.689295 [info ] [MainThread]: Concurrency: 4 threads (target='dev')
[0m00:21:02.689587 [info ] [MainThread]: 
[0m00:21:02.690113 [debug] [MainThread]: Acquiring new postgres connection 'master'
[0m00:21:02.691259 [debug] [ThreadPool]: Acquiring new postgres connection 'list_db'
[0m00:21:02.741017 [debug] [ThreadPool]: Using postgres connection "list_db"
[0m00:21:02.741631 [debug] [ThreadPool]: On list_db: /* {"app": "dbt", "dbt_version": "1.9.0b2", "profile_name": "servicenow_analytics", "target_name": "dev", "connection_name": "list_db"} */

    select distinct nspname from pg_namespace
  
[0m00:21:02.741968 [debug] [ThreadPool]: Opening a new connection, currently in state init
[0m00:21:02.768448 [debug] [ThreadPool]: SQL status: SELECT 6 in 0.026 seconds
[0m00:21:02.770048 [debug] [ThreadPool]: On list_db: Close
[0m00:21:02.775718 [debug] [ThreadPool]: Re-using an available connection from the pool (formerly list_db, now list_db_analytics)
[0m00:21:02.782364 [debug] [ThreadPool]: Using postgres connection "list_db_analytics"
[0m00:21:02.782762 [debug] [ThreadPool]: On list_db_analytics: BEGIN
[0m00:21:02.783054 [debug] [ThreadPool]: Opening a new connection, currently in state closed
[0m00:21:02.795551 [debug] [ThreadPool]: SQL status: BEGIN in 0.012 seconds
[0m00:21:02.795973 [debug] [ThreadPool]: Using postgres connection "list_db_analytics"
[0m00:21:02.796294 [debug] [ThreadPool]: On list_db_analytics: /* {"app": "dbt", "dbt_version": "1.9.0b2", "profile_name": "servicenow_analytics", "target_name": "dev", "connection_name": "list_db_analytics"} */
select
      'db' as database,
      tablename as name,
      schemaname as schema,
      'table' as type
    from pg_tables
    where schemaname ilike 'analytics'
    union all
    select
      'db' as database,
      viewname as name,
      schemaname as schema,
      'view' as type
    from pg_views
    where schemaname ilike 'analytics'
    union all
    select
      'db' as database,
      matviewname as name,
      schemaname as schema,
      'materialized_view' as type
    from pg_matviews
    where schemaname ilike 'analytics'
  
[0m00:21:02.800556 [debug] [ThreadPool]: SQL status: SELECT 2 in 0.004 seconds
[0m00:21:02.802137 [debug] [ThreadPool]: On list_db_analytics: ROLLBACK
[0m00:21:02.802898 [debug] [ThreadPool]: On list_db_analytics: Close
[0m00:21:02.808827 [debug] [MainThread]: Using postgres connection "master"
[0m00:21:02.809257 [debug] [MainThread]: On master: BEGIN
[0m00:21:02.809543 [debug] [MainThread]: Opening a new connection, currently in state init
[0m00:21:02.821682 [debug] [MainThread]: SQL status: BEGIN in 0.012 seconds
[0m00:21:02.822098 [debug] [MainThread]: Using postgres connection "master"
[0m00:21:02.822489 [debug] [MainThread]: On master: /* {"app": "dbt", "dbt_version": "1.9.0b2", "profile_name": "servicenow_analytics", "target_name": "dev", "connection_name": "master"} */
with relation as (
        select
            pg_rewrite.ev_class as class,
            pg_rewrite.oid as id
        from pg_rewrite
    ),
    class as (
        select
            oid as id,
            relname as name,
            relnamespace as schema,
            relkind as kind
        from pg_class
    ),
    dependency as (
        select distinct
            pg_depend.objid as id,
            pg_depend.refobjid as ref
        from pg_depend
    ),
    schema as (
        select
            pg_namespace.oid as id,
            pg_namespace.nspname as name
        from pg_namespace
        where nspname != 'information_schema' and nspname not like 'pg\_%'
    ),
    referenced as (
        select
            relation.id AS id,
            referenced_class.name ,
            referenced_class.schema ,
            referenced_class.kind
        from relation
        join class as referenced_class on relation.class=referenced_class.id
        where referenced_class.kind in ('r', 'v', 'm')
    ),
    relationships as (
        select
            referenced.name as referenced_name,
            referenced.schema as referenced_schema_id,
            dependent_class.name as dependent_name,
            dependent_class.schema as dependent_schema_id,
            referenced.kind as kind
        from referenced
        join dependency on referenced.id=dependency.id
        join class as dependent_class on dependency.ref=dependent_class.id
        where
            (referenced.name != dependent_class.name or
             referenced.schema != dependent_class.schema)
    )

    select
        referenced_schema.name as referenced_schema,
        relationships.referenced_name as referenced_name,
        dependent_schema.name as dependent_schema,
        relationships.dependent_name as dependent_name
    from relationships
    join schema as dependent_schema on relationships.dependent_schema_id=dependent_schema.id
    join schema as referenced_schema on relationships.referenced_schema_id=referenced_schema.id
    group by referenced_schema, referenced_name, dependent_schema, dependent_name
    order by referenced_schema, referenced_name, dependent_schema, dependent_name;
[0m00:21:02.827635 [debug] [MainThread]: SQL status: SELECT 0 in 0.005 seconds
[0m00:21:02.828973 [debug] [MainThread]: Sending event: {'category': 'dbt', 'action': 'runnable_timing', 'label': 'bf275460-bc3d-4be7-9bfe-e66967144627', 'context': [<snowplow_tracker.self_describing_json.SelfDescribingJson object at 0x1080efeb0>]}
[0m00:21:02.829472 [debug] [MainThread]: On master: ROLLBACK
[0m00:21:02.829946 [debug] [MainThread]: Using postgres connection "master"
[0m00:21:02.830267 [debug] [MainThread]: On master: BEGIN
[0m00:21:02.830825 [debug] [MainThread]: SQL status: BEGIN in 0.000 seconds
[0m00:21:02.831163 [debug] [MainThread]: On master: COMMIT
[0m00:21:02.831474 [debug] [MainThread]: Using postgres connection "master"
[0m00:21:02.831772 [debug] [MainThread]: On master: COMMIT
[0m00:21:02.832173 [debug] [MainThread]: SQL status: COMMIT in 0.000 seconds
[0m00:21:02.832508 [debug] [MainThread]: On master: Close
[0m00:21:02.835182 [debug] [Thread-1  ]: Began running node model.servicenow_analytics.servicenow_tickets_date_extracted
[0m00:21:02.836009 [info ] [Thread-1  ]: 1 of 1 START sql table model analytics.servicenow_tickets_date_extracted ....... [RUN]
[0m00:21:02.836598 [debug] [Thread-1  ]: Re-using an available connection from the pool (formerly list_db_analytics, now model.servicenow_analytics.servicenow_tickets_date_extracted)
[0m00:21:02.837031 [debug] [Thread-1  ]: Began compiling node model.servicenow_analytics.servicenow_tickets_date_extracted
[0m00:21:02.846392 [debug] [Thread-1  ]: Writing injected SQL for node "model.servicenow_analytics.servicenow_tickets_date_extracted"
[0m00:21:02.848427 [debug] [Thread-1  ]: Began executing node model.servicenow_analytics.servicenow_tickets_date_extracted
[0m00:21:02.893202 [debug] [Thread-1  ]: Writing runtime sql for node "model.servicenow_analytics.servicenow_tickets_date_extracted"
[0m00:21:02.894933 [debug] [Thread-1  ]: Using postgres connection "model.servicenow_analytics.servicenow_tickets_date_extracted"
[0m00:21:02.895477 [debug] [Thread-1  ]: On model.servicenow_analytics.servicenow_tickets_date_extracted: BEGIN
[0m00:21:02.895843 [debug] [Thread-1  ]: Opening a new connection, currently in state closed
[0m00:21:02.908278 [debug] [Thread-1  ]: SQL status: BEGIN in 0.012 seconds
[0m00:21:02.908760 [debug] [Thread-1  ]: Using postgres connection "model.servicenow_analytics.servicenow_tickets_date_extracted"
[0m00:21:02.909146 [debug] [Thread-1  ]: On model.servicenow_analytics.servicenow_tickets_date_extracted: /* {"app": "dbt", "dbt_version": "1.9.0b2", "profile_name": "servicenow_analytics", "target_name": "dev", "node_id": "model.servicenow_analytics.servicenow_tickets_date_extracted"} */

  
    

  create  table "db"."analytics"."servicenow_tickets_date_extracted__dbt_tmp"
  
  
    as
  
  (
    -- models/staging/servicenow_tickets_date_extracted.sql

SELECT
    *,
    EXTRACT(YEAR FROM created_date) AS created_year,
    EXTRACT(MONTH FROM created_date) AS created_month,
    EXTRACT(DAY FROM created_date) AS created_day
FROM "db"."analytics"."servicenow_tickets_cleaned"
  );
  
[0m00:21:02.974748 [debug] [Thread-1  ]: SQL status: SELECT 4918 in 0.065 seconds
[0m00:21:02.981611 [debug] [Thread-1  ]: Using postgres connection "model.servicenow_analytics.servicenow_tickets_date_extracted"
[0m00:21:02.982045 [debug] [Thread-1  ]: On model.servicenow_analytics.servicenow_tickets_date_extracted: /* {"app": "dbt", "dbt_version": "1.9.0b2", "profile_name": "servicenow_analytics", "target_name": "dev", "node_id": "model.servicenow_analytics.servicenow_tickets_date_extracted"} */
alter table "db"."analytics"."servicenow_tickets_date_extracted__dbt_tmp" rename to "servicenow_tickets_date_extracted"
[0m00:21:02.983087 [debug] [Thread-1  ]: SQL status: ALTER TABLE in 0.001 seconds
[0m00:21:03.002724 [debug] [Thread-1  ]: On model.servicenow_analytics.servicenow_tickets_date_extracted: COMMIT
[0m00:21:03.003243 [debug] [Thread-1  ]: Using postgres connection "model.servicenow_analytics.servicenow_tickets_date_extracted"
[0m00:21:03.003609 [debug] [Thread-1  ]: On model.servicenow_analytics.servicenow_tickets_date_extracted: COMMIT
[0m00:21:03.005981 [debug] [Thread-1  ]: SQL status: COMMIT in 0.002 seconds
[0m00:21:03.013055 [debug] [Thread-1  ]: Applying DROP to: "db"."analytics"."servicenow_tickets_date_extracted__dbt_backup"
[0m00:21:03.017523 [debug] [Thread-1  ]: Using postgres connection "model.servicenow_analytics.servicenow_tickets_date_extracted"
[0m00:21:03.017983 [debug] [Thread-1  ]: On model.servicenow_analytics.servicenow_tickets_date_extracted: /* {"app": "dbt", "dbt_version": "1.9.0b2", "profile_name": "servicenow_analytics", "target_name": "dev", "node_id": "model.servicenow_analytics.servicenow_tickets_date_extracted"} */
drop table if exists "db"."analytics"."servicenow_tickets_date_extracted__dbt_backup" cascade
[0m00:21:03.018818 [debug] [Thread-1  ]: SQL status: DROP TABLE in 0.000 seconds
[0m00:21:03.021487 [debug] [Thread-1  ]: On model.servicenow_analytics.servicenow_tickets_date_extracted: Close
[0m00:21:03.023093 [debug] [Thread-1  ]: Sending event: {'category': 'dbt', 'action': 'run_model', 'label': 'bf275460-bc3d-4be7-9bfe-e66967144627', 'context': [<snowplow_tracker.self_describing_json.SelfDescribingJson object at 0x108d60550>]}
[0m00:21:03.023852 [info ] [Thread-1  ]: 1 of 1 OK created sql table model analytics.servicenow_tickets_date_extracted .. [[32mSELECT 4918[0m in 0.19s]
[0m00:21:03.024856 [debug] [Thread-1  ]: Finished running node model.servicenow_analytics.servicenow_tickets_date_extracted
[0m00:21:03.026219 [debug] [MainThread]: Using postgres connection "master"
[0m00:21:03.026551 [debug] [MainThread]: On master: BEGIN
[0m00:21:03.026838 [debug] [MainThread]: Opening a new connection, currently in state closed
[0m00:21:03.038702 [debug] [MainThread]: SQL status: BEGIN in 0.012 seconds
[0m00:21:03.039132 [debug] [MainThread]: On master: COMMIT
[0m00:21:03.039428 [debug] [MainThread]: Using postgres connection "master"
[0m00:21:03.039715 [debug] [MainThread]: On master: COMMIT
[0m00:21:03.040111 [debug] [MainThread]: SQL status: COMMIT in 0.000 seconds
[0m00:21:03.040606 [debug] [MainThread]: On master: Close
[0m00:21:03.041097 [debug] [MainThread]: Connection 'master' was properly closed.
[0m00:21:03.041386 [debug] [MainThread]: Connection 'model.servicenow_analytics.servicenow_tickets_date_extracted' was properly closed.
[0m00:21:03.041707 [info ] [MainThread]: 
[0m00:21:03.042047 [info ] [MainThread]: Finished running 1 table model in 0 hours 0 minutes and 0.35 seconds (0.35s).
[0m00:21:03.042770 [debug] [MainThread]: Command end result
[0m00:21:03.073897 [info ] [MainThread]: 
[0m00:21:03.074689 [info ] [MainThread]: [32mCompleted successfully[0m
[0m00:21:03.075059 [info ] [MainThread]: 
[0m00:21:03.075412 [info ] [MainThread]: Done. PASS=1 WARN=0 ERROR=0 SKIP=0 TOTAL=1
[0m00:21:03.077828 [debug] [MainThread]: Resource report: {"command_name": "run", "command_success": true, "command_wall_clock_time": 1.0786653, "process_user_time": 2.159779, "process_kernel_time": 0.275222, "process_mem_max_rss": "108998656", "process_in_blocks": "0", "process_out_blocks": "0"}
[0m00:21:03.078558 [debug] [MainThread]: Command `dbt run` succeeded at 00:21:03.078431 after 1.08 seconds
[0m00:21:03.078977 [debug] [MainThread]: Sending event: {'category': 'dbt', 'action': 'invocation', 'label': 'end', 'context': [<snowplow_tracker.self_describing_json.SelfDescribingJson object at 0x106fef6a0>, <snowplow_tracker.self_describing_json.SelfDescribingJson object at 0x10845b190>, <snowplow_tracker.self_describing_json.SelfDescribingJson object at 0x107f70910>]}
[0m00:21:03.079387 [debug] [MainThread]: Flushing usage events
[0m00:21:04.249554 [debug] [MainThread]: An error was encountered while trying to flush usage events
[0m00:21:18.383328 [debug] [MainThread]: Sending event: {'category': 'dbt', 'action': 'invocation', 'label': 'start', 'context': [<snowplow_tracker.self_describing_json.SelfDescribingJson object at 0x1097da730>, <snowplow_tracker.self_describing_json.SelfDescribingJson object at 0x10a4ffb20>, <snowplow_tracker.self_describing_json.SelfDescribingJson object at 0x10a56f0d0>]}


============================== 00:21:18.391463 | 3fc8e6f9-d213-4079-8738-98d290a06402 ==============================
[0m00:21:18.391463 [info ] [MainThread]: Running with dbt=1.9.0-b2
[0m00:21:18.392320 [debug] [MainThread]: running dbt with arguments {'printer_width': '80', 'indirect_selection': 'eager', 'log_cache_events': 'False', 'write_json': 'True', 'partial_parse': 'True', 'cache_selected_only': 'False', 'profiles_dir': '/Users/charanlobo/.dbt', 'debug': 'False', 'version_check': 'True', 'log_path': '/Users/charanlobo/dbt_servicenow_project/logs', 'warn_error': 'None', 'fail_fast': 'False', 'use_colors': 'True', 'use_experimental_parser': 'False', 'no_print': 'None', 'quiet': 'False', 'empty': 'False', 'log_format': 'default', 'introspect': 'True', 'warn_error_options': 'WarnErrorOptions(include=[], exclude=[])', 'static_parser': 'True', 'target_path': 'None', 'invocation_command': 'dbt run --select servicenow_tickets_avg_resolution_time', 'send_anonymous_usage_stats': 'True'}
[0m00:21:18.614114 [debug] [MainThread]: Sending event: {'category': 'dbt', 'action': 'project_id', 'label': '3fc8e6f9-d213-4079-8738-98d290a06402', 'context': [<snowplow_tracker.self_describing_json.SelfDescribingJson object at 0x10a767f40>]}
[0m00:21:18.684461 [debug] [MainThread]: Sending event: {'category': 'dbt', 'action': 'adapter_info', 'label': '3fc8e6f9-d213-4079-8738-98d290a06402', 'context': [<snowplow_tracker.self_describing_json.SelfDescribingJson object at 0x109f1a820>]}
[0m00:21:18.686063 [info ] [MainThread]: Registered adapter: postgres=1.8.2
[0m00:21:18.706911 [debug] [MainThread]: checksum: 4cfbbe2a671212f062e88a43cba5322b30b7e3e8e91b953aa4de249eeaade60f, vars: {}, profile: , target: , version: 1.9.0b2
[0m00:21:18.896592 [debug] [MainThread]: Partial parsing enabled: 0 files deleted, 0 files added, 0 files changed.
[0m00:21:18.897038 [debug] [MainThread]: Partial parsing enabled, no changes found, skipping parsing
[0m00:21:18.943050 [debug] [MainThread]: Sending event: {'category': 'dbt', 'action': 'load_project', 'label': '3fc8e6f9-d213-4079-8738-98d290a06402', 'context': [<snowplow_tracker.self_describing_json.SelfDescribingJson object at 0x10ac71b80>]}
[0m00:21:19.075085 [debug] [MainThread]: Sending event: {'category': 'dbt', 'action': 'resource_counts', 'label': '3fc8e6f9-d213-4079-8738-98d290a06402', 'context': [<snowplow_tracker.self_describing_json.SelfDescribingJson object at 0x10ac9aca0>]}
[0m00:21:19.075887 [info ] [MainThread]: Found 6 models, 1 source, 423 macros
[0m00:21:19.076401 [debug] [MainThread]: Sending event: {'category': 'dbt', 'action': 'runnable_timing', 'label': '3fc8e6f9-d213-4079-8738-98d290a06402', 'context': [<snowplow_tracker.self_describing_json.SelfDescribingJson object at 0x10ac8aac0>]}
[0m00:21:19.078164 [info ] [MainThread]: 
[0m00:21:19.078676 [info ] [MainThread]: Concurrency: 4 threads (target='dev')
[0m00:21:19.079084 [info ] [MainThread]: 
[0m00:21:19.079791 [debug] [MainThread]: Acquiring new postgres connection 'master'
[0m00:21:19.081046 [debug] [ThreadPool]: Acquiring new postgres connection 'list_db'
[0m00:21:19.156014 [debug] [ThreadPool]: Using postgres connection "list_db"
[0m00:21:19.156958 [debug] [ThreadPool]: On list_db: /* {"app": "dbt", "dbt_version": "1.9.0b2", "profile_name": "servicenow_analytics", "target_name": "dev", "connection_name": "list_db"} */

    select distinct nspname from pg_namespace
  
[0m00:21:19.157421 [debug] [ThreadPool]: Opening a new connection, currently in state init
[0m00:21:19.188575 [debug] [ThreadPool]: SQL status: SELECT 6 in 0.031 seconds
[0m00:21:19.190046 [debug] [ThreadPool]: On list_db: Close
[0m00:21:19.195625 [debug] [ThreadPool]: Re-using an available connection from the pool (formerly list_db, now list_db_analytics)
[0m00:21:19.202543 [debug] [ThreadPool]: Using postgres connection "list_db_analytics"
[0m00:21:19.202997 [debug] [ThreadPool]: On list_db_analytics: BEGIN
[0m00:21:19.203291 [debug] [ThreadPool]: Opening a new connection, currently in state closed
[0m00:21:19.215280 [debug] [ThreadPool]: SQL status: BEGIN in 0.012 seconds
[0m00:21:19.215702 [debug] [ThreadPool]: Using postgres connection "list_db_analytics"
[0m00:21:19.216023 [debug] [ThreadPool]: On list_db_analytics: /* {"app": "dbt", "dbt_version": "1.9.0b2", "profile_name": "servicenow_analytics", "target_name": "dev", "connection_name": "list_db_analytics"} */
select
      'db' as database,
      tablename as name,
      schemaname as schema,
      'table' as type
    from pg_tables
    where schemaname ilike 'analytics'
    union all
    select
      'db' as database,
      viewname as name,
      schemaname as schema,
      'view' as type
    from pg_views
    where schemaname ilike 'analytics'
    union all
    select
      'db' as database,
      matviewname as name,
      schemaname as schema,
      'materialized_view' as type
    from pg_matviews
    where schemaname ilike 'analytics'
  
[0m00:21:19.220662 [debug] [ThreadPool]: SQL status: SELECT 3 in 0.004 seconds
[0m00:21:19.222146 [debug] [ThreadPool]: On list_db_analytics: ROLLBACK
[0m00:21:19.222617 [debug] [ThreadPool]: On list_db_analytics: Close
[0m00:21:19.228596 [debug] [MainThread]: Using postgres connection "master"
[0m00:21:19.229007 [debug] [MainThread]: On master: BEGIN
[0m00:21:19.229293 [debug] [MainThread]: Opening a new connection, currently in state init
[0m00:21:19.241602 [debug] [MainThread]: SQL status: BEGIN in 0.012 seconds
[0m00:21:19.242026 [debug] [MainThread]: Using postgres connection "master"
[0m00:21:19.242413 [debug] [MainThread]: On master: /* {"app": "dbt", "dbt_version": "1.9.0b2", "profile_name": "servicenow_analytics", "target_name": "dev", "connection_name": "master"} */
with relation as (
        select
            pg_rewrite.ev_class as class,
            pg_rewrite.oid as id
        from pg_rewrite
    ),
    class as (
        select
            oid as id,
            relname as name,
            relnamespace as schema,
            relkind as kind
        from pg_class
    ),
    dependency as (
        select distinct
            pg_depend.objid as id,
            pg_depend.refobjid as ref
        from pg_depend
    ),
    schema as (
        select
            pg_namespace.oid as id,
            pg_namespace.nspname as name
        from pg_namespace
        where nspname != 'information_schema' and nspname not like 'pg\_%'
    ),
    referenced as (
        select
            relation.id AS id,
            referenced_class.name ,
            referenced_class.schema ,
            referenced_class.kind
        from relation
        join class as referenced_class on relation.class=referenced_class.id
        where referenced_class.kind in ('r', 'v', 'm')
    ),
    relationships as (
        select
            referenced.name as referenced_name,
            referenced.schema as referenced_schema_id,
            dependent_class.name as dependent_name,
            dependent_class.schema as dependent_schema_id,
            referenced.kind as kind
        from referenced
        join dependency on referenced.id=dependency.id
        join class as dependent_class on dependency.ref=dependent_class.id
        where
            (referenced.name != dependent_class.name or
             referenced.schema != dependent_class.schema)
    )

    select
        referenced_schema.name as referenced_schema,
        relationships.referenced_name as referenced_name,
        dependent_schema.name as dependent_schema,
        relationships.dependent_name as dependent_name
    from relationships
    join schema as dependent_schema on relationships.dependent_schema_id=dependent_schema.id
    join schema as referenced_schema on relationships.referenced_schema_id=referenced_schema.id
    group by referenced_schema, referenced_name, dependent_schema, dependent_name
    order by referenced_schema, referenced_name, dependent_schema, dependent_name;
[0m00:21:19.247176 [debug] [MainThread]: SQL status: SELECT 0 in 0.004 seconds
[0m00:21:19.248437 [debug] [MainThread]: Sending event: {'category': 'dbt', 'action': 'runnable_timing', 'label': '3fc8e6f9-d213-4079-8738-98d290a06402', 'context': [<snowplow_tracker.self_describing_json.SelfDescribingJson object at 0x10a8d9f40>]}
[0m00:21:19.248930 [debug] [MainThread]: On master: ROLLBACK
[0m00:21:19.249389 [debug] [MainThread]: Using postgres connection "master"
[0m00:21:19.249701 [debug] [MainThread]: On master: BEGIN
[0m00:21:19.250310 [debug] [MainThread]: SQL status: BEGIN in 0.000 seconds
[0m00:21:19.250691 [debug] [MainThread]: On master: COMMIT
[0m00:21:19.251051 [debug] [MainThread]: Using postgres connection "master"
[0m00:21:19.251362 [debug] [MainThread]: On master: COMMIT
[0m00:21:19.251900 [debug] [MainThread]: SQL status: COMMIT in 0.000 seconds
[0m00:21:19.252373 [debug] [MainThread]: On master: Close
[0m00:21:19.255414 [debug] [Thread-1  ]: Began running node model.servicenow_analytics.servicenow_tickets_avg_resolution_time
[0m00:21:19.256075 [info ] [Thread-1  ]: 1 of 1 START sql table model analytics.servicenow_tickets_avg_resolution_time .. [RUN]
[0m00:21:19.256597 [debug] [Thread-1  ]: Re-using an available connection from the pool (formerly list_db_analytics, now model.servicenow_analytics.servicenow_tickets_avg_resolution_time)
[0m00:21:19.256996 [debug] [Thread-1  ]: Began compiling node model.servicenow_analytics.servicenow_tickets_avg_resolution_time
[0m00:21:19.266606 [debug] [Thread-1  ]: Writing injected SQL for node "model.servicenow_analytics.servicenow_tickets_avg_resolution_time"
[0m00:21:19.267584 [debug] [Thread-1  ]: Began executing node model.servicenow_analytics.servicenow_tickets_avg_resolution_time
[0m00:21:19.310493 [debug] [Thread-1  ]: Writing runtime sql for node "model.servicenow_analytics.servicenow_tickets_avg_resolution_time"
[0m00:21:19.311395 [debug] [Thread-1  ]: Using postgres connection "model.servicenow_analytics.servicenow_tickets_avg_resolution_time"
[0m00:21:19.311778 [debug] [Thread-1  ]: On model.servicenow_analytics.servicenow_tickets_avg_resolution_time: BEGIN
[0m00:21:19.312123 [debug] [Thread-1  ]: Opening a new connection, currently in state closed
[0m00:21:19.324604 [debug] [Thread-1  ]: SQL status: BEGIN in 0.012 seconds
[0m00:21:19.325097 [debug] [Thread-1  ]: Using postgres connection "model.servicenow_analytics.servicenow_tickets_avg_resolution_time"
[0m00:21:19.325520 [debug] [Thread-1  ]: On model.servicenow_analytics.servicenow_tickets_avg_resolution_time: /* {"app": "dbt", "dbt_version": "1.9.0b2", "profile_name": "servicenow_analytics", "target_name": "dev", "node_id": "model.servicenow_analytics.servicenow_tickets_avg_resolution_time"} */

  
    

  create  table "db"."analytics"."servicenow_tickets_avg_resolution_time__dbt_tmp"
  
  
    as
  
  (
    -- models/staging/servicenow_tickets_avg_resolution_time.sql

SELECT
    category,
    priority,
    AVG(EXTRACT(EPOCH FROM (resolved_date - created_date)) / 3600) AS avg_resolution_time_hrs
FROM "db"."analytics"."servicenow_tickets_cleaned"
GROUP BY category, priority
  );
  
[0m00:21:19.339078 [debug] [Thread-1  ]: SQL status: SELECT 20 in 0.013 seconds
[0m00:21:19.346317 [debug] [Thread-1  ]: Using postgres connection "model.servicenow_analytics.servicenow_tickets_avg_resolution_time"
[0m00:21:19.346800 [debug] [Thread-1  ]: On model.servicenow_analytics.servicenow_tickets_avg_resolution_time: /* {"app": "dbt", "dbt_version": "1.9.0b2", "profile_name": "servicenow_analytics", "target_name": "dev", "node_id": "model.servicenow_analytics.servicenow_tickets_avg_resolution_time"} */
alter table "db"."analytics"."servicenow_tickets_avg_resolution_time__dbt_tmp" rename to "servicenow_tickets_avg_resolution_time"
[0m00:21:19.347790 [debug] [Thread-1  ]: SQL status: ALTER TABLE in 0.001 seconds
[0m00:21:19.367576 [debug] [Thread-1  ]: On model.servicenow_analytics.servicenow_tickets_avg_resolution_time: COMMIT
[0m00:21:19.368111 [debug] [Thread-1  ]: Using postgres connection "model.servicenow_analytics.servicenow_tickets_avg_resolution_time"
[0m00:21:19.368592 [debug] [Thread-1  ]: On model.servicenow_analytics.servicenow_tickets_avg_resolution_time: COMMIT
[0m00:21:19.369784 [debug] [Thread-1  ]: SQL status: COMMIT in 0.001 seconds
[0m00:21:19.376738 [debug] [Thread-1  ]: Applying DROP to: "db"."analytics"."servicenow_tickets_avg_resolution_time__dbt_backup"
[0m00:21:19.381188 [debug] [Thread-1  ]: Using postgres connection "model.servicenow_analytics.servicenow_tickets_avg_resolution_time"
[0m00:21:19.381599 [debug] [Thread-1  ]: On model.servicenow_analytics.servicenow_tickets_avg_resolution_time: /* {"app": "dbt", "dbt_version": "1.9.0b2", "profile_name": "servicenow_analytics", "target_name": "dev", "node_id": "model.servicenow_analytics.servicenow_tickets_avg_resolution_time"} */
drop table if exists "db"."analytics"."servicenow_tickets_avg_resolution_time__dbt_backup" cascade
[0m00:21:19.382306 [debug] [Thread-1  ]: SQL status: DROP TABLE in 0.000 seconds
[0m00:21:19.384863 [debug] [Thread-1  ]: On model.servicenow_analytics.servicenow_tickets_avg_resolution_time: Close
[0m00:21:19.387129 [debug] [Thread-1  ]: Sending event: {'category': 'dbt', 'action': 'run_model', 'label': '3fc8e6f9-d213-4079-8738-98d290a06402', 'context': [<snowplow_tracker.self_describing_json.SelfDescribingJson object at 0x10b515790>]}
[0m00:21:19.388037 [info ] [Thread-1  ]: 1 of 1 OK created sql table model analytics.servicenow_tickets_avg_resolution_time  [[32mSELECT 20[0m in 0.13s]
[0m00:21:19.388750 [debug] [Thread-1  ]: Finished running node model.servicenow_analytics.servicenow_tickets_avg_resolution_time
[0m00:21:19.390425 [debug] [MainThread]: Using postgres connection "master"
[0m00:21:19.390808 [debug] [MainThread]: On master: BEGIN
[0m00:21:19.391085 [debug] [MainThread]: Opening a new connection, currently in state closed
[0m00:21:19.403820 [debug] [MainThread]: SQL status: BEGIN in 0.013 seconds
[0m00:21:19.404271 [debug] [MainThread]: On master: COMMIT
[0m00:21:19.404587 [debug] [MainThread]: Using postgres connection "master"
[0m00:21:19.404887 [debug] [MainThread]: On master: COMMIT
[0m00:21:19.405330 [debug] [MainThread]: SQL status: COMMIT in 0.000 seconds
[0m00:21:19.405700 [debug] [MainThread]: On master: Close
[0m00:21:19.406180 [debug] [MainThread]: Connection 'master' was properly closed.
[0m00:21:19.406517 [debug] [MainThread]: Connection 'model.servicenow_analytics.servicenow_tickets_avg_resolution_time' was properly closed.
[0m00:21:19.406888 [info ] [MainThread]: 
[0m00:21:19.407429 [info ] [MainThread]: Finished running 1 table model in 0 hours 0 minutes and 0.33 seconds (0.33s).
[0m00:21:19.408576 [debug] [MainThread]: Command end result
[0m00:21:19.440100 [info ] [MainThread]: 
[0m00:21:19.440864 [info ] [MainThread]: [32mCompleted successfully[0m
[0m00:21:19.441237 [info ] [MainThread]: 
[0m00:21:19.441585 [info ] [MainThread]: Done. PASS=1 WARN=0 ERROR=0 SKIP=0 TOTAL=1
[0m00:21:19.444107 [debug] [MainThread]: Resource report: {"command_name": "run", "command_success": true, "command_wall_clock_time": 1.1680031, "process_user_time": 2.314254, "process_kernel_time": 0.365972, "process_mem_max_rss": "108859392", "process_in_blocks": "0", "process_out_blocks": "0"}
[0m00:21:19.444860 [debug] [MainThread]: Command `dbt run` succeeded at 00:21:19.444732 after 1.17 seconds
[0m00:21:19.445279 [debug] [MainThread]: Sending event: {'category': 'dbt', 'action': 'invocation', 'label': 'end', 'context': [<snowplow_tracker.self_describing_json.SelfDescribingJson object at 0x1097da730>, <snowplow_tracker.self_describing_json.SelfDescribingJson object at 0x10ac9ac10>, <snowplow_tracker.self_describing_json.SelfDescribingJson object at 0x10a767f40>]}
[0m00:21:19.445681 [debug] [MainThread]: Flushing usage events
[0m00:21:20.347744 [debug] [MainThread]: An error was encountered while trying to flush usage events
[0m00:21:34.770972 [debug] [MainThread]: Sending event: {'category': 'dbt', 'action': 'invocation', 'label': 'start', 'context': [<snowplow_tracker.self_describing_json.SelfDescribingJson object at 0x1119a66d0>, <snowplow_tracker.self_describing_json.SelfDescribingJson object at 0x11270e130>, <snowplow_tracker.self_describing_json.SelfDescribingJson object at 0x11273bbb0>]}


============================== 00:21:34.776931 | e4e539a6-7005-4b93-be44-79eda9864890 ==============================
[0m00:21:34.776931 [info ] [MainThread]: Running with dbt=1.9.0-b2
[0m00:21:34.777553 [debug] [MainThread]: running dbt with arguments {'printer_width': '80', 'indirect_selection': 'eager', 'write_json': 'True', 'log_cache_events': 'False', 'partial_parse': 'True', 'cache_selected_only': 'False', 'profiles_dir': '/Users/charanlobo/.dbt', 'version_check': 'True', 'warn_error': 'None', 'log_path': '/Users/charanlobo/dbt_servicenow_project/logs', 'fail_fast': 'False', 'debug': 'False', 'use_colors': 'True', 'use_experimental_parser': 'False', 'no_print': 'None', 'quiet': 'False', 'empty': 'False', 'log_format': 'default', 'invocation_command': 'dbt run --select servicenow_tickets_closure_rate', 'static_parser': 'True', 'warn_error_options': 'WarnErrorOptions(include=[], exclude=[])', 'target_path': 'None', 'introspect': 'True', 'send_anonymous_usage_stats': 'True'}
[0m00:21:35.030127 [debug] [MainThread]: Sending event: {'category': 'dbt', 'action': 'project_id', 'label': 'e4e539a6-7005-4b93-be44-79eda9864890', 'context': [<snowplow_tracker.self_describing_json.SelfDescribingJson object at 0x112937bb0>]}
[0m00:21:35.099438 [debug] [MainThread]: Sending event: {'category': 'dbt', 'action': 'adapter_info', 'label': 'e4e539a6-7005-4b93-be44-79eda9864890', 'context': [<snowplow_tracker.self_describing_json.SelfDescribingJson object at 0x112700040>]}
[0m00:21:35.101327 [info ] [MainThread]: Registered adapter: postgres=1.8.2
[0m00:21:35.123355 [debug] [MainThread]: checksum: 4cfbbe2a671212f062e88a43cba5322b30b7e3e8e91b953aa4de249eeaade60f, vars: {}, profile: , target: , version: 1.9.0b2
[0m00:21:35.313354 [debug] [MainThread]: Partial parsing enabled: 0 files deleted, 0 files added, 0 files changed.
[0m00:21:35.313802 [debug] [MainThread]: Partial parsing enabled, no changes found, skipping parsing
[0m00:21:35.359907 [debug] [MainThread]: Sending event: {'category': 'dbt', 'action': 'load_project', 'label': 'e4e539a6-7005-4b93-be44-79eda9864890', 'context': [<snowplow_tracker.self_describing_json.SelfDescribingJson object at 0x112e3cb20>]}
[0m00:21:35.489611 [debug] [MainThread]: Sending event: {'category': 'dbt', 'action': 'resource_counts', 'label': 'e4e539a6-7005-4b93-be44-79eda9864890', 'context': [<snowplow_tracker.self_describing_json.SelfDescribingJson object at 0x112e60c40>]}
[0m00:21:35.490935 [info ] [MainThread]: Found 6 models, 1 source, 423 macros
[0m00:21:35.491632 [debug] [MainThread]: Sending event: {'category': 'dbt', 'action': 'runnable_timing', 'label': 'e4e539a6-7005-4b93-be44-79eda9864890', 'context': [<snowplow_tracker.self_describing_json.SelfDescribingJson object at 0x112e55a60>]}
[0m00:21:35.493704 [info ] [MainThread]: 
[0m00:21:35.494229 [info ] [MainThread]: Concurrency: 4 threads (target='dev')
[0m00:21:35.494644 [info ] [MainThread]: 
[0m00:21:35.495357 [debug] [MainThread]: Acquiring new postgres connection 'master'
[0m00:21:35.496581 [debug] [ThreadPool]: Acquiring new postgres connection 'list_db'
[0m00:21:35.568728 [debug] [ThreadPool]: Using postgres connection "list_db"
[0m00:21:35.569233 [debug] [ThreadPool]: On list_db: /* {"app": "dbt", "dbt_version": "1.9.0b2", "profile_name": "servicenow_analytics", "target_name": "dev", "connection_name": "list_db"} */

    select distinct nspname from pg_namespace
  
[0m00:21:35.569574 [debug] [ThreadPool]: Opening a new connection, currently in state init
[0m00:21:35.605710 [debug] [ThreadPool]: SQL status: SELECT 6 in 0.036 seconds
[0m00:21:35.607528 [debug] [ThreadPool]: On list_db: Close
[0m00:21:35.612656 [debug] [ThreadPool]: Re-using an available connection from the pool (formerly list_db, now list_db_analytics)
[0m00:21:35.619350 [debug] [ThreadPool]: Using postgres connection "list_db_analytics"
[0m00:21:35.619782 [debug] [ThreadPool]: On list_db_analytics: BEGIN
[0m00:21:35.620068 [debug] [ThreadPool]: Opening a new connection, currently in state closed
[0m00:21:35.632095 [debug] [ThreadPool]: SQL status: BEGIN in 0.012 seconds
[0m00:21:35.632532 [debug] [ThreadPool]: Using postgres connection "list_db_analytics"
[0m00:21:35.632871 [debug] [ThreadPool]: On list_db_analytics: /* {"app": "dbt", "dbt_version": "1.9.0b2", "profile_name": "servicenow_analytics", "target_name": "dev", "connection_name": "list_db_analytics"} */
select
      'db' as database,
      tablename as name,
      schemaname as schema,
      'table' as type
    from pg_tables
    where schemaname ilike 'analytics'
    union all
    select
      'db' as database,
      viewname as name,
      schemaname as schema,
      'view' as type
    from pg_views
    where schemaname ilike 'analytics'
    union all
    select
      'db' as database,
      matviewname as name,
      schemaname as schema,
      'materialized_view' as type
    from pg_matviews
    where schemaname ilike 'analytics'
  
[0m00:21:35.638668 [debug] [ThreadPool]: SQL status: SELECT 4 in 0.005 seconds
[0m00:21:35.640433 [debug] [ThreadPool]: On list_db_analytics: ROLLBACK
[0m00:21:35.641061 [debug] [ThreadPool]: On list_db_analytics: Close
[0m00:21:35.646869 [debug] [MainThread]: Using postgres connection "master"
[0m00:21:35.647274 [debug] [MainThread]: On master: BEGIN
[0m00:21:35.647568 [debug] [MainThread]: Opening a new connection, currently in state init
[0m00:21:35.660052 [debug] [MainThread]: SQL status: BEGIN in 0.012 seconds
[0m00:21:35.660478 [debug] [MainThread]: Using postgres connection "master"
[0m00:21:35.660892 [debug] [MainThread]: On master: /* {"app": "dbt", "dbt_version": "1.9.0b2", "profile_name": "servicenow_analytics", "target_name": "dev", "connection_name": "master"} */
with relation as (
        select
            pg_rewrite.ev_class as class,
            pg_rewrite.oid as id
        from pg_rewrite
    ),
    class as (
        select
            oid as id,
            relname as name,
            relnamespace as schema,
            relkind as kind
        from pg_class
    ),
    dependency as (
        select distinct
            pg_depend.objid as id,
            pg_depend.refobjid as ref
        from pg_depend
    ),
    schema as (
        select
            pg_namespace.oid as id,
            pg_namespace.nspname as name
        from pg_namespace
        where nspname != 'information_schema' and nspname not like 'pg\_%'
    ),
    referenced as (
        select
            relation.id AS id,
            referenced_class.name ,
            referenced_class.schema ,
            referenced_class.kind
        from relation
        join class as referenced_class on relation.class=referenced_class.id
        where referenced_class.kind in ('r', 'v', 'm')
    ),
    relationships as (
        select
            referenced.name as referenced_name,
            referenced.schema as referenced_schema_id,
            dependent_class.name as dependent_name,
            dependent_class.schema as dependent_schema_id,
            referenced.kind as kind
        from referenced
        join dependency on referenced.id=dependency.id
        join class as dependent_class on dependency.ref=dependent_class.id
        where
            (referenced.name != dependent_class.name or
             referenced.schema != dependent_class.schema)
    )

    select
        referenced_schema.name as referenced_schema,
        relationships.referenced_name as referenced_name,
        dependent_schema.name as dependent_schema,
        relationships.dependent_name as dependent_name
    from relationships
    join schema as dependent_schema on relationships.dependent_schema_id=dependent_schema.id
    join schema as referenced_schema on relationships.referenced_schema_id=referenced_schema.id
    group by referenced_schema, referenced_name, dependent_schema, dependent_name
    order by referenced_schema, referenced_name, dependent_schema, dependent_name;
[0m00:21:35.667278 [debug] [MainThread]: SQL status: SELECT 0 in 0.006 seconds
[0m00:21:35.668853 [debug] [MainThread]: Sending event: {'category': 'dbt', 'action': 'runnable_timing', 'label': 'e4e539a6-7005-4b93-be44-79eda9864890', 'context': [<snowplow_tracker.self_describing_json.SelfDescribingJson object at 0x11293ea90>]}
[0m00:21:35.669477 [debug] [MainThread]: On master: ROLLBACK
[0m00:21:35.669999 [debug] [MainThread]: Using postgres connection "master"
[0m00:21:35.670310 [debug] [MainThread]: On master: BEGIN
[0m00:21:35.670853 [debug] [MainThread]: SQL status: BEGIN in 0.000 seconds
[0m00:21:35.671193 [debug] [MainThread]: On master: COMMIT
[0m00:21:35.671498 [debug] [MainThread]: Using postgres connection "master"
[0m00:21:35.671789 [debug] [MainThread]: On master: COMMIT
[0m00:21:35.672182 [debug] [MainThread]: SQL status: COMMIT in 0.000 seconds
[0m00:21:35.672508 [debug] [MainThread]: On master: Close
[0m00:21:35.676071 [debug] [Thread-1  ]: Began running node model.servicenow_analytics.servicenow_tickets_closure_rate
[0m00:21:35.676735 [info ] [Thread-1  ]: 1 of 1 START sql table model analytics.servicenow_tickets_closure_rate ......... [RUN]
[0m00:21:35.677256 [debug] [Thread-1  ]: Re-using an available connection from the pool (formerly list_db_analytics, now model.servicenow_analytics.servicenow_tickets_closure_rate)
[0m00:21:35.677648 [debug] [Thread-1  ]: Began compiling node model.servicenow_analytics.servicenow_tickets_closure_rate
[0m00:21:35.686974 [debug] [Thread-1  ]: Writing injected SQL for node "model.servicenow_analytics.servicenow_tickets_closure_rate"
[0m00:21:35.689030 [debug] [Thread-1  ]: Began executing node model.servicenow_analytics.servicenow_tickets_closure_rate
[0m00:21:35.732662 [debug] [Thread-1  ]: Writing runtime sql for node "model.servicenow_analytics.servicenow_tickets_closure_rate"
[0m00:21:35.733614 [debug] [Thread-1  ]: Using postgres connection "model.servicenow_analytics.servicenow_tickets_closure_rate"
[0m00:21:35.734009 [debug] [Thread-1  ]: On model.servicenow_analytics.servicenow_tickets_closure_rate: BEGIN
[0m00:21:35.734360 [debug] [Thread-1  ]: Opening a new connection, currently in state closed
[0m00:21:35.746590 [debug] [Thread-1  ]: SQL status: BEGIN in 0.012 seconds
[0m00:21:35.747060 [debug] [Thread-1  ]: Using postgres connection "model.servicenow_analytics.servicenow_tickets_closure_rate"
[0m00:21:35.747442 [debug] [Thread-1  ]: On model.servicenow_analytics.servicenow_tickets_closure_rate: /* {"app": "dbt", "dbt_version": "1.9.0b2", "profile_name": "servicenow_analytics", "target_name": "dev", "node_id": "model.servicenow_analytics.servicenow_tickets_closure_rate"} */

  
    

  create  table "db"."analytics"."servicenow_tickets_closure_rate__dbt_tmp"
  
  
    as
  
  (
    -- models/staging/servicenow_tickets_closure_rate.sql

SELECT
    assigned_group,
    COUNT(*) AS total_tickets,
    SUM(CASE WHEN status = 'Closed' THEN 1 ELSE 0 END) AS closed_tickets,
    ROUND(
        SUM(CASE WHEN status = 'Closed' THEN 1 ELSE 0 END)::DECIMAL
        / NULLIF(COUNT(*), 0), 2
    ) AS closure_rate
FROM "db"."analytics"."servicenow_tickets_cleaned"
GROUP BY assigned_group
  );
  
[0m00:21:35.759404 [debug] [Thread-1  ]: SQL status: SELECT 181 in 0.011 seconds
[0m00:21:35.766507 [debug] [Thread-1  ]: Using postgres connection "model.servicenow_analytics.servicenow_tickets_closure_rate"
[0m00:21:35.767028 [debug] [Thread-1  ]: On model.servicenow_analytics.servicenow_tickets_closure_rate: /* {"app": "dbt", "dbt_version": "1.9.0b2", "profile_name": "servicenow_analytics", "target_name": "dev", "node_id": "model.servicenow_analytics.servicenow_tickets_closure_rate"} */
alter table "db"."analytics"."servicenow_tickets_closure_rate__dbt_tmp" rename to "servicenow_tickets_closure_rate"
[0m00:21:35.767957 [debug] [Thread-1  ]: SQL status: ALTER TABLE in 0.000 seconds
[0m00:21:35.788167 [debug] [Thread-1  ]: On model.servicenow_analytics.servicenow_tickets_closure_rate: COMMIT
[0m00:21:35.788655 [debug] [Thread-1  ]: Using postgres connection "model.servicenow_analytics.servicenow_tickets_closure_rate"
[0m00:21:35.789018 [debug] [Thread-1  ]: On model.servicenow_analytics.servicenow_tickets_closure_rate: COMMIT
[0m00:21:35.790175 [debug] [Thread-1  ]: SQL status: COMMIT in 0.001 seconds
[0m00:21:35.799040 [debug] [Thread-1  ]: Applying DROP to: "db"."analytics"."servicenow_tickets_closure_rate__dbt_backup"
[0m00:21:35.808781 [debug] [Thread-1  ]: Using postgres connection "model.servicenow_analytics.servicenow_tickets_closure_rate"
[0m00:21:35.809548 [debug] [Thread-1  ]: On model.servicenow_analytics.servicenow_tickets_closure_rate: /* {"app": "dbt", "dbt_version": "1.9.0b2", "profile_name": "servicenow_analytics", "target_name": "dev", "node_id": "model.servicenow_analytics.servicenow_tickets_closure_rate"} */
drop table if exists "db"."analytics"."servicenow_tickets_closure_rate__dbt_backup" cascade
[0m00:21:35.810804 [debug] [Thread-1  ]: SQL status: DROP TABLE in 0.000 seconds
[0m00:21:35.814104 [debug] [Thread-1  ]: On model.servicenow_analytics.servicenow_tickets_closure_rate: Close
[0m00:21:35.817333 [debug] [Thread-1  ]: Sending event: {'category': 'dbt', 'action': 'run_model', 'label': 'e4e539a6-7005-4b93-be44-79eda9864890', 'context': [<snowplow_tracker.self_describing_json.SelfDescribingJson object at 0x11371e940>]}
[0m00:21:35.820793 [info ] [Thread-1  ]: 1 of 1 OK created sql table model analytics.servicenow_tickets_closure_rate .... [[32mSELECT 181[0m in 0.14s]
[0m00:21:35.821788 [debug] [Thread-1  ]: Finished running node model.servicenow_analytics.servicenow_tickets_closure_rate
[0m00:21:35.824012 [debug] [MainThread]: Using postgres connection "master"
[0m00:21:35.824512 [debug] [MainThread]: On master: BEGIN
[0m00:21:35.824899 [debug] [MainThread]: Opening a new connection, currently in state closed
[0m00:21:35.844303 [debug] [MainThread]: SQL status: BEGIN in 0.019 seconds
[0m00:21:35.845087 [debug] [MainThread]: On master: COMMIT
[0m00:21:35.846220 [debug] [MainThread]: Using postgres connection "master"
[0m00:21:35.847111 [debug] [MainThread]: On master: COMMIT
[0m00:21:35.847947 [debug] [MainThread]: SQL status: COMMIT in 0.000 seconds
[0m00:21:35.848354 [debug] [MainThread]: On master: Close
[0m00:21:35.848829 [debug] [MainThread]: Connection 'master' was properly closed.
[0m00:21:35.849161 [debug] [MainThread]: Connection 'model.servicenow_analytics.servicenow_tickets_closure_rate' was properly closed.
[0m00:21:35.849511 [info ] [MainThread]: 
[0m00:21:35.849893 [info ] [MainThread]: Finished running 1 table model in 0 hours 0 minutes and 0.35 seconds (0.35s).
[0m00:21:35.851151 [debug] [MainThread]: Command end result
[0m00:21:35.888850 [info ] [MainThread]: 
[0m00:21:35.889675 [info ] [MainThread]: [32mCompleted successfully[0m
[0m00:21:35.890116 [info ] [MainThread]: 
[0m00:21:35.890701 [info ] [MainThread]: Done. PASS=1 WARN=0 ERROR=0 SKIP=0 TOTAL=1
[0m00:21:35.894333 [debug] [MainThread]: Resource report: {"command_name": "run", "command_success": true, "command_wall_clock_time": 1.2186999, "process_user_time": 2.394584, "process_kernel_time": 0.422081, "process_mem_max_rss": "109105152", "process_in_blocks": "0", "process_out_blocks": "0"}
[0m00:21:35.895048 [debug] [MainThread]: Command `dbt run` succeeded at 00:21:35.894913 after 1.22 seconds
[0m00:21:35.895496 [debug] [MainThread]: Sending event: {'category': 'dbt', 'action': 'invocation', 'label': 'end', 'context': [<snowplow_tracker.self_describing_json.SelfDescribingJson object at 0x1119a66d0>, <snowplow_tracker.self_describing_json.SelfDescribingJson object at 0x112700040>, <snowplow_tracker.self_describing_json.SelfDescribingJson object at 0x112937bb0>]}
[0m00:21:35.895915 [debug] [MainThread]: Flushing usage events
[0m00:21:36.808446 [debug] [MainThread]: An error was encountered while trying to flush usage events
[0m00:21:51.767965 [debug] [MainThread]: Sending event: {'category': 'dbt', 'action': 'invocation', 'label': 'start', 'context': [<snowplow_tracker.self_describing_json.SelfDescribingJson object at 0x11151a6d0>, <snowplow_tracker.self_describing_json.SelfDescribingJson object at 0x11227b100>, <snowplow_tracker.self_describing_json.SelfDescribingJson object at 0x1122afbb0>]}


============================== 00:21:51.776830 | 209112ce-4c38-433f-9c02-00d591b986a5 ==============================
[0m00:21:51.776830 [info ] [MainThread]: Running with dbt=1.9.0-b2
[0m00:21:51.778025 [debug] [MainThread]: running dbt with arguments {'printer_width': '80', 'indirect_selection': 'eager', 'log_cache_events': 'False', 'write_json': 'True', 'partial_parse': 'True', 'cache_selected_only': 'False', 'warn_error': 'None', 'debug': 'False', 'version_check': 'True', 'log_path': '/Users/charanlobo/dbt_servicenow_project/logs', 'fail_fast': 'False', 'profiles_dir': '/Users/charanlobo/.dbt', 'use_colors': 'True', 'use_experimental_parser': 'False', 'no_print': 'None', 'quiet': 'False', 'empty': 'False', 'warn_error_options': 'WarnErrorOptions(include=[], exclude=[])', 'introspect': 'True', 'static_parser': 'True', 'invocation_command': 'dbt run --select servicenow_monthly_ticket_summary', 'target_path': 'None', 'log_format': 'default', 'send_anonymous_usage_stats': 'True'}
[0m00:21:52.039554 [debug] [MainThread]: Sending event: {'category': 'dbt', 'action': 'project_id', 'label': '209112ce-4c38-433f-9c02-00d591b986a5', 'context': [<snowplow_tracker.self_describing_json.SelfDescribingJson object at 0x1124a5bb0>]}
[0m00:21:52.115076 [debug] [MainThread]: Sending event: {'category': 'dbt', 'action': 'adapter_info', 'label': '209112ce-4c38-433f-9c02-00d591b986a5', 'context': [<snowplow_tracker.self_describing_json.SelfDescribingJson object at 0x11226e040>]}
[0m00:21:52.116528 [info ] [MainThread]: Registered adapter: postgres=1.8.2
[0m00:21:52.138537 [debug] [MainThread]: checksum: 4cfbbe2a671212f062e88a43cba5322b30b7e3e8e91b953aa4de249eeaade60f, vars: {}, profile: , target: , version: 1.9.0b2
[0m00:21:52.335706 [debug] [MainThread]: Partial parsing enabled: 0 files deleted, 0 files added, 0 files changed.
[0m00:21:52.336498 [debug] [MainThread]: Partial parsing enabled, no changes found, skipping parsing
[0m00:21:52.383450 [debug] [MainThread]: Sending event: {'category': 'dbt', 'action': 'load_project', 'label': '209112ce-4c38-433f-9c02-00d591b986a5', 'context': [<snowplow_tracker.self_describing_json.SelfDescribingJson object at 0x112970b20>]}
[0m00:21:52.509449 [debug] [MainThread]: Sending event: {'category': 'dbt', 'action': 'resource_counts', 'label': '209112ce-4c38-433f-9c02-00d591b986a5', 'context': [<snowplow_tracker.self_describing_json.SelfDescribingJson object at 0x1129d9c40>]}
[0m00:21:52.510223 [info ] [MainThread]: Found 6 models, 1 source, 423 macros
[0m00:21:52.510644 [debug] [MainThread]: Sending event: {'category': 'dbt', 'action': 'runnable_timing', 'label': '209112ce-4c38-433f-9c02-00d591b986a5', 'context': [<snowplow_tracker.self_describing_json.SelfDescribingJson object at 0x112987a90>]}
[0m00:21:52.512026 [info ] [MainThread]: 
[0m00:21:52.512423 [info ] [MainThread]: Concurrency: 4 threads (target='dev')
[0m00:21:52.512734 [info ] [MainThread]: 
[0m00:21:52.513280 [debug] [MainThread]: Acquiring new postgres connection 'master'
[0m00:21:52.514209 [debug] [ThreadPool]: Acquiring new postgres connection 'list_db'
[0m00:21:52.576832 [debug] [ThreadPool]: Using postgres connection "list_db"
[0m00:21:52.577355 [debug] [ThreadPool]: On list_db: /* {"app": "dbt", "dbt_version": "1.9.0b2", "profile_name": "servicenow_analytics", "target_name": "dev", "connection_name": "list_db"} */

    select distinct nspname from pg_namespace
  
[0m00:21:52.577719 [debug] [ThreadPool]: Opening a new connection, currently in state init
[0m00:21:52.612990 [debug] [ThreadPool]: SQL status: SELECT 6 in 0.035 seconds
[0m00:21:52.614504 [debug] [ThreadPool]: On list_db: Close
[0m00:21:52.620149 [debug] [ThreadPool]: Re-using an available connection from the pool (formerly list_db, now list_db_analytics)
[0m00:21:52.627009 [debug] [ThreadPool]: Using postgres connection "list_db_analytics"
[0m00:21:52.627418 [debug] [ThreadPool]: On list_db_analytics: BEGIN
[0m00:21:52.627708 [debug] [ThreadPool]: Opening a new connection, currently in state closed
[0m00:21:52.639978 [debug] [ThreadPool]: SQL status: BEGIN in 0.012 seconds
[0m00:21:52.640402 [debug] [ThreadPool]: Using postgres connection "list_db_analytics"
[0m00:21:52.640727 [debug] [ThreadPool]: On list_db_analytics: /* {"app": "dbt", "dbt_version": "1.9.0b2", "profile_name": "servicenow_analytics", "target_name": "dev", "connection_name": "list_db_analytics"} */
select
      'db' as database,
      tablename as name,
      schemaname as schema,
      'table' as type
    from pg_tables
    where schemaname ilike 'analytics'
    union all
    select
      'db' as database,
      viewname as name,
      schemaname as schema,
      'view' as type
    from pg_views
    where schemaname ilike 'analytics'
    union all
    select
      'db' as database,
      matviewname as name,
      schemaname as schema,
      'materialized_view' as type
    from pg_matviews
    where schemaname ilike 'analytics'
  
[0m00:21:52.645157 [debug] [ThreadPool]: SQL status: SELECT 5 in 0.004 seconds
[0m00:21:52.646520 [debug] [ThreadPool]: On list_db_analytics: ROLLBACK
[0m00:21:52.646968 [debug] [ThreadPool]: On list_db_analytics: Close
[0m00:21:52.653046 [debug] [MainThread]: Using postgres connection "master"
[0m00:21:52.653494 [debug] [MainThread]: On master: BEGIN
[0m00:21:52.653785 [debug] [MainThread]: Opening a new connection, currently in state init
[0m00:21:52.666016 [debug] [MainThread]: SQL status: BEGIN in 0.012 seconds
[0m00:21:52.666456 [debug] [MainThread]: Using postgres connection "master"
[0m00:21:52.666928 [debug] [MainThread]: On master: /* {"app": "dbt", "dbt_version": "1.9.0b2", "profile_name": "servicenow_analytics", "target_name": "dev", "connection_name": "master"} */
with relation as (
        select
            pg_rewrite.ev_class as class,
            pg_rewrite.oid as id
        from pg_rewrite
    ),
    class as (
        select
            oid as id,
            relname as name,
            relnamespace as schema,
            relkind as kind
        from pg_class
    ),
    dependency as (
        select distinct
            pg_depend.objid as id,
            pg_depend.refobjid as ref
        from pg_depend
    ),
    schema as (
        select
            pg_namespace.oid as id,
            pg_namespace.nspname as name
        from pg_namespace
        where nspname != 'information_schema' and nspname not like 'pg\_%'
    ),
    referenced as (
        select
            relation.id AS id,
            referenced_class.name ,
            referenced_class.schema ,
            referenced_class.kind
        from relation
        join class as referenced_class on relation.class=referenced_class.id
        where referenced_class.kind in ('r', 'v', 'm')
    ),
    relationships as (
        select
            referenced.name as referenced_name,
            referenced.schema as referenced_schema_id,
            dependent_class.name as dependent_name,
            dependent_class.schema as dependent_schema_id,
            referenced.kind as kind
        from referenced
        join dependency on referenced.id=dependency.id
        join class as dependent_class on dependency.ref=dependent_class.id
        where
            (referenced.name != dependent_class.name or
             referenced.schema != dependent_class.schema)
    )

    select
        referenced_schema.name as referenced_schema,
        relationships.referenced_name as referenced_name,
        dependent_schema.name as dependent_schema,
        relationships.dependent_name as dependent_name
    from relationships
    join schema as dependent_schema on relationships.dependent_schema_id=dependent_schema.id
    join schema as referenced_schema on relationships.referenced_schema_id=referenced_schema.id
    group by referenced_schema, referenced_name, dependent_schema, dependent_name
    order by referenced_schema, referenced_name, dependent_schema, dependent_name;
[0m00:21:52.672347 [debug] [MainThread]: SQL status: SELECT 0 in 0.005 seconds
[0m00:21:52.673594 [debug] [MainThread]: Sending event: {'category': 'dbt', 'action': 'runnable_timing', 'label': '209112ce-4c38-433f-9c02-00d591b986a5', 'context': [<snowplow_tracker.self_describing_json.SelfDescribingJson object at 0x1129d9fa0>]}
[0m00:21:52.674312 [debug] [MainThread]: On master: ROLLBACK
[0m00:21:52.674888 [debug] [MainThread]: Using postgres connection "master"
[0m00:21:52.675222 [debug] [MainThread]: On master: BEGIN
[0m00:21:52.675758 [debug] [MainThread]: SQL status: BEGIN in 0.000 seconds
[0m00:21:52.676109 [debug] [MainThread]: On master: COMMIT
[0m00:21:52.676424 [debug] [MainThread]: Using postgres connection "master"
[0m00:21:52.676727 [debug] [MainThread]: On master: COMMIT
[0m00:21:52.677146 [debug] [MainThread]: SQL status: COMMIT in 0.000 seconds
[0m00:21:52.677492 [debug] [MainThread]: On master: Close
[0m00:21:52.680499 [debug] [Thread-1  ]: Began running node model.servicenow_analytics.servicenow_monthly_ticket_summary
[0m00:21:52.681146 [info ] [Thread-1  ]: 1 of 1 START sql table model analytics.servicenow_monthly_ticket_summary ....... [RUN]
[0m00:21:52.681680 [debug] [Thread-1  ]: Re-using an available connection from the pool (formerly list_db_analytics, now model.servicenow_analytics.servicenow_monthly_ticket_summary)
[0m00:21:52.682075 [debug] [Thread-1  ]: Began compiling node model.servicenow_analytics.servicenow_monthly_ticket_summary
[0m00:21:52.691510 [debug] [Thread-1  ]: Writing injected SQL for node "model.servicenow_analytics.servicenow_monthly_ticket_summary"
[0m00:21:52.693092 [debug] [Thread-1  ]: Began executing node model.servicenow_analytics.servicenow_monthly_ticket_summary
[0m00:21:52.737784 [debug] [Thread-1  ]: Writing runtime sql for node "model.servicenow_analytics.servicenow_monthly_ticket_summary"
[0m00:21:52.738707 [debug] [Thread-1  ]: Using postgres connection "model.servicenow_analytics.servicenow_monthly_ticket_summary"
[0m00:21:52.739092 [debug] [Thread-1  ]: On model.servicenow_analytics.servicenow_monthly_ticket_summary: BEGIN
[0m00:21:52.739436 [debug] [Thread-1  ]: Opening a new connection, currently in state closed
[0m00:21:52.751850 [debug] [Thread-1  ]: SQL status: BEGIN in 0.012 seconds
[0m00:21:52.752470 [debug] [Thread-1  ]: Using postgres connection "model.servicenow_analytics.servicenow_monthly_ticket_summary"
[0m00:21:52.752969 [debug] [Thread-1  ]: On model.servicenow_analytics.servicenow_monthly_ticket_summary: /* {"app": "dbt", "dbt_version": "1.9.0b2", "profile_name": "servicenow_analytics", "target_name": "dev", "node_id": "model.servicenow_analytics.servicenow_monthly_ticket_summary"} */

  
    

  create  table "db"."analytics"."servicenow_monthly_ticket_summary__dbt_tmp"
  
  
    as
  
  (
    -- models/staging/servicenow_monthly_ticket_summary.sql

SELECT
    DATE_TRUNC('month', created_date) AS month,
    category,
    priority,
    COUNT(*) AS total_tickets,
    ROUND(AVG(EXTRACT(EPOCH FROM (resolved_date - created_date)) / 3600), 2) AS avg_resolution_time_hrs,
    ROUND(
        SUM(CASE WHEN status = 'Closed' THEN 1 ELSE 0 END)::DECIMAL
        / NULLIF(COUNT(*), 0), 2
    ) AS closure_rate
FROM "db"."analytics"."servicenow_tickets_cleaned"
GROUP BY 1, 2, 3
ORDER BY 1
  );
  
[0m00:21:52.764290 [debug] [Thread-1  ]: SQL status: SELECT 20 in 0.011 seconds
[0m00:21:52.771838 [debug] [Thread-1  ]: Using postgres connection "model.servicenow_analytics.servicenow_monthly_ticket_summary"
[0m00:21:52.772349 [debug] [Thread-1  ]: On model.servicenow_analytics.servicenow_monthly_ticket_summary: /* {"app": "dbt", "dbt_version": "1.9.0b2", "profile_name": "servicenow_analytics", "target_name": "dev", "node_id": "model.servicenow_analytics.servicenow_monthly_ticket_summary"} */
alter table "db"."analytics"."servicenow_monthly_ticket_summary__dbt_tmp" rename to "servicenow_monthly_ticket_summary"
[0m00:21:52.773409 [debug] [Thread-1  ]: SQL status: ALTER TABLE in 0.001 seconds
[0m00:21:52.793076 [debug] [Thread-1  ]: On model.servicenow_analytics.servicenow_monthly_ticket_summary: COMMIT
[0m00:21:52.793579 [debug] [Thread-1  ]: Using postgres connection "model.servicenow_analytics.servicenow_monthly_ticket_summary"
[0m00:21:52.793939 [debug] [Thread-1  ]: On model.servicenow_analytics.servicenow_monthly_ticket_summary: COMMIT
[0m00:21:52.794977 [debug] [Thread-1  ]: SQL status: COMMIT in 0.001 seconds
[0m00:21:52.801674 [debug] [Thread-1  ]: Applying DROP to: "db"."analytics"."servicenow_monthly_ticket_summary__dbt_backup"
[0m00:21:52.806318 [debug] [Thread-1  ]: Using postgres connection "model.servicenow_analytics.servicenow_monthly_ticket_summary"
[0m00:21:52.806855 [debug] [Thread-1  ]: On model.servicenow_analytics.servicenow_monthly_ticket_summary: /* {"app": "dbt", "dbt_version": "1.9.0b2", "profile_name": "servicenow_analytics", "target_name": "dev", "node_id": "model.servicenow_analytics.servicenow_monthly_ticket_summary"} */
drop table if exists "db"."analytics"."servicenow_monthly_ticket_summary__dbt_backup" cascade
[0m00:21:52.807887 [debug] [Thread-1  ]: SQL status: DROP TABLE in 0.000 seconds
[0m00:21:52.810484 [debug] [Thread-1  ]: On model.servicenow_analytics.servicenow_monthly_ticket_summary: Close
[0m00:21:52.812054 [debug] [Thread-1  ]: Sending event: {'category': 'dbt', 'action': 'run_model', 'label': '209112ce-4c38-433f-9c02-00d591b986a5', 'context': [<snowplow_tracker.self_describing_json.SelfDescribingJson object at 0x11328eaf0>]}
[0m00:21:52.812811 [info ] [Thread-1  ]: 1 of 1 OK created sql table model analytics.servicenow_monthly_ticket_summary .. [[32mSELECT 20[0m in 0.13s]
[0m00:21:52.813452 [debug] [Thread-1  ]: Finished running node model.servicenow_analytics.servicenow_monthly_ticket_summary
[0m00:21:52.814793 [debug] [MainThread]: Using postgres connection "master"
[0m00:21:52.815134 [debug] [MainThread]: On master: BEGIN
[0m00:21:52.815415 [debug] [MainThread]: Opening a new connection, currently in state closed
[0m00:21:52.829029 [debug] [MainThread]: SQL status: BEGIN in 0.014 seconds
[0m00:21:52.829486 [debug] [MainThread]: On master: COMMIT
[0m00:21:52.829797 [debug] [MainThread]: Using postgres connection "master"
[0m00:21:52.830090 [debug] [MainThread]: On master: COMMIT
[0m00:21:52.830619 [debug] [MainThread]: SQL status: COMMIT in 0.000 seconds
[0m00:21:52.831023 [debug] [MainThread]: On master: Close
[0m00:21:52.831537 [debug] [MainThread]: Connection 'master' was properly closed.
[0m00:21:52.831922 [debug] [MainThread]: Connection 'model.servicenow_analytics.servicenow_monthly_ticket_summary' was properly closed.
[0m00:21:52.832285 [info ] [MainThread]: 
[0m00:21:52.832664 [info ] [MainThread]: Finished running 1 table model in 0 hours 0 minutes and 0.32 seconds (0.32s).
[0m00:21:52.833595 [debug] [MainThread]: Command end result
[0m00:21:52.870680 [info ] [MainThread]: 
[0m00:21:52.871291 [info ] [MainThread]: [32mCompleted successfully[0m
[0m00:21:52.871648 [info ] [MainThread]: 
[0m00:21:52.872173 [info ] [MainThread]: Done. PASS=1 WARN=0 ERROR=0 SKIP=0 TOTAL=1
[0m00:21:52.874690 [debug] [MainThread]: Resource report: {"command_name": "run", "command_success": true, "command_wall_clock_time": 1.2074438, "process_user_time": 2.442458, "process_kernel_time": 0.421882, "process_mem_max_rss": "109031424", "process_in_blocks": "0", "process_out_blocks": "0"}
[0m00:21:52.875421 [debug] [MainThread]: Command `dbt run` succeeded at 00:21:52.875290 after 1.21 seconds
[0m00:21:52.875928 [debug] [MainThread]: Sending event: {'category': 'dbt', 'action': 'invocation', 'label': 'end', 'context': [<snowplow_tracker.self_describing_json.SelfDescribingJson object at 0x11151a6d0>, <snowplow_tracker.self_describing_json.SelfDescribingJson object at 0x1109a78b0>, <snowplow_tracker.self_describing_json.SelfDescribingJson object at 0x11226e040>]}
[0m00:21:52.876376 [debug] [MainThread]: Flushing usage events
[0m00:21:54.136104 [debug] [MainThread]: An error was encountered while trying to flush usage events
